id,name,category,duration_hours,cost,open_start,open_end,lat,lon,popularity,tags,source,needs_review
rest_1392987-06-251,"1)  Ninniku Ramen Izakaya ,     2)   Ninniku",restaurant,1.5,11.995419928994904,11.0,22.0,37.785699,-122.432958,4.2,"food,restaurant",base_pois,False
muni_5829,100 O'Shaughnessy Blvd NE-MB/SB,transport,0.1,0.0,0.0,24.0,37.744481,-122.450678,3.5,"muni,transit,stop",base_pois,False
landmark_047,1015 Folsom,nightlife,3.1719227481921095,30.0,20.0,2.0,37.7749,-122.4094,4.461578723909495,"club,electronic,nightlife,dancing,venue",sf_landmarks_curated,False
biz_1270527-02-211,103 Horne Ave San Francisco,restaurant,1.3512229274612984,43.19259385559987,8.0,22.0,37.726596,-122.3656245,3.6787429258300306,"restaurant,food services,bayview hunters point",registered_businesses,False
park_156,10th Ave & Clement Mini Park,park,1.5,0.0,6.0,22.0,37.78184902,-122.46811226,4.0,"park,Mini Park",base_pois,False
muni_3232,10Th Ave&Pacheco St Sw-Fs/Ps,transport,0.2822433092282395,0.0,5.0,24.0,37.750699,-122.466547,3.4557466034808906,"transport,muni,transit",muni_stops,True
muni_3234,10Th Ave&Quintara St Nw-Ns/Ps,transport,0.3356223227639056,0.0,5.0,24.0,37.749164,-122.466432,3.5815747358578904,"transport,muni,transit",muni_stops,True
muni_4828,1100 Lake Merced Blvd Se-Ns/Sb,transport,0.2667545893532999,0.0,5.0,24.0,37.70913,-122.48498,3.6513813013060776,"transport,muni,transit",muni_stops,True
muni_6651,115 Telegraph Hill Blvd W-NS/AB,transport,0.1,0.0,0.0,24.0,37.801766,-122.405677,3.5,"muni,transit,stop",base_pois,False
muni_3245,11th St&Market St S-FS/BZ,transport,0.1,0.0,0.0,24.0,37.775368,-122.418575,3.5,"muni,transit,stop",base_pois,False
muni_3249,14th Ave&Taraval St NW-NS,transport,0.1,0.0,0.0,24.0,37.7434,-122.4703,3.5,"muni,transit,stop",base_pois,False
muni_3250,14th Ave&Taraval St SE-NS,transport,0.1,0.0,0.0,24.0,37.74317,-122.47017,3.5,"muni,transit,stop",base_pois,False
muni_3256,14th St&Castro St NW-FS/SB,transport,0.1,0.0,0.0,24.0,37.76738,-122.43584,3.5,"muni,transit,stop",base_pois,False
muni_3254,14th St&Church St NW-FS/BZ,transport,0.1,0.0,0.0,24.0,37.767768,-122.429088,3.5,"muni,transit,stop",base_pois,False
rest_0332885-03-001,15 Romolo,restaurant,1.5,10.900478607756417,11.0,22.0,37.798114233,-122.406320531,4.2,"food,restaurant",base_pois,False
biz_1242731-01-201,1501 Cortland St.,restaurant,1.9424042508085226,16.01372762811348,8.0,22.0,37.739745538,-122.409392107,4.221966909270182,"restaurant,food services,bernal heights",registered_businesses,False
muni_3266,15th Ave&Taraval St SE-NS/PS,transport,0.1,0.0,0.0,24.0,37.743124,-122.471297,3.5,"muni,transit,stop",base_pois,False
park_185,15th Avenue Steps,park,1.5,0.0,6.0,22.0,37.75956994,-122.47228105,4.0,"park,Mini Park",base_pois,False
muni_4795,1650 Geneva Ave N-FS/BZ,transport,0.1,0.0,0.0,24.0,37.71187,-122.42819,3.5,"muni,transit,stop",base_pois,False
muni_3188,1697 7th Ave SW-FS/SB,transport,0.1,0.0,0.0,24.0,37.756597,-122.463741,3.5,"muni,transit,stop",base_pois,False
muni_7231,16Th Ave & Lawton St. Sw-Fs/Sb,transport,0.3779969118928702,0.0,5.0,24.0,37.758023,-122.473791,3.0,"transport,muni,transit",muni_stops,True
muni_3279,16th Ave&Ortega St SE-NS/PS,transport,0.1,0.0,0.0,24.0,37.7524,-122.47309,3.5,"muni,transit,stop",base_pois,False
muni_7763,16th St& Missouri St SE-FS/BZ,transport,0.1,0.0,0.0,24.0,37.766384,-122.397023,3.5,"muni,transit,stop",base_pois,False
muni_7761,16Th St& Rhode Island St Sw-Ns/Si,transport,0.21065634213140572,0.0,5.0,24.0,37.765994,-122.402856,3.4330513565812044,"transport,muni,transit",muni_stops,True
muni_3282,16Th St&Bryant St Se-Fs/Bz,transport,0.17684146242163254,0.0,5.0,24.0,37.765595,-122.410408,3.748738899391666,"transport,muni,transit",muni_stops,True
muni_3283,16th St&Church St NE-NS/BZ,transport,0.1,0.0,0.0,24.0,37.764579,-122.428523,3.5,"muni,transit,stop",base_pois,False
muni_3285,16th St&Dolores St SE-FS/BZ,transport,0.1,0.0,0.0,24.0,37.764609,-122.426292,3.5,"muni,transit,stop",base_pois,False
muni_7289,16th St&Folsom St NW-FS/BZ,transport,0.1,0.0,0.0,24.0,37.7654,-122.415428,3.5,"muni,transit,stop",base_pois,False
muni_3291,16th St&Mission St NE-NS/BZ,transport,0.1,0.0,0.0,24.0,37.765152,-122.419611,3.5,"muni,transit,stop",base_pois,False
muni_3295,16th St&Potrero Ave NW-FS/BZ,transport,0.1,0.0,0.0,24.0,37.7658,-122.407624,3.5,"muni,transit,stop",base_pois,False
muni_3299,16th St&Shotwell St SE-FS/BZ,transport,0.1,0.0,0.0,24.0,37.765218,-122.416048,3.5,"muni,transit,stop",base_pois,False
muni_3799,175 Buckingham Way NW-FS/BZ,transport,0.1,0.0,0.0,24.0,37.725936,-122.478889,3.5,"muni,transit,stop",base_pois,False
muni_3306,17th Ave&Santiago St NW-NS,transport,0.1,0.0,0.0,24.0,37.74511,-122.47374,3.5,"muni,transit,stop",base_pois,False
muni_3309,17th St&Clayton St NE-NS/PS,transport,0.1,0.0,0.0,24.0,37.761854,-122.446702,3.5,"muni,transit,stop",base_pois,False
muni_3322,18th St&Church St NE-NS/BZ,transport,0.1,0.0,0.0,24.0,37.76137,-122.428195,3.5,"muni,transit,stop",base_pois,False
muni_3328,18th St&Danvers St SW-NS/BZ,transport,0.1,0.0,0.0,24.0,37.76024,-122.44349,3.5,"muni,transit,stop",base_pois,False
muni_3329,18th St&Diamond St SW-NS/BZ,transport,0.1,0.0,0.0,24.0,37.760702,-122.437294,3.5,"muni,transit,stop",base_pois,False
muni_3333,18th St&Guerrero St NW-FS/BZ,transport,0.1,0.0,0.0,24.0,37.761619,-122.423955,3.5,"muni,transit,stop",base_pois,False
muni_3344,18th St&Sanchez St NE-NS/BZ,transport,0.1,0.0,0.0,24.0,37.761228,-122.430464,3.5,"muni,transit,stop",base_pois,False
muni_3349,18Th St&Valencia St Se-Fs/Bz,transport,0.24300093917991472,0.0,5.0,24.0,37.761663,-122.421423,3.9592237924572533,"transport,muni,transit",muni_stops,True
biz_1142586-04-171,18Th Street Commissary Inc,restaurant,1.4636257549000118,45.19659691516635,8.0,22.0,37.762038,-122.417874,3.785100790418399,"restaurant,food services,mission",registered_businesses,False
rest_0428676-01-001,18th Street Commissary Inc,restaurant,1.5,19.615496295410324,11.0,22.0,37.783199983,-122.395418777,4.2,"food,restaurant",base_pois,False
muni_7065,19th Ave&Holloway Ave NE-FS/SI,transport,0.1,0.0,0.0,24.0,37.721342,-122.475176,3.5,"muni,transit,stop",base_pois,False
muni_3365,19th Ave&Judah St SW-FS/BB,transport,0.1,0.0,0.0,24.0,37.7614,-122.47711,3.5,"muni,transit,stop",base_pois,False
muni_3363,19th Ave&Junipero Serra Blvd W-NS,transport,0.1,0.0,0.0,24.0,37.717323,-122.47297,3.5,"muni,transit,stop",base_pois,False
muni_3374,19th Ave&Noriega St NE-FS/BB,transport,0.1,0.0,0.0,24.0,37.75432,-122.476368,3.5,"muni,transit,stop",base_pois,False
muni_3379,19Th Ave&Ortega St Ne-Fs/Bb,transport,0.1830963228135876,0.0,5.0,24.0,37.75272,-122.47619,3.6605382380748157,"transport,muni,transit",muni_stops,True
muni_3383,19th Ave&Quintara St SE-NS/BZ,transport,0.1,0.0,0.0,24.0,37.74853,-122.4759,3.5,"muni,transit,stop",base_pois,False
muni_3385,19Th Ave&Randolph St N-Fs/Ps,transport,0.1818465304311875,0.0,5.0,24.0,37.714856,-122.470249,3.2954324902703855,"transport,muni,transit",muni_stops,True
muni_3403,19th Ave&Winston Dr NW-NS/SI,transport,0.1,0.0,0.0,24.0,37.727017,-122.474937,3.5,"muni,transit,stop",base_pois,False
rest_1018333-02-151,2000 Blg,restaurant,1.5,36.66972919907704,11.0,22.0,37.797687,-122.4324675,4.2,"food,restaurant",base_pois,False
muni_8064,20th St&Missouri St NE-NS/SB,transport,0.1,0.0,0.0,24.0,37.760094,-122.396167,3.5,"muni,transit,stop",base_pois,False
muni_4162,211 Corbett Ave N-MB/SB,transport,0.1,0.0,0.0,24.0,37.7618,-122.442841,3.5,"muni,transit,stop",base_pois,False
muni_6652,225 Telegraph Hill Blvd N-NS/SB,transport,0.1,0.0,0.0,24.0,37.803006,-122.406789,3.5,"muni,transit,stop",base_pois,False
muni_6653,225 Telegraph Hill Blvd S-Ns/Sb,transport,0.3151130596233423,0.0,5.0,24.0,37.802988,-122.40664,3.4500920438305918,"transport,muni,transit",muni_stops,True
muni_3426,22nd Ave&Judah St SE-NS/PS,transport,0.1,0.0,0.0,24.0,37.761457,-122.480106,3.5,"muni,transit,stop",base_pois,False
muni_3435,22nd St&Iowa St NE-FS/BZ,transport,0.1,0.0,0.0,24.0,37.757754,-122.392273,3.5,"muni,transit,stop",base_pois,False
muni_3437,22nd St&Minnesota St SE-NS,transport,0.1,0.0,0.0,24.0,37.757807,-122.390268,3.5,"muni,transit,stop",base_pois,False
muni_3441,23Rd Ave&Irving St Sw-Fs/Bz,transport,0.36642175883863004,0.0,5.0,24.0,37.763134,-122.481482,3.545164473237678,"transport,muni,transit",muni_stops,True
muni_3447,23rd Ave&Noriega St NW-NS/PS,transport,0.1,0.0,0.0,24.0,37.75414,-122.48086,3.5,"muni,transit,stop",base_pois,False
muni_3454,23rd St&Utah St SE-FS/BZ,transport,0.1,0.0,0.0,24.0,37.754298,-122.405304,3.5,"muni,transit,stop",base_pois,False
biz_0335078-01-001,2416 2420 Mission St,restaurant,1.7573494327399186,42.18350563173155,8.0,22.0,37.758249,-122.4193275,3.816783780411823,"restaurant,food services,mission",registered_businesses,False
biz_1152175-06-171,24K Cupcakes,restaurant,1.8341208920021081,36.91921161411086,8.0,22.0,37.790649,-122.4102285,4.39288331494048,"restaurant,food services,nob hill",registered_businesses,False
park_51,24th & York Mini Park,park,1.5,0.0,6.0,22.0,37.75304904,-122.40858706,4.0,"park,Neighborhood Park or Playground",base_pois,False
muni_3462,24Th St&Castro St Nw-Fs/Bz,transport,0.2650988967732558,0.0,5.0,24.0,37.75136,-122.434248,3.487879024882336,"transport,muni,transit",muni_stops,True
muni_3465,24Th St&Diamond St Sw-Ns/Bz,transport,0.3238037057650046,0.0,5.0,24.0,37.751092,-122.436402,3.332915407911324,"transport,muni,transit",muni_stops,True
muni_3466,24Th St&Dolores St Nw-Fs/Bz,transport,0.26214945200428363,0.0,5.0,24.0,37.751903,-122.425311,3.8273814091286003,"transport,muni,transit",muni_stops,True
muni_3468,24th St&Douglass St NE-NS/BZ,transport,0.1,0.0,0.0,24.0,37.751102,-122.438361,3.5,"muni,transit,stop",base_pois,False
muni_3470,24th St&Folsom St SE-FS/BZ,transport,0.1,0.0,0.0,24.0,37.752462,-122.413933,3.5,"muni,transit,stop",base_pois,False
muni_3471,24Th St&Guerrero St Ne-Ns/Bz,transport,0.27088749560768577,0.0,5.0,24.0,37.752045,-122.422767,3.3390439965068746,"transport,muni,transit",muni_stops,True
muni_3482,24th St&Sanchez St SW-NS,transport,0.1,0.0,0.0,24.0,37.751511,-122.429768,3.5,"muni,transit,stop",base_pois,False
muni_3486,24Th St&Valencia St Se-Fs/Bz,transport,0.28774110387838814,0.0,5.0,24.0,37.752062,-122.42051,3.5993085132447478,"transport,muni,transit",muni_stops,True
muni_3490,25th Ave&Balboa St SE-NS/SB,transport,0.1,0.0,0.0,24.0,37.776187,-122.484365,3.5,"muni,transit,stop",base_pois,False
muni_3495,25Th Ave&Clement St Nw-Ns/Bz,transport,0.16766267894277764,0.0,5.0,24.0,37.782147,-122.484975,3.6140030455272822,"transport,muni,transit",muni_stops,True
muni_3500,25th Ave&Geary Blvd NW-NS/BZ,transport,0.1,0.0,0.0,24.0,37.780255,-122.484837,3.5,"muni,transit,stop",base_pois,False
muni_3511,25th St&Potrero Ave N-MB/BZ,transport,0.1,0.0,0.0,24.0,37.751407,-122.40668,3.5,"muni,transit,stop",base_pois,False
muni_3520,26Th St&Noe St Nw-Fs/Sb,transport,0.19453353593543407,0.0,5.0,24.0,37.74827,-122.43177,3.7529151034266617,"transport,muni,transit",muni_stops,True
muni_3524,26Th St&Wisconsin St Nw-Fs/Sb,transport,0.39451068510140935,0.0,5.0,24.0,37.75111,-122.39866,3.27412936569404,"transport,muni,transit",muni_stops,True
muni_3801,280 Buckingham Way NW-NS/SB,transport,0.1,0.0,0.0,24.0,37.72691,-122.48004,3.5,"muni,transit,stop",base_pois,False
muni_3802,280 Buckingham Way Se-Ns/Bz,transport,0.29747318682273793,0.0,5.0,24.0,37.72748,-122.480035,3.289216835497063,"transport,muni,transit",muni_stops,True
park_194,29th & Diamond Open Space,park,1.5,0.0,6.0,22.0,37.74358663,-122.43526588,4.0,"park,Neighborhood Park or Playground",base_pois,False
rest_1194481-07-181,2y Food,restaurant,1.5,18.505336791907826,11.0,22.0,37.782029332,-122.388064189,4.2,"food,restaurant",base_pois,False
muni_7836,30Th Ave & Geary Blvd,transport,0.26629203395921075,0.0,5.0,24.0,37.780771,-122.490064,3.1680168715016395,"transport,muni,transit",muni_stops,True
muni_3530,30Th Ave&Santiago St Nw-Ns/Ps,transport,0.2834049834849669,0.0,5.0,24.0,37.74451,-122.48765,3.429164206573125,"transport,muni,transit",muni_stops,True
muni_3532,30th Ave&Taraval St NW-NS/PS,transport,0.1,0.0,0.0,24.0,37.742646,-122.487545,3.5,"muni,transit,stop",base_pois,False
muni_3536,30Th St&Church St Se-Fs/Ps,transport,0.2507406854426264,0.0,5.0,24.0,37.74204,-122.42676,3.090152523633858,"transport,muni,transit",muni_stops,True
muni_3538,30th St&Dolores St SW-NS/PS,transport,0.1,0.0,0.0,24.0,37.74217,-122.424457,3.5,"muni,transit,stop",base_pois,False
muni_3544,30Th St&Sanchez St Sw-Ns/Ps,transport,0.18715495906922594,0.0,5.0,24.0,37.74191,-122.42902,3.639349139298406,"transport,muni,transit",muni_stops,True
muni_3549,32nd Ave&Clement St NW-NS/PS,transport,0.1,0.0,0.0,24.0,37.781802,-122.492425,3.5,"muni,transit,stop",base_pois,False
muni_5634,33 Moffitt St W-MB/BZ,transport,0.1,0.0,0.0,24.0,37.736834,-122.432189,3.5,"muni,transit,stop",base_pois,False
muni_3555,33Rd Ave&Clement St Se-Ns/Bz,transport,0.23884110808005943,0.0,5.0,24.0,37.781537,-122.493354,4.088955295399538,"transport,muni,transit",muni_stops,True
muni_3557,33rd Ave&Geary Blvd NE-FS/SB,transport,0.1,0.0,0.0,24.0,37.779815,-122.493227,3.5,"muni,transit,stop",base_pois,False
muni_6942,356 Wilde Ave N-Mb/Ps,transport,0.23939955255576895,0.0,5.0,24.0,37.71705,-122.40438,3.2311450608452956,"transport,muni,transit",muni_stops,True
muni_6348,3800 San Bruno Ave N-NS/BZ,transport,0.1,0.0,0.0,24.0,37.71479,-122.40061,3.5,"muni,transit,stop",base_pois,False
muni_7355,3rd St&20th St NE-FS/SI,transport,0.1,0.0,0.0,24.0,37.760518,-122.388558,3.5,"muni,transit,stop",base_pois,False
muni_3107,3Rd St&23Rd St Ne-Fs/Bz,transport,0.3752953548121532,0.0,5.0,24.0,37.75569,-122.3879,3.5825768280443864,"transport,muni,transit",muni_stops,True
muni_7354,3rd St&23rd St NE-FS/SI,transport,0.1,0.0,0.0,24.0,37.755414,-122.388001,3.5,"muni,transit,stop",base_pois,False
muni_7344,3rd St&Carrol Ave SW-FS/SI,transport,0.1,0.0,0.0,24.0,37.725241,-122.394394,3.5,"muni,transit,stop",base_pois,False
muni_7343,3Rd St&Carroll Ave Ne-Fs/Si,transport,0.30118717832389774,0.0,5.0,24.0,37.725491,-122.394222,3.705484300277169,"transport,muni,transit",muni_stops,True
muni_7365,3rd St&Evans Ave SW-FS/SI,transport,0.1,0.0,0.0,24.0,37.742727,-122.388034,3.5,"muni,transit,stop",base_pois,False
muni_3127,3rd St&Hudson Ave S-NS/BZ,transport,0.1,0.0,0.0,24.0,37.74012,-122.3887,3.5,"muni,transit,stop",base_pois,False
muni_7403,3rd St&Kirkwood/La Salle N-FS,transport,0.1,0.0,0.0,24.0,37.737641,-122.389688,3.5,"muni,transit,stop",base_pois,False
muni_7391,3rd St&Kirkwood/La Salle S-FS,transport,0.1,0.0,0.0,24.0,37.73765,-122.389734,3.5,"muni,transit,stop",base_pois,False
muni_3143,3rd St&Oakdale Ave SW-FS/BB,transport,0.1,0.0,0.0,24.0,37.734787,-122.390721,3.5,"muni,transit,stop",base_pois,False
muni_7342,3Rd St&Paul Ave Sw-Fs/Si,transport,0.17387085298980437,0.0,5.0,24.0,37.722199,-122.395782,3.671738416942704,"transport,muni,transit",muni_stops,True
muni_7401,3rd St&Revere/Shafter S-NS/SI,transport,0.1,0.0,0.0,24.0,37.732262,-122.391502,3.5,"muni,transit,stop",base_pois,False
muni_3146,3Rd St&Salinas Ave Nw-Ns/Sb,transport,0.30544904845000487,0.0,5.0,24.0,37.720861,-122.396459,3.8574468631176044,"transport,muni,transit",muni_stops,True
muni_7321,3Rd St&Warriors Way Ne-Fs/Sb,transport,0.2130626963804209,0.0,5.0,24.0,37.769049,-122.389228,3.244934176970395,"transport,muni,transit",muni_stops,True
muni_7324,3Rd St&Warriors Way Sw-Fs/Sb,transport,0.23757446056219123,0.0,5.0,24.0,37.76871,-122.389377,3.435670528683582,"transport,muni,transit",muni_stops,True
muni_6909,400 Warren Dr E-MB/AB,transport,0.1,0.0,0.0,24.0,37.75691,-122.461484,3.5,"muni,transit,stop",base_pois,False
muni_6231,415 Roosevelt Way Se-Ns/Sb,transport,0.33428793667929946,0.0,5.0,24.0,37.764495,-122.443138,3.577843282280415,"transport,muni,transit",muni_stops,True
muni_3567,43Rd Ave&Clement St Sw-Fs/Sb,transport,0.2963274761463809,0.0,5.0,24.0,37.781007,-122.504232,3.6988107530184395,"transport,muni,transit",muni_stops,True
muni_3568,43rd Ave&Point Lobos Ave NW-NS/PS,transport,0.1,0.0,0.0,24.0,37.779784,-122.504139,3.5,"muni,transit,stop",base_pois,False
muni_3572,45Th Ave&Cabrillo St Ne-Fs/Ps,transport,0.22031149171856032,0.0,5.0,24.0,37.773573,-122.50567,3.6253020817785537,"transport,muni,transit",muni_stops,True
muni_3576,46Th Ave&Judah St Nw-Ns/Ps,transport,0.36865885296073486,0.0,5.0,24.0,37.760519,-122.506015,3.2754283215589157,"transport,muni,transit",muni_stops,True
muni_3578,46Th Ave&Kirkham St Nw-Ns/Ps,transport,0.289471669624936,0.0,5.0,24.0,37.758655,-122.505888,3.1445681632406344,"transport,muni,transit",muni_stops,True
muni_3579,46Th Ave&Kirkham St Se-Ns/Ps,transport,0.3687558296934885,0.0,5.0,24.0,37.758485,-122.505716,3.564902836975804,"transport,muni,transit",muni_stops,True
muni_3590,46th Ave&Pacheco St NW-NS/PS,transport,0.1,0.0,0.0,24.0,37.749331,-122.505239,3.5,"muni,transit,stop",base_pois,False
muni_3601,46th Ave&Ulloa St SE-NS/PS,transport,0.1,0.0,0.0,24.0,37.739829,-122.504407,3.5,"muni,transit,stop",base_pois,False
muni_3602,46Th Ave&Vicente St Nw-Ns/Ps,transport,0.23356835292859543,0.0,5.0,24.0,37.738142,-122.50444,3.522233885222321,"transport,muni,transit",muni_stops,True
muni_7869,47th Ave & Cutler Ave - Drop off Only,transport,0.1,0.0,0.0,24.0,37.736991,-122.505413,3.5,"muni,transit,stop",base_pois,False
park_957474,49 S Van Ness Avenue,park,1.5,0.0,6.0,22.0,37.77419146,-122.41813985,4.0,"park,Other Non-Park Property",base_pois,False
muni_5125,515 John Muir Dr NE-MB/SB,transport,0.1,0.0,0.0,24.0,37.716241,-122.495342,3.5,"muni,transit,stop",base_pois,False
muni_4166,539 Corbett Ave E-Mb/Sb,transport,0.3925341278095601,0.0,5.0,24.0,37.757499,-122.444147,3.121559593340006,"transport,muni,transit",muni_stops,True
biz_0431981-01-001,54 Mint-Winebar,restaurant,1.6214584065019442,20.303916923062086,8.0,22.0,37.782684,-122.4079605,3.855989167106713,"restaurant,food services,south of market",registered_businesses,False
muni_7622,5Th St&Brannan St S-Mb/Si,transport,0.23917319991385524,0.0,5.0,24.0,37.776244,-122.398524,3.7817357858030745,"transport,muni,transit",muni_stops,True
rest_1158719-08-171,6 Degrees Cafe LLC,restaurant,1.5,41.364083421077765,11.0,22.0,37.790879921,-122.402409603,4.2,"food,restaurant",base_pois,False
muni_6008,6 Portola Dr Nw-Mb/Sb,transport,0.2493334710516352,0.0,5.0,24.0,37.749951,-122.443483,3.4790443696245092,"transport,muni,transit",muni_stops,True
biz_1134583-01-171,60 Foot Farm,restaurant,1.8178353099580806,38.413784941811926,8.0,22.0,37.789533,-122.4030555,4.029227049603707,"restaurant,food services,financial district/south beach",registered_businesses,False
rest_1271061-03-211,601 Van Ness Ave Suite K,restaurant,1.5,13.103236729000947,11.0,22.0,37.784796999,-122.44037999,4.2,"food,restaurant",base_pois,False
muni_6658,636 Teresita Blvd SE-NS/SB,transport,0.1,0.0,0.0,24.0,37.73679,-122.445672,3.5,"muni,transit,stop",base_pois,False
muni_6659,636 Teresita Blvd Sw-Fs/Sb,transport,0.16708697259890684,0.0,5.0,24.0,37.736835,-122.445867,3.4330722932381312,"transport,muni,transit",muni_stops,True
muni_3178,6Th Ave&Balboa St Sw-Fs/Bz,transport,0.27233979915584694,0.0,5.0,24.0,37.776985,-122.46409,3.3599181917925582,"transport,muni,transit",muni_stops,True
muni_3180,6Th Ave&Clement St Ne-Fs/Bz,transport,0.1937047354061788,0.0,5.0,24.0,37.783053,-122.464377,3.581852773799385,"transport,muni,transit",muni_stops,True
muni_3184,6th Ave&Geary Blvd SE-NS/BZ,transport,0.1,0.0,0.0,24.0,37.780876,-122.464182,3.5,"muni,transit,stop",base_pois,False
muni_3185,6th Ave&Geary Blvd SW-FS/BZ,transport,0.1,0.0,0.0,24.0,37.780768,-122.464354,3.5,"muni,transit,stop",base_pois,False
biz_0393942-01-001,7-Mission Restaurant,restaurant,1.6673968880987973,31.301908091545126,8.0,22.0,37.7784,-122.4103095,4.078221609796206,"restaurant,food services,south of market",registered_businesses,False
biz_1229839-08-191,79 Jefferson St,restaurant,1.0547741073904362,14.93484157763217,8.0,22.0,37.808055,-122.4132615,4.096598689313896,"restaurant,food services,north beach",registered_businesses,False
muni_5253,7th Ave & Laguna Honda Blvd SW-FS,transport,0.1,0.0,0.0,24.0,37.754893,-122.463678,3.5,"muni,transit,stop",base_pois,False
muni_7308,7th Ave&Lawton St SW-FS/PS,transport,0.1,0.0,0.0,24.0,37.758426,-122.463856,3.5,"muni,transit,stop",base_pois,False
muni_3189,7Th Ave&Moraga St Ne-Fs/Ps,transport,0.15740797149409777,0.0,5.0,24.0,37.756767,-122.46357,3.7045175233186214,"transport,muni,transit",muni_stops,True
muni_3191,7th St&Brannan St N-FS/BB,transport,0.1,0.0,0.0,24.0,37.773266,-122.403367,3.5,"muni,transit,stop",base_pois,False
muni_3192,7Th St&Folsom St N-Fs/Si,transport,0.15420648481320617,0.0,5.0,24.0,37.776864,-122.407904,3.568868152741946,"transport,muni,transit",muni_stops,True
muni_3195,7th St&Mission St NE-FS/BZ,transport,0.1,0.0,0.0,24.0,37.779327,-122.411032,3.5,"muni,transit,stop",base_pois,False
rest_1215092-03-191,8090 Friendship Restaurant & Bar,restaurant,1.5,33.475498210423034,11.0,22.0,37.782243,-122.4854505,4.2,"food,restaurant",base_pois,False
muni_7926,8Th Ave & Judah Ave Se-Ns/Sb,transport,0.20886879260043867,0.0,5.0,24.0,37.762147,-122.465049,3.612077426439095,"transport,muni,transit",muni_stops,True
muni_3203,8th St&Brannan St W-FS/BI,transport,0.1,0.0,0.0,24.0,37.771179,-122.405386,3.5,"muni,transit,stop",base_pois,False
muni_6087,90 Parkridge Dr W-Mb/Sb,transport,0.29184013975351464,0.0,5.0,24.0,37.752351,-122.446084,3.8821402035734662,"transport,muni,transit",muni_stops,True
park_957472,900 Innes,park,1.5,0.0,6.0,22.0,37.73273891,-122.37539185,4.0,"park,Neighborhood Park or Playground",base_pois,False
muni_6660,900 Teresita Blvd NE-NS/AB,transport,0.1,0.0,0.0,24.0,37.733953,-122.446359,3.5,"muni,transit,stop",base_pois,False
biz_1191162-06-181,903,restaurant,1.2796363291025301,16.143861065351857,8.0,22.0,37.758969,-122.4656415,3.8649109479946993,"restaurant,food services,inner sunset",registered_businesses,False
biz_1338639-07-231,921 Folsom Inc,restaurant,1.6643448684342539,31.341812146146115,8.0,22.0,37.77975,-122.403834,3.709788600382617,"restaurant,food services,south of market",registered_businesses,False
muni_4567,989 Ellsworth St S-MB/SB,transport,0.1,0.0,0.0,24.0,37.73262,-122.41893,3.5,"muni,transit,stop",base_pois,False
muni_3211,9th Ave&Irving St NE-FS/BZ,transport,0.1,0.0,0.0,24.0,37.764288,-122.466241,3.5,"muni,transit,stop",base_pois,False
muni_3213,9th Ave&Irving St SW-FS/BZ,transport,0.1,0.0,0.0,24.0,37.763797,-122.46639,3.5,"muni,transit,stop",base_pois,False
muni_3214,9th Ave&Judah St SE-NS/BZ,transport,0.1,0.0,0.0,24.0,37.762093,-122.46608,3.5,"muni,transit,stop",base_pois,False
muni_3223,9th Ave&Moraga St SE-NS/BZ,transport,0.1,0.0,0.0,24.0,37.756508,-122.465689,3.5,"muni,transit,stop",base_pois,False
muni_3226,9Th Ave&Ortega St Nw-Ns/Ps,transport,0.2780466050749861,0.0,5.0,24.0,37.752939,-122.465631,3.7386569484130767,"transport,muni,transit",muni_stops,True
muni_7560,9Th St & Ave D Sw-Ns/Ps,transport,0.21866203565438197,0.0,5.0,24.0,37.824048,-122.372805,3.6813310157866566,"transport,muni,transit",muni_stops,True
muni_3229,9th St&Avenue H SW-NS/SB,transport,0.1,0.0,0.0,24.0,37.825196,-122.370063,3.5,"muni,transit,stop",base_pois,False
biz_0467962-04-001,A Taste Of Vietnam,restaurant,1.3224633185817778,44.569715846307794,8.0,22.0,37.797525,-122.4074925,3.797798322682507,"restaurant,food services,chinatown",registered_businesses,False
biz_1210077-01-191,A Twin Sweet,restaurant,1.1011933667533325,27.910996709871966,8.0,22.0,37.784466,-122.417901,3.6069511179841216,"restaurant,food services,tenderloin",registered_businesses,False
rest_1194992-07-181,A West African Coffee Company,restaurant,1.5,45.81788438855055,11.0,22.0,37.782333,-122.4387765,4.2,"food,restaurant",base_pois,False
biz_0480566-01-001,Abanico Coffee Roasters Llc,restaurant,1.2223679278968107,31.143594647871232,8.0,22.0,37.757817,-122.48829,4.087153887258902,"restaurant,food services,sunset/parkside",registered_businesses,False
biz_1149468-06-171,Abc Falafel,restaurant,1.9970690110762437,29.731623558328316,8.0,22.0,37.787148,-122.4220995,4.474016058264295,"restaurant,food services,western addition",registered_businesses,False
biz_1199200-08-181,Abrazo,restaurant,1.4068558393908264,49.753324207347426,8.0,22.0,37.799415,-122.4189,4.30193209240451,"restaurant,food services,russian hill",registered_businesses,False
biz_1313468-09-221,Absteak,restaurant,1.0953534531828604,30.519062106640366,8.0,22.0,37.785726,-122.4085275,4.334358463556835,"restaurant,food services,tenderloin",registered_businesses,False
rest_1188241-05-181,"Abzz Snacks, LLC (Dba Yoconut Dairy Free)",restaurant,1.5,22.842070386264286,11.0,22.0,37.728267378,-122.393121065,4.2,"food,restaurant",base_pois,False
park_46,Adam Rodgers Park,park,1.5,0.0,6.0,22.0,37.73101787,-122.38386381,4.0,"park,Neighborhood Park or Playground",base_pois,False
muni_3617,Addison St&Farnum St NE-NS/SB,transport,0.1,0.0,0.0,24.0,37.740189,-122.434216,3.5,"muni,transit,stop",base_pois,False
muni_3618,Addison St&Farnum St SW-NS/SB,transport,0.1,0.0,0.0,24.0,37.740055,-122.434433,3.5,"muni,transit,stop",base_pois,False
rest_1293187-12-211,Aedan Koji Cafe,restaurant,1.5,13.649193610782525,11.0,22.0,37.761453,-122.40882,4.2,"food,restaurant",base_pois,False
biz_1254135-06-201,Agavente,restaurant,1.1764601414693066,17.558777308258808,8.0,22.0,37.72494,-122.392467,3.8859863017829905,"restaurant,food services,bayview hunters point",registered_businesses,False
rest_1125264-10-161,Ahipoki Bowl,restaurant,1.5,27.810086037073066,11.0,22.0,37.733526,-122.4897255,4.2,"food,restaurant",base_pois,False
rest_1336476-06-231,Aic,restaurant,1.5,40.535794006579955,11.0,22.0,37.756953,-122.3879895,4.2,"food,restaurant",base_pois,False
biz_1261463-10-201,Aim High Catering,restaurant,1.9370627248797014,29.634761175073027,8.0,22.0,37.778598,-122.426559,4.448984671205564,"restaurant,food services,western addition",registered_businesses,False
sfo_3449,Air Ops - 1056,airport,3.7604709899459765,0.0,0.0,24.0,37.62908089700005,-122.380519608,4.332331561164077,"airport,airport (sfo)",sfo_facilities,False
sfo_3420,Air Train Garage A - 97,airport,4.317946011099767,0.0,0.0,24.0,37.61385621000005,-122.39188262399996,4.677356047298015,"airport,airport (sfo)",sfo_facilities,False
sfo_3422,Air Train Garage G - 479,airport,4.382347218650371,0.0,0.0,24.0,37.61599697600008,-122.39241139499995,4.17982051982214,"airport,airport (sfo)",sfo_facilities,False
sfo_3445,Air Train Itb A - 197,airport,2.5623116216533406,0.0,0.0,24.0,37.614608701000066,-122.38870479699996,4.215610783983014,"airport,airport (sfo)",sfo_facilities,False
sfo_3421,Air Train Itb G - 179,airport,4.075125125079408,0.0,0.0,24.0,37.61664514000006,-122.38947889999996,4.395641525762748,"airport,airport (sfo)",sfo_facilities,False
sfo_3407,Air Train Terminal T1 - 279,airport,4.153095722979094,0.0,0.0,24.0,37.61518349500005,-122.38567423999996,4.471845177410888,"airport,airport (sfo)",sfo_facilities,False
sfo_3408,Air Train Terminal T2 - 379,airport,3.102923335976034,0.0,0.0,24.0,37.616739118000055,-122.38457794,4.481212914627761,"airport,airport (sfo)",sfo_facilities,False
sfo_3409,Air Train Terminal T3 - 479,airport,3.66894218942298,0.0,0.0,24.0,37.61753192700007,-122.38657037099996,4.4420514517778145,"airport,airport (sfo)",sfo_facilities,False
sfo_3364,Airtrain Facility - 679,airport,2.8174971603895265,0.0,0.0,24.0,37.623413019000054,-122.39960457899996,4.446866918043132,"airport,airport (sfo)",sfo_facilities,False
sfo_3381,Airtrain Rac - 779,airport,2.955622302172768,0.0,0.0,24.0,37.62819261800007,-122.40120345799994,4.071084111181392,"airport,airport (sfo)",sfo_facilities,False
sfo_3347,Airtrain Support - 590,airport,4.084791293700105,0.0,0.0,24.0,37.61546741500007,-122.39624697299996,4.706822786660548,"airport,airport (sfo)",sfo_facilities,False
rest_1362301-05-241,Aji Kiji,restaurant,1.5,43.67490631752325,11.0,22.0,37.78407,-122.43258,4.2,"food,restaurant",base_pois,False
rest_1316592-10-221,Akiko's,restaurant,1.5,49.92284304125377,11.0,22.0,37.787814,-122.3941095,4.2,"food,restaurant",base_pois,False
rest_1239324-11-191,Al's Place,restaurant,1.5,23.726096057984773,11.0,22.0,37.749051,-122.4200385,4.2,"food,restaurant",base_pois,False
biz_1163329-10-171,Ala-Too Llc,restaurant,1.484384259201451,10.164912589776499,8.0,22.0,37.698901015,-122.464606037,3.804672304622252,"restaurant,food services,nan",registered_businesses,False
park_117,Alamo Square,park,1.5,0.0,6.0,22.0,37.77634695,-122.43468604,4.0,"park,Neighborhood Park or Playground",base_pois,False
biz_0311738-01-001,Alamo Square,restaurant,1.9867119124481998,21.39178181190109,8.0,22.0,37.776906,-122.4317385,3.9833959653351405,"restaurant,food services,hayes valley",registered_businesses,False
landmark_012,Alcatraz Island,landmark,1.574994648501439,45.0,6.0,22.0,37.8267,-122.423,4.717638902354931,"landmark,prison,island,history,tour",sf_landmarks_curated,False
muni_3621,Alemany Blvd&Arch St Ne-Ns,transport,0.26451463540460785,0.0,5.0,24.0,37.71163,-122.4669,3.4797232108626597,"transport,muni,transit",muni_stops,True
muni_3622,Alemany Blvd&Arch St SW-NS/BZ,transport,0.1,0.0,0.0,24.0,37.711418,-122.46717,3.5,"muni,transit,stop",base_pois,False
muni_7626,Alemany Blvd&Folsom St Nw-Fs/Bz,transport,0.3300351118915768,0.0,5.0,24.0,37.73327,-122.413919,3.321467226949987,"transport,muni,transit",muni_stops,True
muni_3631,Alemany Blvd&Victoria St Se-Fs,transport,0.22867196582229804,0.0,5.0,24.0,37.711698,-122.465186,3.507259892876323,"transport,muni,transit",muni_stops,True
park_25,Alice Chalmers Playground,park,1.5,0.0,6.0,22.0,37.70982341,-122.44665863,4.0,"park,Neighborhood Park or Playground",base_pois,False
park_151,Alice Marble Courts,park,1.5,0.0,6.0,22.0,37.80146337,-122.42009519,4.0,"park,Neighborhood Park or Playground",base_pois,False
park_62,Alioto Mini Park,park,1.5,0.0,6.0,22.0,37.75888932,-122.41821465,4.0,"park,Neighborhood Park or Playground",base_pois,False
biz_0324777-02-001,Alist,restaurant,1.608128916255803,47.54172081347696,8.0,22.0,37.789812,-122.3897715,3.882036203874779,"restaurant,food services,financial district/south beach",registered_businesses,False
biz_1290716-11-211,Alluvium Estate,restaurant,1.1631781570641437,26.365046433845173,8.0,22.0,37.791036,-122.39478,4.237885198941317,"restaurant,food services,financial district/south beach",registered_businesses,False
park_131,Allyne Park,park,1.5,0.0,6.0,22.0,37.79744847,-122.42758433,4.0,"park,Neighborhood Park or Playground",base_pois,False
rest_1306532-05-221,Alma Y Sazon LLC,restaurant,1.5,23.71759344427037,11.0,22.0,37.750176,-122.414211,4.2,"food,restaurant",base_pois,False
park_129,Alta Plaza Park,park,1.5,0.0,6.0,22.0,37.79117837,-122.43768317,4.0,"park,Neighborhood Park or Playground",base_pois,False
rest_1236048-10-191,Ama Uji Matcha,restaurant,1.5,28.531117939293406,11.0,22.0,37.808064,-122.4146565,4.2,"food,restaurant",base_pois,False
rest_1348809-12-231,Amador,restaurant,1.5,19.07103622156215,11.0,22.0,37.794384,-122.402808,4.2,"food,restaurant",base_pois,False
biz_1207964-12-181,Amausaan Group,restaurant,1.965142117057399,26.235251137196435,8.0,22.0,37.783041754,-122.462874229,4.014330286324712,"restaurant,food services,inner richmond",registered_businesses,False
biz_0442558-05-001,American Fare,restaurant,1.6301519692743847,26.428893773763747,8.0,22.0,37.800027,-122.407155,3.959056203191403,"restaurant,food services,north beach",registered_businesses,False
rest_1015700-01-151,Americana Grill & Fountain,restaurant,1.5,22.176953819975747,11.0,22.0,37.775979,-122.4968175,4.2,"food,restaurant",base_pois,False
rest_1216071-03-191,Amici's East Coast Pizzeria,restaurant,1.5,27.83947663269684,11.0,22.0,37.776582,-122.4026145,4.2,"food,restaurant",base_pois,False
biz_0111067-05-001,Amphora Wine Merchant,restaurant,1.68524743210572,34.16794498778939,8.0,22.0,37.777149,-122.4227025,4.36190349430489,"restaurant,food services,hayes valley",registered_businesses,False
biz_1124790-10-161,An Chi Inc,restaurant,1.9227390958251673,48.2469630855387,8.0,22.0,37.723293,-122.435532,4.3671044213215024,"restaurant,food services,excelsior",registered_businesses,False
biz_1034668-07-151,An Japanese Restaurant,restaurant,1.3201609688928695,28.05758972490228,8.0,22.0,37.785172005,-122.42870601,4.381524590361583,"restaurant,food services,japantown",registered_businesses,False
biz_1234745-09-191,Ana'S Goodies Catering,restaurant,1.4104414735554467,33.9606677180847,8.0,22.0,37.756926,-122.393565,4.227175538203353,"restaurant,food services,potrero hill",registered_businesses,False
biz_1064345-04-161,"Ando Food, Inc.",restaurant,1.9712613162688684,48.776857706126535,8.0,22.0,37.777239,-122.39559,3.8801865069561834,"restaurant,food services,south of market",registered_businesses,False
park_105,Angelo J. Rossi Playground,park,1.5,0.0,6.0,22.0,37.77874981,-122.45749604,4.0,"park,Neighborhood Park or Playground",base_pois,False
rest_1243845-01-201,Annie's Hot Dogs,restaurant,1.5,36.50454011557474,11.0,22.0,37.78686,-122.406903,4.2,"food,restaurant",base_pois,False
biz_1358903-04-241,Anthony Chan,restaurant,1.4505764636008815,12.169161228057883,8.0,22.0,37.782315,-122.4824985,3.785416108604439,"restaurant,food services,outer richmond",registered_businesses,False
rest_1311813-08-221,"Antojitos Salvadorenos Aminta, Inc.",restaurant,1.5,21.41700002092273,11.0,22.0,37.744641,-122.4200925,4.2,"food,restaurant",base_pois,False
park_11465,Anza Branch Library,park,1.5,0.0,6.0,22.0,37.77853641,-122.4972188,4.0,"park,Library",base_pois,False
rest_1399441-09-251,Ap Flour SF,restaurant,1.5,14.543179618417465,11.0,22.0,37.739241,-122.4837585,4.2,"food,restaurant",base_pois,False
rest_0480178-02-001,Applebees Neighborhood Grill,restaurant,1.5,44.98743370066765,11.0,22.0,37.807974,-122.4154755,4.2,"food,restaurant",base_pois,False
rest_1358130-04-241,April Jean,restaurant,1.5,39.118108965855704,11.0,22.0,37.79955,-122.407515,4.2,"food,restaurant",base_pois,False
park_65,Aptos Playground,park,1.5,0.0,6.0,22.0,37.72852771,-122.46657164,4.0,"park,Neighborhood Park or Playground",base_pois,False
biz_1216077-03-191,Aramark Rfs At Salesforce,restaurant,1.371711259829534,17.869411358121237,8.0,22.0,37.789938,-122.397111,4.31637419354157,"restaurant,food services,financial district/south beach",registered_businesses,False
biz_1216106-03-191,Aramark Rfs At Salesforce,restaurant,1.5856037614655798,38.77281839061363,8.0,22.0,37.790307,-122.3973765,4.1749255831391485,"restaurant,food services,financial district/south beach",registered_businesses,False
biz_1186844-05-181,Aramex,restaurant,1.4652124715635733,18.125163402479647,8.0,22.0,37.764594,-122.419953,3.7446624145188405,"restaurant,food services,mission",registered_businesses,False
muni_7820,Arch St&Alemany Blvd Ne-Fs/Bz,transport,0.31714636145524605,0.0,5.0,24.0,37.711591,-122.466996,3.537182043980068,"transport,muni,transit",muni_stops,True
biz_1305226-05-221,Arepas,restaurant,1.9606262856288326,44.17859996625734,8.0,22.0,37.765017,-122.423931,4.796737949893481,"restaurant,food services,mission",registered_businesses,False
park_97,Argonne Playground,park,1.5,0.0,6.0,22.0,37.77942003,-122.47771293,4.0,"park,Neighborhood Park or Playground",base_pois,False
muni_7839,Arguello Blvd & Geary Blvd W/MB-BZ,transport,0.1,0.0,0.0,24.0,37.781867,-122.458806,3.5,"muni,transit,stop",base_pois,False
muni_3643,Arguello Blvd&California St SE-NS,transport,0.1,0.0,0.0,24.0,37.785596,-122.459093,3.5,"muni,transit,stop",base_pois,False
muni_3649,Arguello Blvd&Geary Blvd Nw-Ns/Bz,transport,0.31364249156974544,0.0,5.0,24.0,37.781429,-122.458955,3.215924284276867,"transport,muni,transit",muni_stops,True
biz_0338751-01-001,Arizmendi Bakery,restaurant,1.6733283074019552,24.09253965014686,8.0,22.0,37.763406,-122.466609,4.321325820765785,"restaurant,food services,inner sunset",registered_businesses,False
park_171727,Arkansas Friendship Garden,park,1.5,0.0,6.0,22.0,37.75736361,-122.39765273,4.0,"park,Community Garden",base_pois,False
biz_0111067-07-001,Arlequin Wine Merchant,restaurant,1.2239456655939582,23.756496300978323,8.0,22.0,37.777149,-122.4227025,4.2425442357979835,"restaurant,food services,hayes valley",registered_businesses,False
park_171736,Arlington Community Garden,park,1.5,0.0,6.0,22.0,37.73704633,-122.42638937,4.0,"park,Community Garden",base_pois,False
rest_1347315-11-231,"Arnali, Inc.",restaurant,1.5,34.232868900730104,11.0,22.0,37.805826931,-122.442331054,4.2,"food,restaurant",base_pois,False
rest_1260372-09-201,Aroma Buena Cafe,restaurant,1.5,27.691088669101372,11.0,22.0,37.712565,-122.40081,4.2,"food,restaurant",base_pois,False
biz_1368397-08-241,Arsicault Bakery,restaurant,1.2776979304632092,25.864409208924588,8.0,22.0,37.756953,-122.3879895,4.492436545246379,"restaurant,food services,potrero hill",registered_businesses,False
rest_1013398-12-141,Arsicault Bakery,restaurant,1.5,12.493875758322119,11.0,22.0,37.783413,-122.4593145,4.2,"food,restaurant",base_pois,False
muni_3664,Ashbury St&Piedmont St SE-NS/PS,transport,0.1,0.0,0.0,24.0,37.765146,-122.445877,3.5,"muni,transit,stop",base_pois,False
muni_3665,Ashbury St&Waller St Nw-Ns/Ps,transport,0.1834789109133896,0.0,5.0,24.0,37.769161,-122.446851,3.3086611212199237,"transport,muni,transit",muni_stops,True
landmark_004,Asian Art Museum,museum,2.8827786752324926,20.0,9.0,17.0,37.7803,-122.4168,4.250071942832655,"museum,art,asian,culture",sf_landmarks_curated,False
sfo_3368,Asig - 1070,airport,4.2173462409677285,0.0,0.0,24.0,37.62414380700005,-122.37565432499996,3.8963213797666465,"airport,airport (sfo)",sfo_facilities,False
biz_1129033-12-161,Atlas Tap Room,restaurant,1.774417834448783,21.661254775946023,8.0,22.0,37.74231,-122.469435,4.516289986372082,"restaurant,food services,west of twin peaks",registered_businesses,False
landmark_041,Audio Discotech,nightlife,3.8477489989970124,30.0,20.0,2.0,37.7749,-122.4094,4.261093708149651,"club,electronic,dj,nightlife,dancing",sf_landmarks_curated,False
rest_1284235-08-211,Aura Tea & Coffee,restaurant,1.5,13.845043779899282,11.0,22.0,37.791891,-122.392764,4.2,"food,restaurant",base_pois,False
rest_1359741-05-241,Aurora Centro,restaurant,1.5,18.970333988966253,11.0,22.0,37.789938,-122.397111,4.2,"food,restaurant",base_pois,False
biz_1227817-07-191,Automat,restaurant,1.46392228611005,48.67073172880459,8.0,22.0,37.756017,-122.5053,3.862475220468395,"restaurant,food services,sunset/parkside",registered_businesses,False
sfo_3377,Autoshop Storage Shed - 744,airport,3.6088391948919565,0.0,0.0,24.0,37.626862809000045,-122.39942732299994,4.153255061050983,"airport,airport (sfo)",sfo_facilities,False
rest_1253931-06-201,Avast Bakeshop,restaurant,1.5,22.304200927880878,11.0,22.0,37.749823358,-122.495489505,4.2,"food,restaurant",base_pois,False
rest_0911169-04-001,Aveline,restaurant,1.5,23.383893023063166,11.0,22.0,37.787148,-122.411349,4.2,"food,restaurant",base_pois,False
biz_1163387-10-171,Avenues Sf,restaurant,1.2635496626769904,29.7365239878071,8.0,22.0,37.742013,-122.504913,4.884876033277076,"restaurant,food services,sunset/parkside",registered_businesses,False
biz_1175456-01-181,Avery,restaurant,1.1650786020878123,46.63459727596113,8.0,22.0,37.78407,-122.43258,4.693380359203418,"restaurant,food services,western addition",registered_businesses,False
rest_1282017-07-211,Avotoasty,restaurant,1.5,23.469208095302783,11.0,22.0,37.797624,-122.428647,4.2,"food,restaurant",base_pois,False
biz_1330901-04-231,Awaaz Llc,restaurant,1.7391723219267226,16.71403524173032,8.0,22.0,37.790064,-122.4007965,4.1893915474802235,"restaurant,food services,financial district/south beach",registered_businesses,False
rest_1349941-01-241,Aydea,restaurant,1.5,24.004634946378403,11.0,22.0,37.776087,-122.4021645,4.2,"food,restaurant",base_pois,False
rest_1257172-08-201,Baan Yaai,restaurant,1.5,20.450818681417683,11.0,22.0,37.799757,-122.4389565,4.2,"food,restaurant",base_pois,False
rest_0369021-03-001,Backroom Dining,restaurant,1.5,18.271734245206865,11.0,22.0,37.743066,-122.469849,4.2,"food,restaurant",base_pois,False
muni_3685,Bacon St&Girard St Ne-Ns,transport,0.36399270004353124,0.0,5.0,24.0,37.72744,-122.40451,3.259342381228512,"transport,muni,transit",muni_stops,True
muni_3687,Bacon St&Goettingen St Ne-Ns,transport,0.16883266561142585,0.0,5.0,24.0,37.72691,-122.40648,3.628148748357807,"transport,muni,transit",muni_stops,True
muni_3020,Bacon St&Somerset St NE-NS,transport,0.1,0.0,0.0,24.0,37.72667,-122.40746,3.5,"muni,transit,stop",base_pois,False
landmark_049,Baker Beach,park,2.721139838588752,0.0,6.0,22.0,37.7936,-122.4836,4.338908219946744,"beach,scenic,golden gate bridge view",sf_landmarks_curated,False
muni_3024,Baker St&Greenwich St SE-NS,transport,0.1,0.0,0.0,24.0,37.797606,-122.445693,3.5,"muni,transit,stop",base_pois,False
park_174,Balboa Natural Area,park,1.5,0.0,6.0,22.0,37.7759179,-122.51105271,4.0,"park,Neighborhood Park or Playground",base_pois,False
muni_4805,Balboa Park BART Station SW-MB/BZ,transport,0.1,0.0,0.0,24.0,37.720952,-122.447379,3.5,"muni,transit,stop",base_pois,False
park_66,Balboa Park,park,1.5,0.0,6.0,22.0,37.72495974,-122.44462514,4.0,"park,Neighborhood Park or Playground",base_pois,False
muni_3039,Balboa St&10Th Ave Sw-Ns/Ps,transport,0.367523847403443,0.0,5.0,24.0,37.776967,-122.468388,3.534164126563458,"transport,muni,transit",muni_stops,True
muni_3041,Balboa St&12TH Ave SW-NS/PS,transport,0.1,0.0,0.0,24.0,37.776868,-122.470531,3.5,"muni,transit,stop",base_pois,False
muni_3057,Balboa St&32ND Ave NE-NS/PS,transport,0.1,0.0,0.0,24.0,37.776024,-122.491838,3.5,"muni,transit,stop",base_pois,False
muni_3060,Balboa St&35Th Ave N-Mb/Ps,transport,0.3364860889839537,0.0,5.0,24.0,37.775898,-122.494577,3.647720518372909,"transport,muni,transit",muni_stops,True
muni_3033,Balboa St&4TH Ave SW-NS/BZ,transport,0.1,0.0,0.0,24.0,37.777262,-122.461969,3.5,"muni,transit,stop",base_pois,False
muni_3037,Balboa St&8Th Ave Sw-Ns/Ps,transport,0.3310268097043845,0.0,5.0,24.0,37.777065,-122.466256,3.60153431367636,"transport,muni,transit",muni_stops,True
muni_3070,Balboa St&Park Presidio Blvd NW-FS,transport,0.1,0.0,0.0,24.0,37.776895,-122.472227,3.5,"muni,transit,stop",base_pois,False
biz_1198828-08-181,Balcony South Bar,restaurant,1.422495083918152,25.139035349754167,8.0,22.0,37.778472,-122.4203805,4.317340164905194,"restaurant,food services,hayes valley",registered_businesses,False
biz_0429588-01-001,Balompie Cafe No 3,restaurant,1.790243155389435,40.375076625372046,8.0,22.0,37.735929,-122.424192,3.9835150290419286,"restaurant,food services,bernal heights",registered_businesses,False
biz_0390881-01-001,Bambino'S Ristorante,restaurant,1.6800349354078914,16.748127524058695,8.0,22.0,37.765134,-122.45013,4.273648210639595,"restaurant,food services,haight ashbury",registered_businesses,False
biz_1343053-09-231,Bamco @ Linkedin (24Th And 26Th Floor),restaurant,1.793672624256427,14.290988714692569,8.0,22.0,37.786329,-122.3982495,4.3975983692415435,"restaurant,food services,financial district/south beach",registered_businesses,False
rest_1355153-03-241,Bamco Mission Rock Floor 1,restaurant,1.5,26.518446270465354,11.0,22.0,37.775547,-122.3887815,4.2,"food,restaurant",base_pois,False
rest_1355156-03-241,Bamco Mission Rock Floor 4,restaurant,1.5,21.52507854355574,11.0,22.0,37.775547,-122.3887815,4.2,"food,restaurant",base_pois,False
rest_1355157-03-241,Bamco Mission Rock Floor 5,restaurant,1.5,18.31112672124906,11.0,22.0,37.775547,-122.3887815,4.2,"food,restaurant",base_pois,False
biz_0388983-01-001,Banhwich,restaurant,1.5539811258168594,13.163614573367152,8.0,22.0,37.742787,-122.478165,4.039614319804288,"restaurant,food services,sunset/parkside",registered_businesses,False
rest_0434710-03-001,Bar 821,restaurant,1.5,18.519331577947987,11.0,22.0,37.777185,-122.438475,4.2,"food,restaurant",base_pois,False
rest_0190628-11-001,Bar Castro,restaurant,1.5,18.009638536416762,11.0,22.0,37.760364,-122.4348165,4.2,"food,restaurant",base_pois,False
rest_1165075-10-171,Barvale,restaurant,1.5,10.248231317985725,11.0,22.0,37.775745,-122.4382995,4.2,"food,restaurant",base_pois,False
biz_1076871-06-161,Barzotto,restaurant,1.7119178105885786,27.434076173017147,8.0,22.0,37.752552,-122.4210285,4.040124152278131,"restaurant,food services,mission",registered_businesses,False
biz_1242885-01-201,Basil Cart,restaurant,1.7423326548539464,28.560959091803696,8.0,22.0,37.776956358,-122.402647176,4.332805807148145,"restaurant,food services,south of market",registered_businesses,False
biz_1357276-04-241,Basil The Bold,restaurant,1.474530089187891,38.86373936264664,8.0,22.0,37.782029332,-122.388064189,4.1473202552308095,"restaurant,food services,mission bay",registered_businesses,False
biz_0332885-01-001,Basque Hotel,restaurant,1.554285585726428,41.1033538879018,8.0,22.0,37.798114233,-122.406320531,3.942320742016915,"restaurant,food services,north beach",registered_businesses,False
biz_1310658-07-221,Batches Bakehouse,restaurant,1.2413143379775287,14.965648971471875,8.0,22.0,37.783305,-122.462136,4.245728682532176,"restaurant,food services,inner richmond",registered_businesses,False
biz_0440587-01-001,Batter Bakery,restaurant,1.4684053196156732,37.29948017818632,8.0,22.0,37.763217,-122.415471,4.071590934821272,"restaurant,food services,mission",registered_businesses,False
biz_1068930-05-161,Batter Bakery,restaurant,1.018437802875194,29.660141021748025,8.0,22.0,37.789398,-122.420772,3.934110067641321,"restaurant,food services,nob hill",registered_businesses,False
landmark_048,Battery Spencer,landmark,1.0235707609932903,0.0,6.0,22.0,37.8264,-122.48,4.38588221394382,"viewpoint,golden gate bridge,scenic",sf_landmarks_curated,False
rest_1318941-11-221,Bay Pocha,restaurant,1.5,25.56878955632416,11.0,22.0,37.732194,-122.4737775,4.2,"food,restaurant",base_pois,False
park_43,Bay View Park,park,1.5,0.0,6.0,22.0,37.71518495,-122.39251458,4.0,"park,Regional Park",base_pois,False
muni_3773,Bayshore Blvd&Augusta St NW-NS/BZ,transport,0.1,0.0,0.0,24.0,37.73425,-122.40558,3.5,"muni,transit,stop",base_pois,False
muni_3775,Bayshore Blvd&Boutwell St Ne-Fs/Bz,transport,0.35703069708437996,0.0,5.0,24.0,37.73488,-122.40588,3.0397409581767887,"transport,muni,transit",muni_stops,True
muni_3783,Bayshore Blvd&Leland Ave W-Ns/Bz,transport,0.2493440370664814,0.0,5.0,24.0,37.710991,-122.404041,3.1567373351078394,"transport,muni,transit",muni_stops,True
muni_8040,Bayshore Blvd&Leland Ave W-NS/BZ,transport,0.1,0.0,0.0,24.0,37.711299,-122.40368,3.5,"muni,transit,stop",base_pois,False
biz_0116541-02-001,Bayshore Taqueria,restaurant,1.2167941457314448,26.019595030732944,8.0,22.0,37.743003,-122.4055665,4.0665510150851985,"restaurant,food services,bernal heights",registered_businesses,False
biz_0418193-01-001,Baysubway 04,restaurant,1.5285417289424528,38.032020766345916,8.0,22.0,37.769094,-122.3903115,4.415132426990361,"restaurant,food services,mission bay",registered_businesses,False
park_38,Bayview K.C. Jones Playground,park,1.5,0.0,6.0,22.0,37.72594209,-122.39329981,4.0,"park,Neighborhood Park or Playground",base_pois,False
muni_3092,Beach St&Mason St Sw-Ns/Ps,transport,0.18557074463914808,0.0,5.0,24.0,37.807407,-122.414125,3.0,"transport,muni,transit",muni_stops,True
rest_1163198-10-171,Beach Tea,restaurant,1.5,10.409469602857197,11.0,22.0,37.726272,-122.3798265,4.2,"food,restaurant",base_pois,False
biz_1273395-04-211,Beaver Street Baking,restaurant,1.1859744198757092,28.814524619795645,8.0,22.0,37.765962,-122.4370485,4.369371210522849,"restaurant,food services,castro/upper market",registered_businesses,False
rest_1261034-09-201,Bei Jing Hamburger,restaurant,1.5,13.727023413067341,11.0,22.0,37.796391,-122.4058095,4.2,"food,restaurant",base_pois,False
park_106,Beideman & O'Farrell Mini Park,park,1.5,0.0,6.0,22.0,37.78240944,-122.43861159,4.0,"park,Mini Park",base_pois,False
biz_1141217-03-171,Belkebir Yahia,restaurant,1.6392126599365016,35.16482200596157,8.0,22.0,37.726596,-122.3656245,4.6541317490350265,"restaurant,food services,bayview hunters point",registered_businesses,False
rest_1267012-01-211,Bella And Boonya Incorporated,restaurant,1.5,11.25663852868536,11.0,22.0,37.765134,-122.4667305,4.2,"food,restaurant",base_pois,False
biz_1348195-12-231,Bella Vida,restaurant,1.0873398150717835,28.71870534280028,8.0,22.0,37.783521,-122.4406395,3.846620669086837,"restaurant,food services,japantown",registered_businesses,False
rest_1383035-03-251,Bento Taro,restaurant,1.5,10.41079093304847,11.0,22.0,37.787274,-122.4103905,4.2,"food,restaurant",base_pois,False
park_2,Berkeley Way Open Space,park,1.5,0.0,6.0,22.0,37.73957202,-122.43997224,4.0,"park,Neighborhood Park or Playground",base_pois,False
rest_1229117-07-191,Berliner Berliner,restaurant,1.5,31.0269414127945,11.0,22.0,37.771839,-122.4311625,4.2,"food,restaurant",base_pois,False
biz_1328866-03-231,Bernal Bakery,restaurant,1.2252973387823334,43.37383478305426,8.0,22.0,37.764684,-122.433471,3.941991938709606,"restaurant,food services,castro/upper market",registered_businesses,False
muni_3691,Bernal Heights Blvd&Powhattan Ave NE-FS,transport,0.1,0.0,0.0,24.0,37.74151,-122.41067,3.5,"muni,transit,stop",base_pois,False
park_11467,Bernal Heights Branch Library,park,1.5,0.0,6.0,22.0,37.73885485,-122.41613392,4.0,"park,Library",base_pois,False
park_36,Bernal Heights Park,park,1.5,0.0,6.0,22.0,37.74313673,-122.41426524,4.0,"park,Neighborhood Park or Playground",base_pois,False
park_33,Bernal Heights Rec Center,park,1.5,0.0,6.0,22.0,37.73845177,-122.41617543,4.0,"park,Neighborhood Park or Playground",base_pois,False
biz_0488695-01-001,Berner Rosen Baking,restaurant,1.0911314454263827,37.95327576076733,8.0,22.0,37.759932,-122.4224055,4.2987028177865225,"restaurant,food services,mission",registered_businesses,False
rest_0938724-06-001,Best Beverage Catering,restaurant,1.5,42.96817088325162,11.0,22.0,37.778085,-122.4173295,4.2,"food,restaurant",base_pois,False
park_140,Betty Ann Ong Rec Center,park,1.5,0.0,6.0,22.0,37.79423135,-122.41177669,4.0,"park,Neighborhood Park or Playground",base_pois,False
biz_1224931-06-191,Bhoga,restaurant,1.082936222868173,14.170528833961479,8.0,22.0,37.761408,-122.435424,4.188747839913885,"restaurant,food services,castro/upper market",registered_businesses,False
rest_1197056-08-181,Bicycle Banh Mi Inc.,restaurant,1.5,27.352963136023796,11.0,22.0,37.722369151,-122.393707139,4.2,"food,restaurant",base_pois,False
rest_1305748-05-221,Big Baobab,restaurant,1.5,42.508385847448594,11.0,22.0,37.76112,-122.419089,4.2,"food,restaurant",base_pois,False
park_5,Billy Goat Hill,park,1.5,0.0,6.0,22.0,37.74141293,-122.43321192,4.0,"park,Neighborhood Park or Playground",base_pois,False
landmark_035,Bimbo's 365 Club,nightlife,3.7502152266450235,25.0,20.0,2.0,37.8024,-122.4208,4.746534079240192,"club,music,nightlife,venue,entertainment",sf_landmarks_curated,False
rest_1375478-11-241,Bingo Street Coffee,restaurant,1.5,40.93830548028448,11.0,22.0,37.790946,-122.40135,4.2,"food,restaurant",base_pois,False
rest_0488459-01-001,Birba,restaurant,1.5,40.3272227606574,11.0,22.0,37.777878,-122.4242325,4.2,"food,restaurant",base_pois,False
rest_1265448-12-201,Biriani House,restaurant,1.5,25.95410101621751,11.0,22.0,37.757088,-122.420853,4.2,"food,restaurant",base_pois,False
biz_1217096-03-191,Bite Me Sandwiches,restaurant,1.9305942708769042,32.292919578265135,8.0,22.0,37.768437,-122.450769,4.335969251028045,"restaurant,food services,haight ashbury",registered_businesses,False
biz_1185091-04-181,Biteunite Of Usa Llc,restaurant,1.123938054440878,17.47110872687411,8.0,22.0,37.763424,-122.417523,4.2134463578205805,"restaurant,food services,mission",registered_businesses,False
muni_7009,Blanken  Ave&Nueva  Avesw-Ns/Sb,transport,0.24152641555411233,0.0,5.0,24.0,37.71119,-122.39747,3.711968322374336,"transport,muni,transit",muni_stops,True
muni_7011,Blanken Ave&Peninsula Ave NE-NS/PS,transport,0.1,0.0,0.0,24.0,37.71162,-122.39896,3.5,"muni,transit,stop",base_pois,False
biz_1295806-01-221,Bloomberg San Fran Pantry #29150004,restaurant,1.4709521384568172,34.964719507755504,8.0,22.0,37.794268369,-122.393386002,4.540614561000053,"restaurant,food services,financial district/south beach",registered_businesses,False
biz_1287267-09-211,Bloomstock,restaurant,1.0431752250568844,17.294950878609793,8.0,22.0,37.728468,-122.3939925,3.940854506282586,"restaurant,food services,bayview hunters point",registered_businesses,False
rest_0445533-01-004,Blue Bottle Coffee LLC,restaurant,1.5,18.49408842923073,11.0,22.0,37.785924,-122.400765,4.2,"food,restaurant",base_pois,False
rest_1199767-09-181,Blue Bottle Coffee,restaurant,1.5,28.42234091621577,11.0,22.0,37.786986,-122.398911,4.2,"food,restaurant",base_pois,False
rest_1278810-05-211,Blue Iguana,restaurant,1.5,35.02308772586742,11.0,22.0,37.72935,-122.4434655,4.2,"food,restaurant",base_pois,False
rest_1162540-09-171,Bluestar Refreshment Services@Uber Technologies Inc.,restaurant,1.5,20.75160034545401,11.0,22.0,37.787748817,-122.403194145,4.2,"food,restaurant",base_pois,False
rest_0459315-01-001,Bluestem Brasserie,restaurant,1.5,11.477833725421917,11.0,22.0,37.785402,-122.4044055,4.2,"food,restaurant",base_pois,False
rest_1219373-04-191,Bluestone Lane,restaurant,1.5,23.678884595348144,11.0,22.0,37.788795,-122.4004365,4.2,"food,restaurant",base_pois,False
rest_1358457-04-241,Boa's,restaurant,1.5,40.80989373748051,11.0,22.0,37.775394,-122.50134,4.2,"food,restaurant",base_pois,False
sfo_3400,Boarding Area A - 100A,airport,3.448764265822736,0.0,0.0,24.0,37.61293329400007,-122.38932555599996,4.284516202683243,"airport,airport (sfo)",sfo_facilities,False
sfo_3451,Boarding Area B - 200B,airport,3.472716846533238,0.0,0.0,24.0,37.61414051000003,-122.38533053199995,4.015978760238819,"airport,airport (sfo)",sfo_facilities,False
sfo_3413,Boarding Area C - 200C,airport,4.39914554130732,0.0,0.0,24.0,37.61508185400004,-122.38308095899998,4.6033144196799105,"airport,airport (sfo)",sfo_facilities,False
sfo_3411,Boarding Area D - 300D,airport,3.690431377033299,0.0,0.0,24.0,37.61691628400007,-122.38279712999996,4.767430941127136,"airport,airport (sfo)",sfo_facilities,False
sfo_3353,Boarding Area F Jetway Building - 400G,airport,4.190915797430857,0.0,0.0,24.0,37.62025513400005,-122.38891041,4.0254724145879885,"airport,airport (sfo)",sfo_facilities,False
sfo_3437,Boarding Area F Jetway Building - 400I,airport,3.6936746691008926,0.0,0.0,24.0,37.62092312100003,-122.39036567999996,4.701418286297989,"airport,airport (sfo)",sfo_facilities,False
sfo_3438,Boarding Area F Jetway Building - 400J,airport,3.8111882707105744,0.0,0.0,24.0,37.62111621400004,-122.39032998999994,4.720961281707325,"airport,airport (sfo)",sfo_facilities,False
sfo_3439,Boarding Area F Jetway Building - 400K,airport,4.050848905345349,0.0,0.0,24.0,37.62124487500006,-122.39017123899998,4.960459450002746,"airport,airport (sfo)",sfo_facilities,False
sfo_3440,Boarding Area F Jetway Building - 400L,airport,4.216685344185058,0.0,0.0,24.0,37.62116985400007,-122.38983414199998,4.282249934687687,"airport,airport (sfo)",sfo_facilities,False
sfo_3441,Boarding Area F Jetway Building - 400M,airport,2.743380574748179,0.0,0.0,24.0,37.62087971500006,-122.38914559399996,4.544817452974703,"airport,airport (sfo)",sfo_facilities,False
sfo_3443,Boarding Area F Jetway Building - 400P,airport,3.0374302973613263,0.0,0.0,24.0,37.62030427500008,-122.38777648899998,4.578751452748394,"airport,airport (sfo)",sfo_facilities,False
sfo_3402,Boarding Area G - 100G,airport,3.2269356394600393,0.0,0.0,24.0,37.617865607000056,-122.39136494399996,4.475281185713007,"airport,airport (sfo)",sfo_facilities,False
rest_1258410-08-201,Boba Gen,restaurant,1.5,36.94638707851968,11.0,22.0,37.780677,-122.404158,4.2,"food,restaurant",base_pois,False
biz_0474608-02-001,Boba Guys,restaurant,1.6564487180661818,29.486693520361793,8.0,22.0,37.75995,-122.421141,3.9775490026628977,"restaurant,food services,mission",registered_businesses,False
biz_1244866-02-201,Bobabunni Llc,restaurant,1.97804574578798,21.963819682197485,8.0,22.0,37.777455,-122.4632475,4.23982444595741,"restaurant,food services,inner richmond",registered_businesses,False
biz_0366706-01-001,Boboquivari'S The Steak,restaurant,1.2151312180782745,15.633162416979623,8.0,22.0,37.801548,-122.4255735,4.36548689735763,"restaurant,food services,marina",registered_businesses,False
rest_1147156-05-171,Bon Appetit Linked In Cafe,restaurant,1.5,20.657056486808433,11.0,22.0,37.789299,-122.403465,4.2,"food,restaurant",base_pois,False
rest_1380780-02-251,Bonita Chilanga,restaurant,1.5,12.043973670814292,11.0,22.0,37.771594,-122.388589,4.2,"food,restaurant",base_pois,False
muni_3694,Bosworth St&Elk St SW-NS/SB,transport,0.1,0.0,0.0,24.0,37.734871,-122.44007,3.5,"muni,transit,stop",base_pois,False
muni_3699,Bosworth St&Lippard Ave SW-NS/PS,transport,0.1,0.0,0.0,24.0,37.733827,-122.43597,3.5,"muni,transit,stop",base_pois,False
rest_1153379-07-171,Botellon,restaurant,1.5,23.891597597818013,11.0,22.0,37.765856284,-122.431153596,4.2,"food,restaurant",base_pois,False
landmark_038,Bottom of the Hill,nightlife,3.089096804082679,20.0,20.0,2.0,37.7575,-122.4028,4.674641586342876,"venue,music,rock,nightlife,bar",sf_landmarks_curated,False
biz_0091124-01-001,Boudin Operating Properties,restaurant,1.324770628634481,11.535216809311988,8.0,22.0,37.808505,-122.414922,4.349236474327221,"restaurant,food services,north beach",registered_businesses,False
rest_1228921-07-191,Boug Cali,restaurant,1.5,24.559251470939184,11.0,22.0,37.737351,-122.3822565,4.2,"food,restaurant",base_pois,False
biz_1158728-08-171,Boug Creole Deli,restaurant,1.842731968806472,34.29462742340155,8.0,22.0,37.740276,-122.389155,4.128408466033706,"restaurant,food services,bayview hunters point",registered_businesses,False
rest_1190085-05-181,Bovino,restaurant,1.5,46.404481929820776,11.0,22.0,37.750176,-122.414211,4.2,"food,restaurant",base_pois,False
rest_1194488-07-181,Bowld Acai,restaurant,1.5,44.556232570469696,11.0,22.0,37.769778,-122.4119115,4.2,"food,restaurant",base_pois,False
rest_0374204-01-001,Boxed Foods Company,restaurant,1.5,48.91002585369088,11.0,22.0,37.790415,-122.4042165,4.2,"food,restaurant",base_pois,False
biz_1213512-02-191,Boys Deli Inc,restaurant,1.4940636036617772,27.15849364963695,8.0,22.0,37.792143,-122.4027495,4.556332235867576,"restaurant,food services,financial district/south beach",registered_businesses,False
muni_3708,Bradford St&Bernal Heights Blvd Ne,transport,0.2659261455671379,0.0,5.0,24.0,37.74201,-122.4094,3.2583016197084915,"transport,muni,transit",muni_stops,True
biz_1174151-01-181,Braised + Bread,restaurant,1.3366708075973723,42.565469634019074,8.0,22.0,37.789533,-122.4030555,4.136208956244636,"restaurant,food services,financial district/south beach",registered_businesses,False
muni_3761,Brazil Ave&Mission St E-NS/PS,transport,0.1,0.0,0.0,24.0,37.724717,-122.434654,3.5,"muni,transit,stop",base_pois,False
muni_3767,Brazil Ave&Prague St W-NS/SB,transport,0.1,0.0,0.0,24.0,37.72052,-122.42616,3.5,"muni,transit,stop",base_pois,False
rest_1368293-08-241,Breadbelly,restaurant,1.5,39.1860830079038,11.0,22.0,37.758753,-122.383863,4.2,"food,restaurant",base_pois,False
biz_1313803-09-221,Breakfast Little,restaurant,1.2230361279982953,46.374854369185584,8.0,22.0,37.75518,-122.420322,4.285500864355256,"restaurant,food services,mission",registered_businesses,False
biz_1198792-08-181,Brew Cha,restaurant,1.0569132021284509,46.56051374676848,8.0,22.0,37.761837607,-122.41987604,3.9095666602664134,"restaurant,food services,mission",registered_businesses,False
muni_3719,Broad St&Plymouth Ave SW-NS/PS,transport,0.1,0.0,0.0,24.0,37.713161,-122.45618,3.5,"muni,transit,stop",base_pois,False
park_203,Broadway Tunnel W. Mini Park,park,1.5,0.0,6.0,22.0,37.7964406,-122.41743636,4.0,"park,Mini Park",base_pois,False
muni_3082,Broadway&Columbus Ave Se-Fs/Bz,transport,0.2113164607773249,0.0,5.0,24.0,37.797831,-122.406345,3.8089996206908485,"transport,muni,transit",muni_stops,True
muni_7862,Broadway&Sansome St SW-NS/BB,transport,0.1,0.0,0.0,24.0,37.798392,-122.402343,3.5,"muni,transit,stop",base_pois,False
muni_3087,Broadway&Stockton St SE-FS/BZ,transport,0.1,0.0,0.0,24.0,37.797591,-122.408294,3.5,"muni,transit,stop",base_pois,False
muni_3072,Broderick St&Bay St SE-NS/SB,transport,0.1,0.0,0.0,24.0,37.801541,-122.444798,3.5,"muni,transit,stop",base_pois,False
muni_3077,Broderick St&North Point St Se-Ns/Ps,transport,0.2775814792689335,0.0,5.0,24.0,37.802478,-122.444982,3.5230442768817083,"transport,muni,transit",muni_stops,True
muni_8162,Brookdale Ave&Blythdale Se-Ns/Ps,transport,0.3439314535055695,0.0,5.0,24.0,37.711304,-122.422231,3.62647126613384,"transport,muni,transit",muni_stops,True
park_18,Brooks Park,park,1.5,0.0,6.0,22.0,37.71728548,-122.46679189,4.0,"park,Neighborhood Park or Playground",base_pois,False
muni_7801,Brotherhood Way&Grace Community Church Ne-Ns/Sb,transport,0.3422654784600051,0.0,5.0,24.0,37.714595,-122.480189,3.4895200721894177,"transport,muni,transit",muni_stops,True
biz_0353929-01-001,Brothers Restaurant,restaurant,1.9749627024237713,30.87104327676938,8.0,22.0,37.781361,-122.463783,4.2641736247607716,"restaurant,food services,inner richmond",registered_businesses,False
rest_1134974-02-171,Brown Sugar Factory,restaurant,1.5,39.125715692736804,11.0,22.0,37.76445,-122.421591,4.2,"food,restaurant",base_pois,False
rest_0391259-01-001,Bruno's Restaurant,restaurant,1.5,11.746414709358527,11.0,22.0,37.758951,-122.4187875,4.2,"food,restaurant",base_pois,False
muni_3734,Bryant St&18TH St NW-NS/BZ,transport,0.1,0.0,0.0,24.0,37.76187,-122.4102,3.5,"muni,transit,stop",base_pois,False
muni_3737,Bryant St&19TH St SE-NS/BZ,transport,0.1,0.0,0.0,24.0,37.76038,-122.40991,3.5,"muni,transit,stop",base_pois,False
muni_3739,Bryant St&20Th St Se-Ns/Bz,transport,0.16051661051326524,0.0,5.0,24.0,37.75911,-122.40966,3.5841559266568357,"transport,muni,transit",muni_stops,True
muni_3723,Bryant St&4TH St S-NS/PS,transport,0.1,0.0,0.0,24.0,37.779003,-122.398667,3.5,"muni,transit,stop",base_pois,False
muni_3756,Bryant St&Mariposa St Nw-Ns/Bz,transport,0.3432492565478568,0.0,5.0,24.0,37.76314,-122.41032,3.2477124146582894,"transport,muni,transit",muni_stops,True
park_121,Buchanan St Mall,park,1.5,0.0,6.0,22.0,37.77951424,-122.42858096,4.0,"park,Neighborhood Park or Playground",base_pois,False
biz_0324581-03-001,Buckhorn Grill,restaurant,1.4889755153442745,18.040011602630674,8.0,22.0,37.784106,-122.406156,3.8254900561522387,"restaurant,food services,south of market",registered_businesses,False
park_81,Buena Vista Park,park,1.5,0.0,6.0,22.0,37.76856416,-122.44139746,4.0,"park,Regional Park",base_pois,False
biz_1270249-02-211,Buena Vista Sf,restaurant,1.6843058196797618,11.531003758033771,8.0,22.0,37.759707,-122.41881,4.133614881342691,"restaurant,food services,mission",registered_businesses,False
biz_1223699-05-191,Buenafe #2,restaurant,1.581727297958715,18.48792113136089,8.0,22.0,37.765962,-122.3885295,4.298344217563525,"restaurant,food services,potrero hill",registered_businesses,False
rest_1225705-06-191,Buko Bakes,restaurant,1.5,42.132581963116984,11.0,22.0,37.750176,-122.414211,4.2,"food,restaurant",base_pois,False
biz_1318239-11-221,Bun Love Llc,restaurant,1.964282648704108,37.775111194340155,8.0,22.0,37.771594,-122.388589,4.415773113402727,"restaurant,food services,mission bay",registered_businesses,False
biz_1267513-01-211,Bunbao.Com Inc,restaurant,1.209277347571951,36.98382963281528,8.0,22.0,37.749823358,-122.495489505,4.441999701138466,"restaurant,food services,sunset/parkside",registered_businesses,False
biz_1361591-05-241,Bunbao.Com Inc,restaurant,1.4870454933791568,10.945553506633964,8.0,22.0,37.809023846,-122.4156024,4.804451384029112,"restaurant,food services,north beach",registered_businesses,False
rest_1284291-08-211,Bunbao.Com,restaurant,1.5,32.741529996346685,11.0,22.0,37.783485,-122.433327,4.2,"food,restaurant",base_pois,False
biz_1274552-04-211,"Burgdirect, Llc",restaurant,1.5165745048430121,38.960652512784876,8.0,22.0,37.786518,-122.442714,4.049634797110249,"restaurant,food services,pacific heights",registered_businesses,False
muni_3712,Burnett Ave&Crestline Dr W-Fs/Sb,transport,0.3319684282556505,0.0,5.0,24.0,37.749121,-122.444938,3.5427388380468763,"transport,muni,transit",muni_stops,True
park_108,Bush & Broderick Mini Park,park,1.5,0.0,6.0,22.0,37.78559708,-122.4425508,4.0,"park,Mini Park",base_pois,False
biz_1209105-01-191,Buster'S Cheese Steak,restaurant,1.1729273077669315,24.409407063868564,8.0,22.0,37.799055,-122.403798,4.472664984022034,"restaurant,food services,north beach",registered_businesses,False
biz_1272301-03-211,Butter & Crumble,restaurant,1.1923140402756893,18.102913412113544,8.0,22.0,37.799163,-122.435703,4.068286701003206,"restaurant,food services,marina",registered_businesses,False
biz_1301662-04-221,Buttermilk Southern Kitchen,restaurant,1.0429576273756447,42.61021572981497,8.0,22.0,37.754514,-122.4091395,4.817952269013867,"restaurant,food services,mission",registered_businesses,False
biz_1235394-10-191,By Me Boba Tea,restaurant,1.0606307421894052,23.81823971940923,8.0,22.0,37.795617,-122.4072495,4.243251784913056,"restaurant,food services,chinatown",registered_businesses,False
biz_1143255-04-171,C&A Ventures Llc,restaurant,1.6906470731051537,11.88560078634558,8.0,22.0,37.761714,-122.4254205,4.6565523367267,"restaurant,food services,mission",registered_businesses,False
landmark_010,Cable Car Museum,museum,1.5603806099098856,8.0,9.0,17.0,37.7947,-122.4107,4.148932725477312,"museum,transportation,history,cable car",sf_landmarks_curated,False
park_95,Cabrillo Playground,park,1.5,0.0,6.0,22.0,37.77287238,-122.49871358,4.0,"park,Neighborhood Park or Playground",base_pois,False
muni_3927,Cabrillo St&La Playa Ne-Ns/Si,transport,0.18243929751808421,0.0,5.0,24.0,37.773562,-122.50998,3.596083489828352,"transport,muni,transit",muni_stops,True
muni_7538,Cabrillo&7Th Ave. Ns-Ne,transport,0.2103724015912017,0.0,5.0,24.0,37.775379,-122.464834,3.506490528358376,"transport,muni,transit",muni_stops,True
biz_0404859-01-001,Cafe 101,restaurant,1.824415542683493,46.00674159526358,8.0,22.0,37.720920052,-122.478192754,4.3507342359388055,"restaurant,food services,lakeshore",registered_businesses,False
biz_0325687-08-001,Cafe 24,restaurant,1.3495636114520337,22.11540949925022,8.0,22.0,37.767306984,-122.391992017,3.94682903715296,"restaurant,food services,mission bay",registered_businesses,False
rest_1198829-08-181,Cafe At The Opera,restaurant,1.5,42.31135976652796,11.0,22.0,37.778472,-122.4203805,4.2,"food,restaurant",base_pois,False
rest_0392442-01-001,Cafe Bean,restaurant,1.5,19.0397329087804,11.0,22.0,37.788804,-122.4138555,4.2,"food,restaurant",base_pois,False
rest_0460264-01-001,Cafe Bunn Mi,restaurant,1.5,41.61661263167761,11.0,22.0,37.782738,-122.463711,4.2,"food,restaurant",base_pois,False
rest_0955056-04-001,Cafe Coco,restaurant,1.5,11.382053716385307,11.0,22.0,37.780704,-122.464494,4.2,"food,restaurant",base_pois,False
biz_1071239-05-161,Cafe Hana,restaurant,1.3246436671103337,26.467264357116726,8.0,22.0,37.785168,-122.430564,4.471146597865961,"restaurant,food services,japantown",registered_businesses,False
biz_0399432-02-001,Cafe Isabella,restaurant,1.5006608406612698,45.75064778374629,8.0,22.0,37.795401,-122.413077,4.406601827473315,"restaurant,food services,nob hill",registered_businesses,False
biz_1318241-11-221,Cafe La Rosa,restaurant,1.9039041887954788,22.250593673723152,8.0,22.0,37.784988,-122.41764,4.417983591629863,"restaurant,food services,tenderloin",registered_businesses,False
biz_1242515-01-201,Cafe Reveille,restaurant,1.2280794079564163,17.634112937325796,8.0,22.0,37.794807,-122.4211905,3.9048514150616276,"restaurant,food services,russian hill",registered_businesses,False
biz_0444245-01-001,Cafe Zoetrope,restaurant,1.832366358465001,43.0180181665589,8.0,22.0,37.796544,-122.4050355,4.49765016971698,"restaurant,food services,chinatown",registered_businesses,False
biz_1140157-03-171,Cafe' Vertigo,restaurant,1.6629244515369208,19.37051430670507,8.0,22.0,37.788579,-122.4159435,4.256074326795399,"restaurant,food services,nob hill",registered_businesses,False
biz_0482490-01-001,Caffe Centro,restaurant,1.453614178454622,33.786306919528336,8.0,22.0,37.78163481,-122.394228602,3.688817934248795,"restaurant,food services,financial district/south beach",registered_businesses,False
rest_0415795-01-001,Caffe Moda,restaurant,1.5,26.243936385547883,11.0,22.0,37.778301,-122.410242,4.2,"food,restaurant",base_pois,False
biz_1302553-04-221,Cajun O' Cajun,restaurant,1.7867867120225087,18.50283685155384,8.0,22.0,37.726596,-122.3656245,4.395532059773685,"restaurant,food services,bayview hunters point",registered_businesses,False
biz_1233266-09-191,Cala,restaurant,1.9377054325359795,23.827797684403134,8.0,22.0,37.776002999,-122.420367022,3.9912872118071245,"restaurant,food services,hayes valley",registered_businesses,False
landmark_003,California Academy of Sciences,museum,2.4484242195453154,39.95,9.0,17.0,37.7699,-122.4661,4.555780504601541,"museum,science,aquarium,planetarium",sf_landmarks_curated,False
muni_3831,California St&12TH Ave NE-NS/BZ,transport,0.1,0.0,0.0,24.0,37.784586,-122.470848,3.5,"muni,transit,stop",base_pois,False
muni_3833,California St&16TH Ave NE-NS/BZ,transport,0.1,0.0,0.0,24.0,37.784386,-122.475229,3.5,"muni,transit,stop",base_pois,False
muni_3838,California St&22Nd Ave Sw-Ns/Ps,transport,0.37980552484226254,0.0,5.0,24.0,37.783941,-122.481893,3.5025616710042247,"transport,muni,transit",muni_stops,True
muni_3841,California St&28Th Ave Ne-Ns/Ps,transport,0.21781851817699782,0.0,5.0,24.0,37.783798,-122.488074,3.5471777408528045,"transport,muni,transit",muni_stops,True
muni_3826,California St&7Th Ave Se-Fs/Bz,transport,0.3656195917458696,0.0,5.0,24.0,37.784819,-122.465432,3.372280727917713,"transport,muni,transit",muni_stops,True
muni_3869,California St&Jones St N-MI,transport,0.1,0.0,0.0,24.0,37.791472,-122.414121,3.5,"muni,transit,stop",base_pois,False
muni_3875,California St&Laurel St NE-NS/BZ,transport,0.1,0.0,0.0,24.0,37.786923,-122.449957,3.5,"muni,transit,stop",base_pois,False
muni_3881,California St&Mason St SW-NS,transport,0.1,0.0,0.0,24.0,37.791747,-122.410957,3.5,"muni,transit,stop",base_pois,False
muni_3892,California St&Presidio Ave NW-FS/BZ,transport,0.1,0.0,0.0,24.0,37.787265,-122.446965,3.5,"muni,transit,stop",base_pois,False
muni_3893,California St&Presidio Ave SW-NS/BZ,transport,0.1,0.0,0.0,24.0,37.787212,-122.446931,3.5,"muni,transit,stop",base_pois,False
muni_3894,California St&Sansome St NE-NS,transport,0.1,0.0,0.0,24.0,37.793145,-122.400982,3.5,"muni,transit,stop",base_pois,False
muni_3900,California St&Stockton St S-Mi,transport,0.34911666207088565,0.0,5.0,24.0,37.792184,-122.407529,3.7747959984463275,"transport,muni,transit",muni_stops,True
rest_1240700-12-191,California Sweet Chicken,restaurant,1.5,44.6750973243421,11.0,22.0,37.792143,-122.4027495,4.2,"food,restaurant",base_pois,False
biz_1227695-07-191,Call Me Foodie,restaurant,1.338591443210814,32.96162530723018,8.0,22.0,37.72359,-122.453829,3.734701578873611,"restaurant,food services,west of twin peaks",registered_businesses,False
park_10379,Camp Mather,park,1.5,0.0,6.0,22.0,37.88160756,-119.85077279,4.0,"park,Family Camp",base_pois,False
biz_0334673-02-001,Cancun Restaurant #1,restaurant,1.402138074903554,19.233026902578786,8.0,22.0,37.781982,-122.410341,4.217528289683305,"restaurant,food services,south of market",registered_businesses,False
rest_1279014-06-211,Candlestick Park,restaurant,1.5,41.4794848220121,11.0,22.0,37.778593148,-122.39238458,4.2,"food,restaurant",base_pois,False
biz_0458938-01-001,Cantata Coffee Shop,restaurant,1.1617824577922657,43.87422898136737,8.0,22.0,37.76967,-122.4504945,4.376633128224457,"restaurant,food services,haight ashbury",registered_businesses,False
rest_1323154-02-231,Canteen (Break Room 19th Floor & Break Room 20th Floor),restaurant,1.5,35.012330625119084,11.0,22.0,37.786329,-122.3982495,4.2,"food,restaurant",base_pois,False
rest_1296514-02-221,Canteen @ Wework Salesforce Tower,restaurant,1.5,40.669377953193866,11.0,22.0,37.789938,-122.397111,4.2,"food,restaurant",base_pois,False
rest_1323186-02-231,Canteen(Break Roomn 24th Floor),restaurant,1.5,29.81153614223535,11.0,22.0,37.786329,-122.3982495,4.2,"food,restaurant",base_pois,False
biz_1246871-02-201,Canteen,restaurant,1.0027072736757872,28.325634275788214,8.0,22.0,37.780335,-122.4120285,4.558994531200444,"restaurant,food services,south of market",registered_businesses,False
rest_1301934-04-221,Capital One Cafe Managed By Eurest,restaurant,1.5,11.612540628519241,11.0,22.0,37.788687,-122.4038925,4.2,"food,restaurant",base_pois,False
rest_1285338-08-211,Carbon Grill,restaurant,1.5,42.48608019456949,11.0,22.0,37.783008,-122.4685575,4.2,"food,restaurant",base_pois,False
sfo_3354,Cargo Building - 612,airport,3.0769852062838954,0.0,0.0,24.0,37.62095140900004,-122.39870576299997,4.478291401833088,"airport,airport (sfo)",sfo_facilities,False
sfo_3392,Cargo Building - 944,airport,3.9333307409290574,0.0,0.0,24.0,37.63593384700005,-122.38986945099998,4.257889479070563,"airport,airport (sfo)",sfo_facilities,False
muni_4337,Cargo Way&3Rd St Ne-Ns/Sb,transport,0.16779220563697342,0.0,5.0,24.0,37.74606,-122.38695,3.2500038047974007,"transport,muni,transit",muni_stops,True
muni_4338,Cargo Way&3Rd St Se-Fs/Sb,transport,0.20218172085924013,0.0,5.0,24.0,37.74577,-122.38665,3.3377192195904355,"transport,muni,transit",muni_stops,True
park_86,Carl Larsen Park,park,1.5,0.0,6.0,22.0,37.73928981,-122.4759929,4.0,"park,Neighborhood Park or Playground",base_pois,False
biz_1028368-05-151,Carville Coffee Company,restaurant,1.4752073785262927,40.149397215727724,8.0,22.0,37.736325,-122.5057635,3.8773133657710956,"restaurant,food services,sunset/parkside",registered_businesses,False
biz_0455083-01-001,Casey'S Pizza Llc,restaurant,1.6261592858404692,45.75496565717534,8.0,22.0,37.785294,-122.443029,4.281936617487988,"restaurant,food services,pacific heights",registered_businesses,False
biz_1267030-01-211,Casita Vegana,restaurant,1.9873126199571438,10.884022907006743,8.0,22.0,37.620088997,-122.426738023,4.01195978298312,"restaurant,food services,nan",registered_businesses,False
muni_4313,Castro St&17Th St Se-Ns/Bz,transport,0.23660168649360216,0.0,5.0,24.0,37.76237,-122.43508,3.590889616265315,"transport,muni,transit",muni_stops,True
muni_4315,Castro St&18TH St SW-FS/BB,transport,0.1,0.0,0.0,24.0,37.760863,-122.435048,3.5,"muni,transit,stop",base_pois,False
muni_4316,Castro St&19TH St NW-NS/PS,transport,0.1,0.0,0.0,24.0,37.75939,-122.43491,3.5,"muni,transit,stop",base_pois,False
muni_4317,Castro St&19TH St SE-NS/PS,transport,0.1,0.0,0.0,24.0,37.75916,-122.43479,3.5,"muni,transit,stop",base_pois,False
muni_4322,Castro St&22Nd St Nw-Ns/Ps,transport,0.22093952395148345,0.0,5.0,24.0,37.75464,-122.43448,3.2305659104881843,"transport,muni,transit",muni_stops,True
muni_7290,Castro St&26TH St NW-NS/SB,transport,0.1,0.0,0.0,24.0,37.748201,-122.433893,3.5,"muni,transit,stop",base_pois,False
muni_4331,Castro St&Duboce Ave Se-Ns/Bz,transport,0.24282012187715674,0.0,5.0,24.0,37.76895,-122.43571,3.5840620615880927,"transport,muni,transit",muni_stops,True
biz_0453492-03-001,Cater2.Me,restaurant,1.58814634811407,30.459234439799584,8.0,22.0,37.775862,-122.418054,3.885654381254658,"restaurant,food services,south of market",registered_businesses,False
rest_1151693-06-171,Cater2u Sf LLC,restaurant,1.5,27.755292302741438,11.0,22.0,37.733481,-122.3878275,4.2,"food,restaurant",base_pois,False
rest_1277866-05-211,Cater4u,restaurant,1.5,28.993901622839186,11.0,22.0,37.781388,-122.42142,4.2,"food,restaurant",base_pois,False
park_159,Cayuga & Lamartine Mini Park,park,1.5,0.0,6.0,22.0,37.73034855,-122.4329585,4.0,"park,Mini Park",base_pois,False
park_15,Cayuga Playground,park,1.5,0.0,6.0,22.0,37.71389148,-122.45035425,4.0,"park,Neighborhood Park or Playground",base_pois,False
sfo_3393,Ccsf San Francisco City College - 928A,airport,3.3581502319736387,0.0,0.0,24.0,37.63596388000008,-122.38307846599996,4.319616053836518,"airport,airport (sfo)",sfo_facilities,False
sfo_3391,Ccsf San Francisco City College - 928,airport,3.0515241509901383,0.0,0.0,24.0,37.63576999700007,-122.38343023099998,4.396416498872022,"airport,airport (sfo)",sfo_facilities,False
biz_1146225-05-171,Cease & Desist,restaurant,1.4235853482947864,20.71076350726398,8.0,22.0,37.759707,-122.41881,4.0841388465936515,"restaurant,food services,mission",registered_businesses,False
biz_0463965-01-001,Cece'S Corn Dog Circus,restaurant,1.765024405178043,23.24933546276064,8.0,22.0,37.775763,-122.463126,4.006372484621651,"restaurant,food services,inner richmond",registered_businesses,False
biz_1079841-06-161,Celias No 1 Restaurant,restaurant,1.1930251895393706,34.16215470614412,8.0,22.0,37.760247,-122.505219,4.1957908190666435,"restaurant,food services,sunset/parkside",registered_businesses,False
biz_1008809-10-141,Cen Shi Bi Fu Chinese Medical Services,restaurant,1.38933400559165,18.591784786968972,8.0,22.0,37.793511,-122.407668,4.379337114402169,"restaurant,food services,chinatown",registered_businesses,False
sfo_3419,Central Parking Garage - 195,airport,2.971315911138067,0.0,0.0,24.0,37.61635278500006,-122.38612458699998,4.389197543275997,"airport,airport (sfo)",sfo_facilities,False
muni_7750,Cesar Chavez St&Florida St Ne-Ns/Bb,transport,0.3495019637211465,0.0,5.0,24.0,37.748374,-122.409558,3.919392362468853,"transport,muni,transit",muni_stops,True
muni_7751,Cesar Chavez St&Harrison St NE-NS/BZ,transport,0.1,0.0,0.0,24.0,37.748339,-122.41138,3.5,"muni,transit,stop",base_pois,False
muni_3936,Cesar Chavez St&South Van Ness Ave NE-NS/BB,transport,0.1,0.0,0.0,24.0,37.748305,-122.415756,3.5,"muni,transit,stop",base_pois,False
muni_7592,Cesar Chavez St&Valencia St SE-FS/BB,transport,0.1,0.0,0.0,24.0,37.748056,-122.420064,3.5,"muni,transit,stop",base_pois,False
rest_1322197-01-231,Ceviche 19,restaurant,1.5,28.031521847450048,11.0,22.0,37.760094,-122.418819,4.2,"food,restaurant",base_pois,False
biz_1366848-07-241,Chaa Roen Pohn,restaurant,1.6794508332959412,14.198105610557857,8.0,22.0,37.738881,-122.4804195,4.713636273655195,"restaurant,food services,sunset/parkside",registered_businesses,False
biz_1183519-03-181,Chaha,restaurant,1.985621101512008,49.53053405382591,8.0,22.0,37.776276,-122.396517,4.386818012785864,"restaurant,food services,south of market",registered_businesses,False
rest_1230459-08-191,Chaitip Purnindu,restaurant,1.5,35.51961866465104,11.0,22.0,37.78488,-122.414985,4.2,"food,restaurant",base_pois,False
rest_1066725-05-161,Chaska Deli Coffee,restaurant,1.5,19.35939822700626,11.0,22.0,37.74915,-122.418513,4.2,"food,restaurant",base_pois,False
rest_1147560-05-171,Cheese Steak On Clay,restaurant,1.5,34.04065355073445,11.0,22.0,37.79433,-122.403978,4.2,"food,restaurant",base_pois,False
rest_1125487-10-161,Chef Li's Cafe,restaurant,1.5,14.532799165001634,11.0,22.0,37.72719,-122.403762,4.2,"food,restaurant",base_pois,False
muni_3971,Chenery St&Miguel St S-NS/PS,transport,0.1,0.0,0.0,24.0,37.73714,-122.42775,3.5,"muni,transit,stop",base_pois,False
muni_3972,Chenery St&Miguel St W-Fs/Ps,transport,0.3189371278901424,0.0,5.0,24.0,37.73711,-122.42792,3.5016836335254053,"transport,muni,transit",muni_stops,True
muni_3973,Chenery St&Natick St SW-NS/PS,transport,0.1,0.0,0.0,24.0,37.73458,-122.43191,3.5,"muni,transit,stop",base_pois,False
muni_3974,Chenery St&Randall St NW-NS/PS,transport,0.1,0.0,0.0,24.0,37.739929,-122.425692,3.5,"muni,transit,stop",base_pois,False
park_152,Chestnut & Kearny Open Space,park,1.5,0.0,6.0,22.0,37.80464044,-122.40711737,4.0,"park,Mini Park",base_pois,False
muni_3940,Chestnut St&Divisadero St NE-NS/BZ,transport,0.1,0.0,0.0,24.0,37.800051,-122.442746,3.5,"muni,transit,stop",base_pois,False
muni_3942,Chestnut St&Fillmore St SW-NS/BZ,transport,0.1,0.0,0.0,24.0,37.800738,-122.436371,3.5,"muni,transit,stop",base_pois,False
muni_7856,Chestnut St&Gough St Sw-Ns/Bz,transport,0.1550646900044365,0.0,5.0,24.0,37.801825,-122.428104,3.2765609154263817,"transport,muni,transit",muni_stops,True
muni_3947,Chestnut St&Laguna St NW-FS/BZ,transport,0.1,0.0,0.0,24.0,37.801486,-122.431475,3.5,"muni,transit,stop",base_pois,False
muni_3952,Chestnut St&Pierce St Nw-Fs/Bz,transport,0.3395004412833366,0.0,5.0,24.0,37.800506,-122.439352,3.3441927041384663,"transport,muni,transit",muni_stops,True
muni_3959,Chestnut St&Webster St SW-NS/BZ,transport,0.1,0.0,0.0,24.0,37.800951,-122.434697,3.5,"muni,transit,stop",base_pois,False
muni_3960,Chicago Way&Cordova St E-FS/PS,transport,0.1,0.0,0.0,24.0,37.70887,-122.434222,3.5,"muni,transit,stop",base_pois,False
muni_3962,Chicago Way&Naylor St N-NS/PS,transport,0.1,0.0,0.0,24.0,37.709834,-122.432435,3.5,"muni,transit,stop",base_pois,False
biz_1272778-03-211,Chicano Nuevo,restaurant,1.9297682501350732,15.651481126958872,8.0,22.0,37.714266,-122.4370125,4.366458274451679,"restaurant,food services,excelsior",registered_businesses,False
biz_1333206-05-231,Chicano Nuevo,restaurant,1.1278823843523162,30.47216961726285,8.0,22.0,37.742922,-122.421294,4.004702243463249,"restaurant,food services,bernal heights",registered_businesses,False
biz_1118356-09-161,Chicken'Licious Noodle,restaurant,1.776648435888716,42.11705820919388,8.0,22.0,37.77993,-122.481675,4.456128168856672,"restaurant,food services,outer richmond",registered_businesses,False
biz_1260176-09-201,Chicken,restaurant,1.9439471258625964,33.51657969726015,8.0,22.0,37.73682,-122.40531,4.032038065059699,"restaurant,food services,bayview hunters point",registered_businesses,False
biz_1212085-02-191,Chilifruit,restaurant,1.7622513483035116,45.224401612381385,8.0,22.0,37.784997,-122.405688,4.46237465146583,"restaurant,food services,south of market",registered_businesses,False
biz_1215254-03-191,Chillo,restaurant,1.138580551442463,30.346427726661307,8.0,22.0,37.719718017,-122.149949978,4.37437207798025,"restaurant,food services,nan",registered_businesses,False
rest_1216474-03-191,Chinatown Restaurant Time Honored Association,restaurant,1.5,23.408580826771654,11.0,22.0,37.795392,-122.4059985,4.2,"food,restaurant",base_pois,False
landmark_027,Chinatown,shopping,1.4252811498988438,0.0,6.0,22.0,37.7941,-122.4078,4.584968840298176,"shopping,neighborhood,culture,food,chinese",sf_landmarks_curated,False
biz_1169158-11-171,Choco Kebab San Francisco,restaurant,1.8286478479269954,19.099371729174614,8.0,22.0,37.805508,-122.4319545,4.157603406875678,"restaurant,food services,marina",registered_businesses,False
rest_1240409-12-191,Chubby Noodle,restaurant,1.5,14.135679313099699,11.0,22.0,37.799775,-122.4085635,4.2,"food,restaurant",base_pois,False
biz_0424545-01-001,Chug Pub,restaurant,1.8812332156717089,32.29827682729551,8.0,22.0,37.765152,-122.4781425,4.124922935440922,"restaurant,food services,sunset/parkside",registered_businesses,False
muni_3981,Chumasero Dr&Font Blvd W-Fs/Sb,transport,0.19692898061243969,0.0,5.0,24.0,37.714954,-122.473135,3.4794185804518167,"transport,muni,transit",muni_stops,True
muni_7805,Chumasero Dr&Galindo Ave N/Fs-Sb,transport,0.2536885560404937,0.0,5.0,24.0,37.714151,-122.473158,3.3880333970558847,"transport,muni,transit",muni_stops,True
muni_3984,Church St&16TH St NW-NS/SI,transport,0.1,0.0,0.0,24.0,37.764621,-122.428722,3.5,"muni,transit,stop",base_pois,False
muni_3985,Church St&16Th St Se-Ns/Si,transport,0.20945884622044778,0.0,5.0,24.0,37.764382,-122.428609,3.7189138829633253,"transport,muni,transit",muni_stops,True
muni_3995,Church St&24TH St NW-NS/SI,transport,0.1,0.0,0.0,24.0,37.7518,-122.427497,3.5,"muni,transit,stop",base_pois,False
muni_8156,Church St&26TH St NW-NS/PS,transport,0.1,0.0,0.0,24.0,37.748603,-122.427261,3.5,"muni,transit,stop",base_pois,False
muni_4005,Church St&Duboce Ave Nw-Ns/Bz,transport,0.17047997104633192,0.0,5.0,24.0,37.769499,-122.429167,3.4103481616153424,"transport,muni,transit",muni_stops,True
muni_8059,Church St&Market St SW-FS/SI,transport,0.1,0.0,0.0,24.0,37.767286,-122.429053,3.5,"muni,transit,stop",base_pois,False
rest_1375871-12-241,Churros Cup & Coffee,restaurant,1.5,29.026621338015627,11.0,22.0,37.726650982,-122.365663034,4.2,"food,restaurant",base_pois,False
rest_1325256-02-231,Chuy's Fiestas Taqueria,restaurant,1.5,31.998056161457548,11.0,22.0,37.787823,-122.4136755,4.2,"food,restaurant",base_pois,False
muni_5784,City College Pedestrian Bridge N-Mb,transport,0.22005752719928445,0.0,5.0,24.0,37.72304,-122.451448,3.293973375183999,"transport,muni,transit",muni_stops,True
park_11559,City Hall,park,1.5,0.0,6.0,22.0,37.77914173,-122.41926539,4.0,"park,Other Non-Park Property",base_pois,False
biz_1328913-03-231,City View Restaurant,restaurant,1.2412934516895302,15.488875890065671,8.0,22.0,37.794852,-122.405859,4.256072349854231,"restaurant,food services,chinatown",registered_businesses,False
muni_4335,Cityview Way&Knollview Way NW-FS/SB,transport,0.1,0.0,0.0,24.0,37.748898,-122.451377,3.5,"muni,transit,stop",base_pois,False
muni_4032,Clarendon Ave&Clarendon Woods Se-Fs,transport,0.23983475849084718,0.0,5.0,24.0,37.75171,-122.45839,3.283575454779559,"transport,muni,transit",muni_stops,True
muni_4033,Clarendon Ave&Galewood Circle E-Mb,transport,0.2138022248997704,0.0,5.0,24.0,37.753074,-122.455858,3.5997758013245633,"transport,muni,transit",muni_stops,True
muni_4035,Clarendon Ave&Olympia Way N-FS/SB,transport,0.1,0.0,0.0,24.0,37.751628,-122.456178,3.5,"muni,transit,stop",base_pois,False
biz_1300542-03-221,Classie Cocktails,restaurant,1.9697937077507195,15.921787435056695,8.0,22.0,37.733796,-122.394879,4.219654417382947,"restaurant,food services,bayview hunters point",registered_businesses,False
biz_1275236-04-211,Claws Of Mantis,restaurant,1.6777086144544695,37.35256388415645,8.0,22.0,37.784511,-122.4141435,4.041296709007136,"restaurant,food services,tenderloin",registered_businesses,False
muni_4016,Clay St&Franklin St SW-NS/BZ,transport,0.1,0.0,0.0,24.0,37.791907,-122.424463,3.5,"muni,transit,stop",base_pois,False
muni_4019,Clay St&Hyde St Sw-Ns/Bz,transport,0.3293798831689042,0.0,5.0,24.0,37.792756,-122.417899,3.310033018663771,"transport,muni,transit",muni_stops,True
muni_4020,Clay St&Jones St Sw-Ns/Bz,transport,0.3790329219775067,0.0,5.0,24.0,37.793173,-122.414616,3.9147242919028282,"transport,muni,transit",muni_stops,True
muni_4022,Clay St&Larkin St Sw-Ns/Bz,transport,0.18100495382747386,0.0,5.0,24.0,37.792526,-122.419589,3.5494329941777893,"transport,muni,transit",muni_stops,True
muni_4024,Clay St&Mason St SE-FS/BZ,transport,0.1,0.0,0.0,24.0,37.793653,-122.410823,3.5,"muni,transit,stop",base_pois,False
muni_4027,Clay St&Powell St Sw-Ns/Bz,transport,0.3953155626859972,0.0,5.0,24.0,37.793826,-122.409591,3.5973263477761024,"transport,muni,transit",muni_stops,True
muni_4029,Clay St&Stockton St SE-FS/BZ,transport,0.1,0.0,0.0,24.0,37.794082,-122.407561,3.5,"muni,transit,stop",base_pois,False
muni_4031,Clay St&Van Ness Ave Sw-Ns/Bz,transport,0.3392340839856398,0.0,5.0,24.0,37.792106,-122.422913,3.313451311610738,"transport,muni,transit",muni_stops,True
muni_4082,Clayton St&Parnassus Ave NW-NS/PS,transport,0.1,0.0,0.0,24.0,37.765226,-122.447757,3.5,"muni,transit,stop",base_pois,False
biz_1140570-03-171,Clement Street Bar & Grill,restaurant,1.909051019798284,47.82148102914693,8.0,22.0,37.783062,-122.4668565,4.0217382295771715,"restaurant,food services,inner richmond",registered_businesses,False
muni_8000,Clipper Cove Way&Treasure Island Rd SE-FS/BZ,transport,0.1,0.0,0.0,24.0,37.81606,-122.370979,3.5,"muni,transit,stop",base_pois,False
muni_8067,Clipper St&Grand View Ave N-NS/PS,transport,0.1,0.0,0.0,24.0,37.748291,-122.442452,3.5,"muni,transit,stop",base_pois,False
park_135193,Clipper Terr Comm. Garden,park,1.5,0.0,6.0,22.0,37.74784807,-122.4431957,4.0,"park,Community Garden",base_pois,False
sfo_3456,Cng Filling Station - 947B,airport,3.2793423719657313,0.0,0.0,24.0,37.638454645000024,-122.39131965299998,4.502172959339342,"airport,airport (sfo)",sfo_facilities,False
biz_1293891-12-211,Cody'S Spot,restaurant,1.533358587514701,21.578863906746754,8.0,22.0,37.780677,-122.404158,4.114288836772541,"restaurant,food services,south of market",registered_businesses,False
biz_1396586-08-251,Coffee Bar Parnassus,restaurant,1.192941736493482,25.777516060339536,8.0,22.0,37.764189,-122.4560925,3.6609979984851555,"restaurant,food services,inner sunset",registered_businesses,False
rest_1203310-10-181,Coffee Bar,restaurant,1.5,29.409632610536647,11.0,22.0,37.792134,-122.4045495,4.2,"food,restaurant",base_pois,False
rest_1309660-07-221,Coffee Cultures,restaurant,1.5,42.194629559509366,11.0,22.0,37.795176756,-122.403292035,4.2,"food,restaurant",base_pois,False
biz_1110238-08-161,Coffee Pilgrimage,restaurant,1.0009899939263862,10.935663856088008,8.0,22.0,37.800594,-122.413617,4.3949674031306944,"restaurant,food services,russian hill",registered_businesses,False
landmark_016,Coit Tower,landmark,1.3861676896891928,9.0,6.0,22.0,37.8024,-122.4058,4.532691046977886,"landmark,tower,viewpoint,telegraph hill",sf_landmarks_curated,False
muni_7282,Cole St& Carl St Nw-Ns/Ps,transport,0.3934160182933346,0.0,5.0,24.0,37.765914,-122.450066,3.601782450802069,"transport,muni,transit",muni_stops,True
muni_4088,Cole St&17TH St NW-NS/SB,transport,0.1,0.0,0.0,24.0,37.761711,-122.449212,3.5,"muni,transit,stop",base_pois,False
muni_4092,Cole St&Carl St SW-FS/BZ,transport,0.1,0.0,0.0,24.0,37.76556,-122.44996,3.5,"muni,transit,stop",base_pois,False
muni_4097,Cole St&Parnassus Ave SE-NS/PS,transport,0.1,0.0,0.0,24.0,37.76477,-122.44971,3.5,"muni,transit,stop",base_pois,False
park_34,Coleridge Mini Park,park,1.5,0.0,6.0,22.0,37.74441806,-122.41965561,4.0,"park,Neighborhood Park or Playground",base_pois,False
rest_1248354-03-201,Collina,restaurant,1.5,39.62799365593516,11.0,22.0,37.795338,-122.418081,4.2,"food,restaurant",base_pois,False
park_137,Collis P. Huntington Park,park,1.5,0.0,6.0,22.0,37.79216622,-122.4121807,4.0,"park,Civic Plaza or Square",base_pois,False
muni_4104,Columbus Ave&Chestnut St Se-Ns,transport,0.3321484106344747,0.0,5.0,24.0,37.80341,-122.414586,3.275495561646449,"transport,muni,transit",muni_stops,True
muni_4105,Columbus Ave&Filbert St W-NS/BZ,transport,0.1,0.0,0.0,24.0,37.801188,-122.411605,3.5,"muni,transit,stop",base_pois,False
muni_4108,Columbus Ave&Green St E-NS/BZ,transport,0.1,0.0,0.0,24.0,37.799386,-122.408723,3.5,"muni,transit,stop",base_pois,False
muni_4120,Columbus Ave&Union St NW-NS/BZ,transport,0.1,0.0,0.0,24.0,37.800384,-122.410505,3.5,"muni,transit,stop",base_pois,False
biz_1147382-05-171,Compass Group Usa/Zenefits,restaurant,1.532740427337878,32.18445419705429,8.0,22.0,37.785480981,-122.39659024,3.9607908217800887,"restaurant,food services,financial district/south beach",registered_businesses,False
biz_1378460-01-251,Compass Intuit Br1,restaurant,1.3438159689243712,24.172201182049566,8.0,22.0,37.788273,-122.396094,4.3316745105261445,"restaurant,food services,financial district/south beach",registered_businesses,False
biz_1220976-05-191,"Compass One, Llc-Visa Connected Cafe",restaurant,1.1397875904698682,26.21530657991542,8.0,22.0,37.793988,-122.3950005,4.141041439046455,"restaurant,food services,financial district/south beach",registered_businesses,False
biz_1345271-10-231,Compass@Linkedin 4Th Floor,restaurant,1.0915598343705688,23.52008398192391,8.0,22.0,37.786329,-122.3982495,4.117970207200015,"restaurant,food services,financial district/south beach",registered_businesses,False
park_171700,Connecticut Friendship Garden,park,1.5,0.0,6.0,22.0,37.75740481,-122.39730975,4.0,"park,Community Garden",base_pois,False
muni_4123,Connecticut St&17TH St SE-NS/SB,transport,0.1,0.0,0.0,24.0,37.76498,-122.397661,3.5,"muni,transit,stop",base_pois,False
muni_4127,Connecticut St&19TH St SE-NS/PS,transport,0.1,0.0,0.0,24.0,37.76115,-122.39733,3.5,"muni,transit,stop",base_pois,False
muni_4130,Connecticut St&26TH St SW-FS/SB,transport,0.1,0.0,0.0,24.0,37.751028,-122.396488,3.5,"muni,transit,stop",base_pois,False
sfo_3457,Consolidated Administration Campus - 674,airport,3.8118309239477615,0.0,0.0,24.0,37.62292066200007,-122.39844214199996,4.360984124794525,"airport,airport (sfo)",sfo_facilities,False
rest_1356023-03-241,Constance Tea,restaurant,1.5,11.81498409596524,11.0,22.0,37.775907,-122.4965385,4.2,"food,restaurant",base_pois,False
biz_1301915-04-221,Constellation Culinary Group At Cooley Floor 20 And 21 Microkitchens,restaurant,1.3927100585609238,11.160993079015565,8.0,22.0,37.782079308,-122.388432556,3.91700338998076,"restaurant,food services,financial district/south beach",registered_businesses,False
landmark_008,Contemporary Jewish Museum,museum,2.0140704641324336,16.0,9.0,17.0,37.787,-122.4041,4.557370428865902,"museum,jewish,culture,contemporary",sf_landmarks_curated,False
biz_1313263-08-221,Cookingnstyle Llc,restaurant,1.580240216742943,41.30912007772655,8.0,22.0,37.73772,-122.422239,4.177282267593509,"restaurant,food services,bernal heights",registered_businesses,False
biz_1307355-06-221,Corazon Mexicano,restaurant,1.445265465999388,43.411200645043216,8.0,22.0,37.776582,-122.4026145,3.484620407474832,"restaurant,food services,south of market",registered_businesses,False
muni_4175,Corbett Ave&Danvers St W-FS/SB,transport,0.1,0.0,0.0,24.0,37.761327,-122.444078,3.5,"muni,transit,stop",base_pois,False
muni_4180,Corbett Ave&Hattie St SW-NS/SB,transport,0.1,0.0,0.0,24.0,37.76161,-122.44112,3.5,"muni,transit,stop",base_pois,False
muni_4181,Corbett Ave&Hopkins Ave N-NS/PS,transport,0.1,0.0,0.0,24.0,37.752869,-122.443815,3.5,"muni,transit,stop",base_pois,False
muni_4182,Corbett Ave&Iron Aly W-NS/PS,transport,0.1,0.0,0.0,24.0,37.75783,-122.444743,3.5,"muni,transit,stop",base_pois,False
muni_4183,Corbett Ave&Mars St S-Ns/Sb,transport,0.3365260580178753,0.0,5.0,24.0,37.760542,-122.44425,3.438278536043179,"transport,muni,transit",muni_stops,True
muni_4186,Corbett Ave&Romain St E-NS/SB,transport,0.1,0.0,0.0,24.0,37.755483,-122.442795,3.5,"muni,transit,stop",base_pois,False
muni_4187,Corbett Ave&Romain St S-FS/SB,transport,0.1,0.0,0.0,24.0,37.755349,-122.44283,3.5,"muni,transit,stop",base_pois,False
biz_1133563-01-171,Core Kitchen,restaurant,1.6387309128973808,39.21054912995712,8.0,22.0,37.781892,-122.4113355,3.943705201388956,"restaurant,food services,tenderloin",registered_businesses,False
park_80,Corona Heights Park,park,1.5,0.0,6.0,22.0,37.76498176,-122.43881015,4.0,"park,Neighborhood Park or Playground",base_pois,False
muni_4147,Cortland Ave&Bradford St N-Mb/Ps,transport,0.2685140539819538,0.0,5.0,24.0,37.739791,-122.409746,3.8073312328288536,"transport,muni,transit",muni_stops,True
muni_7213,Cortland Ave&Bronte St SW-NS/PS,transport,0.1,0.0,0.0,24.0,37.739711,-122.41017,3.5,"muni,transit,stop",base_pois,False
muni_4149,Cortland Ave&Elsie St N-FS/BZ,transport,0.1,0.0,0.0,24.0,37.73992,-122.41997,3.5,"muni,transit,stop",base_pois,False
muni_4155,Cortland Ave&Hilton St NW-FS/BZ,transport,0.1,0.0,0.0,24.0,37.739692,-122.40781,3.5,"muni,transit,stop",base_pois,False
muni_4159,Cortland Ave&Prentiss St SW-NS/PS,transport,0.1,0.0,0.0,24.0,37.73957,-122.41211,3.5,"muni,transit,stop",base_pois,False
biz_1192488-06-181,"Cosmopolitan Of Ca, Llc",restaurant,1.2348401632592312,13.38305524602964,8.0,22.0,37.789938,-122.397111,3.9454211169096856,"restaurant,food services,financial district/south beach",registered_businesses,False
park_199,Coso & Precita Mini Park,park,1.5,0.0,6.0,22.0,37.74624859,-122.41813353,4.0,"park,Mini Park",base_pois,False
park_127,Cottage Row Mini Park,park,1.5,0.0,6.0,22.0,37.78656476,-122.43232104,4.0,"park,Neighborhood Park or Playground",base_pois,False
rest_1295101-01-221,Cousins Maine Lobster,restaurant,1.5,26.006768678679176,11.0,22.0,37.805508,-122.4319545,4.2,"food,restaurant",base_pois,False
rest_0952180-01-001,Cove Cafe,restaurant,1.5,30.764587214623514,11.0,22.0,37.761894,-122.4354285,4.2,"food,restaurant",base_pois,False
park_110,Cow Hollow Playground,park,1.5,0.0,6.0,22.0,37.79734341,-122.44486464,4.0,"park,Neighborhood Park or Playground",base_pois,False
rest_1390114-05-251,Cq Noodles,restaurant,1.5,21.17162589620546,11.0,22.0,37.781901,-122.4821025,4.2,"food,restaurant",base_pois,False
rest_1036854-08-151,Craftsman And Wolves Pacific,restaurant,1.5,37.53664506561829,11.0,22.0,37.794834,-122.4222975,4.2,"food,restaurant",base_pois,False
rest_1149542-06-171,Craftsman And Wolves Valencia,restaurant,1.5,38.40590795591524,11.0,22.0,37.760958,-122.4218385,4.2,"food,restaurant",base_pois,False
park_198,Crags Court Garden,park,1.5,0.0,6.0,22.0,37.74142764,-122.44067677,4.0,"park,Neighborhood Park or Playground",base_pois,False
rest_1259208-09-201,Cream & Crumb Baking Co,restaurant,1.5,40.36200413111375,11.0,22.0,37.751778,-122.507154,4.2,"food,restaurant",base_pois,False
rest_1245216-02-201,Creighton's Fine Pastries LLC,restaurant,1.5,36.05278079854125,11.0,22.0,37.744569,-122.452596,4.2,"food,restaurant",base_pois,False
biz_1234945-09-191,Creola,restaurant,1.452507931524384,38.239012627192885,8.0,22.0,37.766205,-122.452785,3.883864502013022,"restaurant,food services,haight ashbury",registered_businesses,False
biz_1269435-02-211,Crepe-Madame Corporation,restaurant,1.1005220014167083,21.086824603938076,8.0,22.0,37.745982,-122.4399375,4.496535625529708,"restaurant,food services,noe valley",registered_businesses,False
muni_4191,Crescent Ave&Arnold Ave SW-NS/SB,transport,0.1,0.0,0.0,24.0,37.734966,-122.419726,3.5,"muni,transit,stop",base_pois,False
muni_4196,Crescent Ave&Folsom St SW-NS/PS,transport,0.1,0.0,0.0,24.0,37.73467,-122.413804,3.5,"muni,transit,stop",base_pois,False
muni_4200,Crescent Ave&Porter St SW-NS/PS,transport,0.1,0.0,0.0,24.0,37.734895,-122.418214,3.5,"muni,transit,stop",base_pois,False
muni_4201,Crescent Ave&Putnam St SW-NS/PS,transport,0.1,0.0,0.0,24.0,37.735009,-122.411169,3.5,"muni,transit,stop",base_pois,False
biz_1364083-06-241,Crimson Kitchen,restaurant,1.7439947226949908,27.142007316356157,8.0,22.0,37.745937,-122.4340605,4.086640425407852,"restaurant,food services,noe valley",registered_businesses,False
landmark_023,Crissy Field,park,1.3956196945183938,0.0,6.0,22.0,37.8026,-122.4618,4.374813814060771,"park,beach,waterfront,golden gate bridge view",sf_landmarks_curated,False
park_164,Crocker Amazon Playground,park,1.5,0.0,6.0,22.0,37.7140419,-122.42928813,4.0,"park,Neighborhood Park or Playground",base_pois,False
biz_1391175-06-251,Cubita,restaurant,1.1017859887490173,13.112231092042238,8.0,22.0,37.75662,-122.419287,4.264561546749307,"restaurant,food services,mission",registered_businesses,False
rest_1377623-01-251,Cure SF,restaurant,1.5,48.26259600376331,11.0,22.0,37.752048,-122.439078,4.2,"food,restaurant",base_pois,False
biz_1181899-03-181,Curio At The Chapel,restaurant,1.3720784115160254,12.20131080233095,8.0,22.0,37.760571,-122.4211995,3.8003753669966795,"restaurant,food services,mission",registered_businesses,False
biz_1060723-04-161,Curiosity Catering,restaurant,1.6852146193661328,26.278621870421812,8.0,22.0,37.783521069,-122.38834408,4.758596561549421,"restaurant,food services,financial district/south beach",registered_businesses,False
rest_1360215-05-241,Curry & Kabab,restaurant,1.5,26.49458739301651,11.0,22.0,37.781703,-122.3959185,4.2,"food,restaurant",base_pois,False
rest_1272238-03-211,Curry Hyuga,restaurant,1.5,40.93682004466354,11.0,22.0,37.771218,-122.4237915,4.2,"food,restaurant",base_pois,False
biz_1302018-04-221,Daeho,restaurant,1.5851913513049627,42.20216029002664,8.0,22.0,37.710432,-122.467653,4.27029329141087,"restaurant,food services,oceanview/merced/ingleside",registered_businesses,False
biz_1298279-02-221,Damansara Co.,restaurant,1.9595962620594949,19.318242907953156,8.0,22.0,37.742355,-122.426361,3.96461559944255,"restaurant,food services,noe valley",registered_businesses,False
rest_1082106-07-161,Dancing Bull,restaurant,1.5,26.249144496037218,11.0,22.0,37.780704,-122.464638,4.2,"food,restaurant",base_pois,False
biz_1039208-09-151,Daniel'S Catering,restaurant,1.519753659695843,20.755696074328316,8.0,22.0,37.66527898,-122.427782995,4.225234197933789,"restaurant,food services,nan",registered_businesses,False
biz_1262616-10-201,Daniel'S Catering,restaurant,1.5429417057724075,24.251983253650362,8.0,22.0,37.71987501,-122.067933978,3.8483748432469422,"restaurant,food services,nan",registered_businesses,False
rest_0397111-01-002,Darioush Inc,restaurant,1.5,13.985525067015406,11.0,22.0,37.77084,-122.4463635,4.2,"food,restaurant",base_pois,False
sfo_3423,Data Center - 60,airport,3.9802924173920076,0.0,0.0,24.0,37.613477028000034,-122.39393435399997,4.617145484433479,"airport,airport (sfo)",sfo_facilities,False
biz_1257707-08-201,David Upchurch Chocolatier,restaurant,1.4398533005916445,35.39941925086469,8.0,22.0,37.728477,-122.4768375,4.042046077729305,"restaurant,food services,lakeshore",registered_businesses,False
rest_1208323-12-181,Davis Enterprise,restaurant,1.5,32.553448694914074,11.0,22.0,37.755207,-122.50044,4.2,"food,restaurant",base_pois,False
biz_1312862-08-221,Day Moon Llc,restaurant,1.3460638229047346,22.54571157647841,8.0,22.0,37.749823358,-122.495489505,3.9950615178072892,"restaurant,food services,sunset/parkside",registered_businesses,False
rest_1272258-03-211,Daydream Cake Shop,restaurant,1.5,38.43292462378908,11.0,22.0,37.753902,-122.490198,4.2,"food,restaurant",base_pois,False
muni_4353,De Haro St&19TH St SE-NS/PS,transport,0.1,0.0,0.0,24.0,37.760934,-122.401117,3.5,"muni,transit,stop",base_pois,False
landmark_002,de Young Museum,museum,1.6935450857730627,15.0,9.0,17.0,37.7713,-122.4687,4.429301062713107,"museum,art,golden gate park",sf_landmarks_curated,False
biz_1272184-03-211,Deepa'S Kitchen,restaurant,1.2573306871949832,22.606653316735862,8.0,22.0,37.785546,-122.4172665,4.258779985787917,"restaurant,food services,tenderloin",registered_businesses,False
biz_0443173-01-001,Delarosa,restaurant,1.9812765239932726,41.10289951703851,8.0,22.0,37.800297,-122.4391185,4.823481751431998,"restaurant,food services,marina",registered_businesses,False
muni_4439,Delta St&Tioga Ave N-NS/PS,transport,0.1,0.0,0.0,24.0,37.71729,-122.40773,3.5,"muni,transit,stop",base_pois,False
park_181,Diamond & Farnum Open Space,park,1.5,0.0,6.0,22.0,37.73880732,-122.43432662,4.0,"park,Neighborhood Park or Playground",base_pois,False
biz_1393573-07-251,Diamond Coffee N Pastry,restaurant,1.2566758921421677,35.737120691116516,8.0,22.0,37.723464,-122.454819,4.142138300577803,"restaurant,food services,oceanview/merced/ingleside",registered_businesses,False
muni_4364,Diamond Heights Blvd & Diamond St W,transport,0.1,0.0,0.0,24.0,37.741697,-122.435773,3.5,"muni,transit,stop",base_pois,False
muni_4368,Diamond Heights Blvd Gold Mine Dr Nw,transport,0.2006804386406708,0.0,5.0,24.0,37.74029,-122.43588,3.419939814424642,"transport,muni,transit",muni_stops,True
muni_4373,Diamond St&25Th St Se-Ns/Ps,transport,0.24471063924327718,0.0,5.0,24.0,37.749486,-122.436059,3.8269789059449595,"transport,muni,transit",muni_stops,True
muni_4375,Diamond St&26TH St SW-FS/PS,transport,0.1,0.0,0.0,24.0,37.747853,-122.43607,3.5,"muni,transit,stop",base_pois,False
muni_4380,Diamond St&29Th St Nw-Ns/Ps,transport,0.18782695536880278,0.0,5.0,24.0,37.743249,-122.435659,3.4075748136978063,"transport,muni,transit",muni_stops,True
muni_4388,Diamond St&Chenery St SE-NS/PS,transport,0.1,0.0,0.0,24.0,37.73446,-122.433839,3.5,"muni,transit,stop",base_pois,False
muni_4391,Diamond St&Clipper St Se-Ns/Ps,transport,0.22423468445443068,0.0,5.0,24.0,37.748683,-122.43599,3.886474119944662,"transport,muni,transit",muni_stops,True
muni_4399,Diamond St&Duncan St SE-NS/PS,transport,0.1,0.0,0.0,24.0,37.745471,-122.435693,3.5,"muni,transit,stop",base_pois,False
muni_4401,Diamond St&Moffitt St Ne-Fs/Ps,transport,0.21855060057334996,0.0,5.0,24.0,37.73889,-122.4346,3.7991569672467524,"transport,muni,transit",muni_stops,True
muni_4403,Diamond St&Surrey St Se-Ns/Ps,transport,0.18891879928127822,0.0,5.0,24.0,37.73608,-122.43433,3.3278869705989464,"transport,muni,transit",muni_stops,True
rest_1178646-02-181,Diana's Adventure,restaurant,1.5,19.588802459090804,11.0,22.0,37.752171162,-122.419206935,4.2,"food,restaurant",base_pois,False
rest_1385825-04-251,Dirty Vine,restaurant,1.5,36.21921678335113,11.0,22.0,37.795815,-122.4031725,4.2,"food,restaurant",base_pois,False
rest_1356219-03-241,Disco Crepe,restaurant,1.5,43.60719068325894,11.0,22.0,37.746414,-122.4938835,4.2,"food,restaurant",base_pois,False
rest_1322249-01-231,Discount Markeet,restaurant,1.5,12.296560299988553,11.0,22.0,37.783332,-122.4139005,4.2,"food,restaurant",base_pois,False
rest_1134736-01-171,District Coffee,restaurant,1.5,33.87212643968041,11.0,22.0,37.786608,-122.3991135,4.2,"food,restaurant",base_pois,False
rest_0399804-02-001,District Wine Lounge,restaurant,1.5,18.533694593423668,11.0,22.0,37.778697,-122.393358,4.2,"food,restaurant",base_pois,False
muni_4407,Divisadero St&Beach St Nw-Ns/Sb,transport,0.3528991861491657,0.0,5.0,24.0,37.803772,-122.443697,3.5077837132362446,"transport,muni,transit",muni_stops,True
muni_4422,Divisadero St&Geary Blvd SW-FS/BZ,transport,0.1,0.0,0.0,24.0,37.78316,-122.439526,3.5,"muni,transit,stop",base_pois,False
muni_4426,Divisadero St&Hayes St Sw-Fs/Bz,transport,0.34728550996723156,0.0,5.0,24.0,37.774889,-122.437865,3.5586488952233593,"transport,muni,transit",muni_stops,True
muni_4433,Divisadero St&Pine St SW-FS/BZ,transport,0.1,0.0,0.0,24.0,37.786997,-122.440317,3.5,"muni,transit,stop",base_pois,False
muni_4434,Divisadero St&Sutter St NE-FS/BZ,transport,0.1,0.0,0.0,24.0,37.785338,-122.439813,3.5,"muni,transit,stop",base_pois,False
muni_4436,Division St&Bryant St SE-FS/BZ,transport,0.1,0.0,0.0,24.0,37.76934,-122.41074,3.5,"muni,transit,stop",base_pois,False
park_35,Dogpatch - Miller Memorial Garden,park,1.5,0.0,6.0,22.0,37.74504697,-122.40717609,4.0,"park,Neighborhood Park or Playground",base_pois,False
rest_0203720-01-001,Dol Ho Restaurant,restaurant,1.5,33.955769263837254,11.0,22.0,37.796751,-122.4088065,4.2,"food,restaurant",base_pois,False
biz_0447939-02-001,Dollars & Sense,restaurant,1.9643670083304,17.14924302896191,8.0,22.0,37.783575,-122.413338,4.509540075372462,"restaurant,food services,tenderloin",registered_businesses,False
landmark_025,Dolores Park,park,2.3356983176959725,0.0,6.0,22.0,37.7597,-122.428,4.5130433296643835,"park,recreation,popular,mission",sf_landmarks_curated,False
rest_1155307-07-171,Doma Sushi Bar,restaurant,1.5,15.06329931620633,11.0,22.0,37.747557,-122.4106335,4.2,"food,restaurant",base_pois,False
muni_4727,Don Chee Way & Steuart St S-Mb/Bz,transport,0.20444958380507872,0.0,5.0,24.0,37.793918,-122.393438,3.6992359225070537,"transport,muni,transit",muni_stops,True
muni_4440,Donahue St&Innes Ave E-FS/PS,transport,0.1,0.0,0.0,24.0,37.729002,-122.369913,3.5,"muni,transit,stop",base_pois,False
rest_0324829-01-001,Donut Time,restaurant,1.5,11.09143996765735,11.0,22.0,37.753452,-122.48955,4.2,"food,restaurant",base_pois,False
rest_1230752-08-191,"Doordash, Inc",restaurant,1.5,34.87661713893066,11.0,22.0,37.78434,-122.4081,4.2,"food,restaurant",base_pois,False
park_179,Dorothy Erskine Park,park,1.5,0.0,6.0,22.0,37.73391837,-122.43945927,4.0,"park,Neighborhood Park or Playground",base_pois,False
rest_1332467-05-231,Dosa Corner Indian Cuisine,restaurant,1.5,36.62743486104958,11.0,22.0,37.749051,-122.4200385,4.2,"food,restaurant",base_pois,False
biz_0399587-01-001,Double Dutch,restaurant,1.8119882015105448,33.699277755529636,8.0,22.0,37.765026,-122.4238275,4.2349810780097785,"restaurant,food services,mission",registered_businesses,False
biz_1187519-05-181,Dough Xx,restaurant,1.268513647639822,16.986335686866795,8.0,22.0,37.756917,-122.418387,4.415787684676035,"restaurant,food services,mission",registered_businesses,False
park_8,Douglass Playground,park,1.5,0.0,6.0,22.0,37.74729064,-122.43892205,4.0,"park,Neighborhood Park or Playground",base_pois,False
biz_0454025-01-001,Dovre Club Inc,restaurant,1.6633152793727,27.847519411165692,8.0,22.0,37.749096,-122.4205245,4.445729051615441,"restaurant,food services,mission",registered_businesses,False
rest_1243848-01-201,Dragoneats LLC,restaurant,1.5,37.28252875463421,11.0,22.0,37.778499,-122.422968,4.2,"food,restaurant",base_pois,False
muni_4451,Duboce Ave&Noe St Sw-Ns/Sb,transport,0.29867566797940004,0.0,5.0,24.0,37.76911,-122.4337,3.7767898213608238,"transport,muni,transit",muni_stops,True
park_113,Duboce Park,park,1.5,0.0,6.0,22.0,37.76961523,-122.43345618,4.0,"park,Neighborhood Park or Playground",base_pois,False
biz_1214914-03-191,Dumpling Alley,restaurant,1.2660308726216654,23.820925251762013,8.0,22.0,37.782234,-122.4862785,4.21964967652876,"restaurant,food services,outer richmond",registered_businesses,False
biz_1241125-12-191,Dumpling Park,restaurant,1.6404392121036413,18.880586950148697,8.0,22.0,37.763775,-122.466681,4.054759952867129,"restaurant,food services,inner sunset",registered_businesses,False
rest_1352548-02-241,Dumpling Story,restaurant,1.5,36.05897403750753,11.0,22.0,37.761894,-122.4219285,4.2,"food,restaurant",base_pois,False
rest_1324734-02-231,Dumpling Zone,restaurant,1.5,46.807680393195994,11.0,22.0,37.747395,-122.459535,4.2,"food,restaurant",base_pois,False
park_178,Duncan & Castro Open Space,park,1.5,0.0,6.0,22.0,37.74597219,-122.43340907,4.0,"park,Neighborhood Park or Playground",base_pois,False
muni_4453,Duncan St&Amber Dr SW-NS/PS,transport,0.1,0.0,0.0,24.0,37.7452,-122.44141,3.5,"muni,transit,stop",base_pois,False
muni_4454,Duncan St&Cameo Way SW-NS/SB,transport,0.1,0.0,0.0,24.0,37.74519,-122.44304,3.5,"muni,transit,stop",base_pois,False
park_98,DuPont Tennis Courts,park,1.5,0.0,6.0,22.0,37.78269292,-122.49084631,4.0,"park,Neighborhood Park or Playground",base_pois,False
rest_1137267-02-171,Earthbar - San Mateo,restaurant,1.5,39.40088699527369,11.0,22.0,37.562315547,-122.32498209,4.2,"food,restaurant",base_pois,False
biz_1137266-02-171,Earthbar - Union St,restaurant,1.5575834968263829,43.26774828013879,8.0,22.0,37.79712,-122.433084,4.338810018569856,"restaurant,food services,marina",registered_businesses,False
rest_1232555-08-191,"Earthbar, LLC / Earthbar",restaurant,1.5,48.860541995521906,11.0,22.0,37.791243,-122.396472,4.2,"food,restaurant",base_pois,False
rest_0133811-12-001,Ebisu Restaurant,restaurant,1.5,14.085286437246362,11.0,22.0,37.791279,-122.403924,4.2,"food,restaurant",base_pois,False
muni_4472,Eddy St&Buchanan St Ne-Ns/Bz,transport,0.2947540274475444,0.0,5.0,24.0,37.781919,-122.428946,3.5663294200194957,"transport,muni,transit",muni_stops,True
muni_4476,Eddy St&Fillmore St SW-NS/BZ,transport,0.1,0.0,0.0,24.0,37.781348,-122.432431,3.5,"muni,transit,stop",base_pois,False
muni_4478,Eddy St&Gough St Sw-Ns/Bz,transport,0.37192029414750033,0.0,5.0,24.0,37.7824,-122.424201,3.5760376115465444,"transport,muni,transit",muni_stops,True
muni_4479,Eddy St&Hyde St Se-Fs/Bz,transport,0.2090725253792414,0.0,5.0,24.0,37.783478,-122.415718,3.64433318544617,"transport,muni,transit",muni_stops,True
muni_4480,Eddy St&Jones St SE-FS/BZ,transport,0.1,0.0,0.0,24.0,37.783878,-122.412428,3.5,"muni,transit,stop",base_pois,False
muni_4485,Eddy St&Laguna St Se-Fs/Bz,transport,0.29763435214643086,0.0,5.0,24.0,37.782017,-122.427227,3.598649855342635,"transport,muni,transit",muni_stops,True
muni_4483,Eddy St&Leavenworth St SE-FS/BZ,transport,0.1,0.0,0.0,24.0,37.783682,-122.413964,3.5,"muni,transit,stop",base_pois,False
muni_4491,Eddy St&Scott St NE-NS/PS,transport,0.1,0.0,0.0,24.0,37.780876,-122.437165,3.5,"muni,transit,stop",base_pois,False
muni_4494,Eddy St&Van Ness Ave NE-NS/BZ,transport,0.1,0.0,0.0,24.0,37.782988,-122.420613,3.5,"muni,transit,stop",base_pois,False
muni_4495,Eddy St&Van Ness Ave SE-FS/BZ,transport,0.1,0.0,0.0,24.0,37.782863,-122.42059,3.5,"muni,transit,stop",base_pois,False
park_71,Edgehill Mountain,park,1.5,0.0,6.0,22.0,37.74203947,-122.45978223,4.0,"park,Neighborhood Park or Playground",base_pois,False
biz_1281166-07-211,Eggcellent Waffles,restaurant,1.1894912771872157,15.552556199000561,8.0,22.0,37.789551,-122.411763,4.36288515516099,"restaurant,food services,nob hill",registered_businesses,False
rest_1167517-11-171,Eileen Shi,restaurant,1.5,31.474982861240385,11.0,22.0,37.7505,-122.500197,4.2,"food,restaurant",base_pois,False
rest_1187218-05-181,Einbund & Co/Seam Wines,restaurant,1.5,27.946184992737468,11.0,22.0,37.762785,-122.4085635,4.2,"food,restaurant",base_pois,False
biz_1238152-11-191,Ej Sushi,restaurant,1.5024129936309385,46.294178186187,8.0,22.0,37.77561,-122.502078,4.1825503035594656,"restaurant,food services,outer richmond",registered_businesses,False
biz_0363150-01-001,El Castillito Taqueria,restaurant,1.5933401254113975,49.7345811421199,8.0,22.0,37.768725,-122.4294435,4.61605831287441,"restaurant,food services,castro/upper market",registered_businesses,False
biz_1200606-09-181,El Lopo,restaurant,1.749352861699006,21.767658513587467,8.0,22.0,37.787049,-122.4202275,3.826973541131752,"restaurant,food services,nob hill",registered_businesses,False
biz_1285263-08-211,El Mansour Llc,restaurant,1.6945327912863815,22.396077014340637,8.0,22.0,37.781415,-122.492781,4.317812614461474,"restaurant,food services,outer richmond",registered_businesses,False
rest_1088469-08-161,El Meson De Violeta,restaurant,1.5,34.88563346083755,11.0,22.0,37.750176,-122.414211,4.2,"food,restaurant",base_pois,False
rest_1224040-06-191,"El Paisa Sf, Inc.",restaurant,1.5,16.96320375077736,11.0,22.0,37.743642,-122.421501,4.2,"food,restaurant",base_pois,False
rest_1263699-11-201,El Porteno II Restaurant & Bar,restaurant,1.5,16.981897256099135,11.0,22.0,37.760472,-122.4189585,4.2,"food,restaurant",base_pois,False
biz_1312419-08-221,El Sabor De Casa,restaurant,1.8468742031139125,32.731581275907146,8.0,22.0,37.724094,-122.436009,4.188816766453034,"restaurant,food services,outer mission",registered_businesses,False
rest_1334433-05-231,El Sabor Yucateco,restaurant,1.5,38.18399117828459,11.0,22.0,37.783935,-122.4103995,4.2,"food,restaurant",base_pois,False
biz_1281713-07-211,El Tacomander,restaurant,1.5107564867485148,17.170194727628886,8.0,22.0,37.78236,-122.419791,4.20107691058579,"restaurant,food services,tenderloin",registered_businesses,False
biz_1002954-07-141,El Toro Tacos,restaurant,1.6530900663041828,42.78360470778217,8.0,22.0,37.738944,-122.391864,4.367049460889408,"restaurant,food services,bayview hunters point",registered_businesses,False
sfo_3428,Electrical Building - 11-Br,airport,3.7620562894660905,0.0,0.0,24.0,37.60741266000008,-122.38615230199996,4.443704831755202,"airport,airport (sfo)",sfo_facilities,False
sfo_3385,Electrical Building - 779A,airport,3.3279747525107473,0.0,0.0,24.0,37.62866752300005,-122.40128602599998,4.506611854049569,"airport,airport (sfo)",sfo_facilities,False
sfo_3389,Electrical Substation Bb - 787-Bb,airport,2.933424624826464,0.0,0.0,24.0,37.63151271300006,-122.39691617699998,3.622377983720166,"airport,airport (sfo)",sfo_facilities,False
biz_1233752-09-191,Eleven Eleven,restaurant,1.505502819357067,39.08323022632989,8.0,22.0,37.797354,-122.4316575,4.569569733929015,"restaurant,food services,marina",registered_businesses,False
biz_1179802-02-181,Eli'S Smokehouse,restaurant,1.5921769448817806,13.03582651594387,8.0,22.0,37.729764,-122.4788445,4.143058613604665,"restaurant,food services,lakeshore",registered_businesses,False
rest_1194362-07-181,Ella's American Kitchen On Polk,restaurant,1.5,28.486578506478814,11.0,22.0,37.791711,-122.4207765,4.2,"food,restaurant",base_pois,False
biz_0465908-01-001,Elsy'S Restaurant,restaurant,1.4913035326998998,35.7825900768357,8.0,22.0,37.750797,-122.418054,4.178598175564713,"restaurant,food services,mission",registered_businesses,False
park_138,Embarcadero Plaza,park,1.5,0.0,6.0,22.0,37.79492396,-122.39478498,4.0,"park,Civic Plaza or Square",base_pois,False
biz_1256990-08-201,Embrace Ethiopia,restaurant,1.1421039258516426,22.549677817936786,8.0,22.0,37.782072,-122.4327195,4.279773708505894,"restaurant,food services,western addition",registered_businesses,False
rest_1250001-04-201,Enjoy Roots,restaurant,1.5,24.324921558953662,11.0,22.0,37.784412,-122.422545,4.2,"food,restaurant",base_pois,False
biz_0419041-02-001,Epic Roasthouse,restaurant,1.5318238557779342,31.609091579564843,8.0,22.0,37.790478,-122.389047,4.248775993285722,"restaurant,food services,financial district/south beach",registered_businesses,False
biz_1368453-08-241,Epicurean @Cathedral School For Boys,restaurant,1.0868004433507235,19.97675447369822,8.0,22.0,37.792017,-122.4133965,4.28918907257709,"restaurant,food services,nob hill",registered_businesses,False
sfo_3369,Erf 1 - 650,airport,3.121480535552914,0.0,0.0,24.0,37.62391768400005,-122.39309622599995,4.566571820628287,"airport,airport (sfo)",sfo_facilities,False
sfo_3372,Erf 2 - 1064,airport,3.512748138973125,0.0,0.0,24.0,37.62542578700004,-122.37702227899996,4.407891416822479,"airport,airport (sfo)",sfo_facilities,False
sfo_3450,Erf 3 - 12,airport,2.9555743819224096,0.0,0.0,24.0,37.60724963500007,-122.38587195199996,3.996379686477403,"airport,airport (sfo)",sfo_facilities,False
biz_1253422-06-201,Ernest Restaurant / Befr Llc,restaurant,1.8216131370114037,28.363978866881823,8.0,22.0,37.763298,-122.4107595,3.524045579981665,"restaurant,food services,mission",registered_businesses,False
park_193,Esprit Park,park,1.5,0.0,6.0,22.0,37.76099117,-122.39100688,4.0,"park,Neighborhood Park or Playground",base_pois,False
rest_1286320-09-211,Estiatorio Ornos,restaurant,1.5,47.4115171847145,11.0,22.0,37.793394,-122.3996445,4.2,"food,restaurant",base_pois,False
rest_0447422-01-001,Estrella Taqueria,restaurant,1.5,35.84819272311832,11.0,22.0,37.771839,-122.431032,4.2,"food,restaurant",base_pois,False
muni_4544,Eucalyptus Dr&19TH Ave NE-NS/PS,transport,0.1,0.0,0.0,24.0,37.731157,-122.474744,3.5,"muni,transit,stop",base_pois,False
muni_4545,Eucalyptus Dr&19TH Ave SE-FS/BZ,transport,0.1,0.0,0.0,24.0,37.731041,-122.474538,3.5,"muni,transit,stop",base_pois,False
muni_4546,Eucalyptus Dr&Junipero Serra Blvd SW-NS/PS,transport,0.1,0.0,0.0,24.0,37.730988,-122.472442,3.5,"muni,transit,stop",base_pois,False
park_57,Eugene Friend Rec Center,park,1.5,0.0,6.0,22.0,37.77863923,-122.40634866,4.0,"park,Neighborhood Park or Playground",base_pois,False
biz_0396361-01-001,Eureka Market,restaurant,1.080680378414665,23.56571563056466,8.0,22.0,37.762092,-122.4385605,4.142235080025127,"restaurant,food services,castro/upper market",registered_businesses,False
muni_4537,Eureka St&20TH St SE-NS/PS,transport,0.1,0.0,0.0,24.0,37.75741,-122.437879,3.5,"muni,transit,stop",base_pois,False
muni_4540,Eureka St&22ND St NW-NS/PS,transport,0.1,0.0,0.0,24.0,37.754367,-122.437742,3.5,"muni,transit,stop",base_pois,False
rest_1304922-05-221,Eureka Tortilla LLC,restaurant,1.5,14.757049262259338,11.0,22.0,37.749823358,-122.495489505,4.2,"food,restaurant",base_pois,False
park_11469,Eureka Valley Branch Library,park,1.5,0.0,6.0,22.0,37.76401373,-122.43197454,4.0,"park,Neighborhood Park or Playground",base_pois,False
park_75,Eureka Valley Rec Center,park,1.5,0.0,6.0,22.0,37.75977273,-122.43648654,4.0,"park,Neighborhood Park or Playground",base_pois,False
rest_1128739-11-161,Eurest Dining @ First Republic,restaurant,1.5,14.69800888174828,11.0,22.0,37.791864,-122.3986365,4.2,"food,restaurant",base_pois,False
rest_0046324-08-001,Eurest Dining-Bank Of America,restaurant,1.5,44.40594409695518,11.0,22.0,37.775862,-122.418054,4.2,"food,restaurant",base_pois,False
rest_1323019-02-231,Eurest Dining-Bank Of,restaurant,1.5,41.648508565920324,11.0,22.0,37.775862,-122.418054,4.2,"food,restaurant",base_pois,False
muni_4547,Evans Ave&3RD St S-FS/SB,transport,0.1,0.0,0.0,24.0,37.742628,-122.387862,3.5,"muni,transit,stop",base_pois,False
muni_4559,Evans Ave&Phelps St E-NS/BZ,transport,0.1,0.0,0.0,24.0,37.742994,-122.388309,3.5,"muni,transit,stop",base_pois,False
muni_7285,Evans Ave&Quint St W-Ns/Sb,transport,0.2779555972261893,0.0,5.0,24.0,37.744039,-122.390473,3.6259125718810132,"transport,muni,transit",muni_stops,True
muni_7286,Evans Ave&Selby St E-NS/PS,transport,0.1,0.0,0.0,24.0,37.746164,-122.39392,3.5,"muni,transit,stop",base_pois,False
muni_4562,Evans Ave&Selby St S-Ns/Sb,transport,0.16298812593951398,0.0,5.0,24.0,37.746031,-122.393955,3.620596559333113,"transport,muni,transit",muni_stops,True
muni_4558,Evans Ave&USPO NE-MB/BZ,transport,0.1,0.0,0.0,24.0,37.740003,-122.382973,3.5,"muni,transit,stop",base_pois,False
park_6,Everson & Digby Lots,park,1.5,0.0,6.0,22.0,37.73809212,-122.43179489,4.0,"park,Neighborhood Park or Playground",base_pois,False
park_29,Excelsior Playground,park,1.5,0.0,6.0,22.0,37.72034899,-122.43324049,4.0,"park,Neighborhood Park or Playground",base_pois,False
rest_0946159-02-001,Executive Cafe,restaurant,1.5,46.987890969124706,11.0,22.0,37.711008,-122.3933265,4.2,"food,restaurant",base_pois,False
landmark_005,Exploratorium,museum,2.5892701925758517,29.95,9.0,17.0,37.8014,-122.3976,4.776169803850633,"museum,science,interactive,hands-on",sf_landmarks_curated,False
park_3,Fairmont Plaza,park,1.5,0.0,6.0,22.0,37.7385081,-122.42912802,4.0,"park,Neighborhood Park or Playground",base_pois,False
biz_1254841-07-201,Falafel Land Inc,restaurant,1.8766781387517029,31.171563917251312,8.0,22.0,37.780659,-122.407875,4.325762167094217,"restaurant,food services,south of market",registered_businesses,False
rest_1207933-12-181,Falafelland,restaurant,1.5,18.973021997540936,11.0,22.0,37.780659,-122.407875,4.2,"food,restaurant",base_pois,False
rest_1371951-10-241,Falastin,restaurant,1.5,25.88553639382691,11.0,22.0,37.751643,-122.432454,4.2,"food,restaurant",base_pois,False
park_202,Fallen Bridge Mini Park,park,1.5,0.0,6.0,22.0,37.76232205,-122.40606709,4.0,"park,Mini Park",base_pois,False
biz_1193522-06-181,Fangyuan Kitchen,restaurant,1.5902132743446247,17.47901602148175,8.0,22.0,37.717569,-122.4738135,4.001912072340164,"restaurant,food services,lakeshore",registered_businesses,False
biz_0331691-01-001,Far East Cafe,restaurant,1.5028749369803531,28.739665239718065,8.0,22.0,37.792998,-122.406381,4.155336207746528,"restaurant,food services,chinatown",registered_businesses,False
rest_1147796-05-171,Fare Resources Inc,restaurant,1.5,18.896564216753973,11.0,22.0,37.781832368,-122.388205588,4.2,"food,restaurant",base_pois,False
park_134,Father Alfred Boeddeker Park,park,1.5,0.0,6.0,22.0,37.78438652,-122.41208747,4.0,"park,Neighborhood Park or Playground",base_pois,False
park_184,Fay Park,park,1.5,0.0,6.0,22.0,37.80291182,-122.41788656,4.0,"park,Neighborhood Park or Playground",base_pois,False
sfo_3380,Fbo Terminal - 1052,airport,4.123763001415856,0.0,0.0,24.0,37.628176677000056,-122.38472135399996,4.26774037560809,"airport,airport (sfo)",sfo_facilities,False
biz_1317716-11-221,"Fell Food Basket, Inc.    Dba: Food Basket Market",restaurant,1.1491841838863484,30.102705720878657,8.0,22.0,37.775457,-122.4258705,4.443996012573513,"restaurant,food services,hayes valley",registered_businesses,False
muni_4583,Felton St&Cambridge St Nw-Fs,transport,0.15023152668285122,0.0,5.0,24.0,37.7264,-122.41874,3.591584242233515,"transport,muni,transit",muni_stops,True
muni_4588,Felton St&Harvard St SW-NS,transport,0.1,0.0,0.0,24.0,37.72586,-122.42046,3.5,"muni,transit,stop",base_pois,False
muni_4589,Felton St&Madison St N-Mb,transport,0.1592901654548393,0.0,5.0,24.0,37.725598,-122.422043,3.3457551240613057,"transport,muni,transit",muni_stops,True
muni_4593,Felton St&Peru Ave NE-NS,transport,0.1,0.0,0.0,24.0,37.7252,-122.42324,3.5,"muni,transit,stop",base_pois,False
biz_1347197-11-231,Feringhee Social,restaurant,1.6927715692549965,12.623884727336245,8.0,22.0,37.799275764,-122.441083175,4.45216708898871,"restaurant,food services,marina",registered_businesses,False
landmark_026,Ferry Building Marketplace,shopping,1.4127287884025699,0.0,6.0,22.0,37.7956,-122.3933,4.415792008089852,"marketplace,food,ferry building,local",sf_landmarks_curated,False
rest_1289879-10-211,Fiddle Fig Cafe LLC,restaurant,1.5,43.961607718397666,11.0,22.0,37.802898,-122.414346,4.2,"food,restaurant",base_pois,False
biz_1058143-03-161,Fiddler'S Green Of Sf,restaurant,1.452450234834758,22.85067823939395,8.0,22.0,37.806471,-122.419557,4.283760591884353,"restaurant,food services,russian hill",registered_businesses,False
rest_1289179-10-211,Fiery Hot Pot And Grill,restaurant,1.5,43.2276161327083,11.0,22.0,37.763055,-122.4831015,4.2,"food,restaurant",base_pois,False
rest_1144738-05-171,Fig & Thistle Market,restaurant,1.5,31.140388500876284,11.0,22.0,37.767537,-122.42826,4.2,"food,restaurant",base_pois,False
park_182,Fillmore & Turk Mini Park,park,1.5,0.0,6.0,22.0,37.78019554,-122.43180917,4.0,"park,Mini Park",base_pois,False
muni_4603,Fillmore St&Bay St Se-Ns/Bz,transport,0.27063436281137365,0.0,5.0,24.0,37.802585,-122.43668,3.2390220563526335,"transport,muni,transit",muni_stops,True
muni_4604,Fillmore St&Broadway SE-NS/BZ,transport,0.1,0.0,0.0,24.0,37.794158,-122.434842,3.5,"muni,transit,stop",base_pois,False
muni_4605,Fillmore St&Broadway Sw-Fs/Bz,transport,0.22507991728075394,0.0,5.0,24.0,37.793805,-122.434878,3.6866045549082402,"transport,muni,transit",muni_stops,True
muni_4609,Fillmore St&Chestnut St Nw-Ns/Bz,transport,0.3089798162973134,0.0,5.0,24.0,37.800891,-122.436469,3.381889946981894,"transport,muni,transit",muni_stops,True
muni_4614,Fillmore St&Geary Blvd NE-FS/BZ,transport,0.1,0.0,0.0,24.0,37.784733,-122.432921,3.5,"muni,transit,stop",base_pois,False
muni_4613,Fillmore St&Golden Gate Ave NE-FS,transport,0.1,0.0,0.0,24.0,37.779859,-122.431955,3.5,"muni,transit,stop",base_pois,False
muni_4616,Fillmore St&Grove St NE-FS/BZ,transport,0.1,0.0,0.0,24.0,37.776998,-122.431369,3.5,"muni,transit,stop",base_pois,False
muni_4620,Fillmore St&Haight St Se-Ns/Bz,transport,0.3589712543882856,0.0,5.0,24.0,37.772033,-122.430347,3.609069863308216,"transport,muni,transit",muni_stops,True
muni_4621,Fillmore St&Hayes St NE-FS/BZ,transport,0.1,0.0,0.0,24.0,37.776106,-122.431197,3.5,"muni,transit,stop",base_pois,False
muni_4622,Fillmore St&Hayes St SW-FS/BZ,transport,0.1,0.0,0.0,24.0,37.775598,-122.431207,3.5,"muni,transit,stop",base_pois,False
muni_4625,Fillmore St&Jefferson St Ne-Fs/Bz,transport,0.16874962232475996,0.0,5.0,24.0,37.805609,-122.437207,3.263766541094975,"transport,muni,transit",muni_stops,True
muni_4640,Fillmore St&Sutter St Se-Ns/Bz,transport,0.22581215453696143,0.0,5.0,24.0,37.786051,-122.433244,3.397414817137097,"transport,muni,transit",muni_stops,True
muni_4642,Fillmore St&Turk St SW-FS/BZ,transport,0.1,0.0,0.0,24.0,37.780204,-122.432138,3.5,"muni,transit,stop",base_pois,False
biz_1355181-03-241,Fiorella Noe,restaurant,1.9860297430766236,11.981177414120907,8.0,22.0,37.751616,-122.432886,4.063365551742906,"restaurant,food services,noe valley",registered_businesses,False
rest_1195683-07-181,Firetrail Pizza,restaurant,1.5,44.83417075992938,11.0,22.0,37.817347629,-122.372278216,4.2,"food,restaurant",base_pois,False
rest_1275936-04-211,Firewings SF,restaurant,1.5,18.84145711366817,11.0,22.0,37.73682,-122.40531,4.2,"food,restaurant",base_pois,False
biz_1215151-03-191,First Deli Llc,restaurant,1.994269179163283,35.93270905324327,8.0,22.0,37.761645035,-122.423885392,4.021545125695322,"restaurant,food services,mission",registered_businesses,False
landmark_013,Fisherman's Wharf,landmark,1.9344194995824904,0.0,6.0,22.0,37.808,-122.4177,4.94859251365009,"landmark,waterfront,shopping,food,tourist",sf_landmarks_curated,False
muni_4646,Fitzgerald Ave&Ingalls St W-Ns/Ps,transport,0.2934960520381221,0.0,5.0,24.0,37.720966,-122.391453,3.298520555345577,"transport,muni,transit",muni_stops,True
biz_1368995-08-241,Fiveytime Llc,restaurant,1.706695921313226,21.396639962877963,8.0,22.0,37.770259937,-122.445253105,4.31349890786174,"restaurant,food services,haight ashbury",registered_businesses,False
rest_1222378-05-191,Flavors Of Africa,restaurant,1.5,43.864028867237074,11.0,22.0,37.788273,-122.396094,4.2,"food,restaurant",base_pois,False
biz_1299243-03-221,Flik International Corp. (Peabody),restaurant,1.9645812044363113,20.712102461496414,8.0,22.0,37.781864829,-122.38840628,4.009451017240688,"restaurant,food services,financial district/south beach",registered_businesses,False
biz_1323165-02-231,Flik International Corporation - Emirates Sfo,restaurant,1.4410418796753934,35.36305676104475,8.0,22.0,37.628156,-122.400388,4.35509309848284,"restaurant,food services,nan",registered_businesses,False
rest_1086988-08-161,Flip Dough,restaurant,1.5,27.713343052856217,11.0,22.0,37.717479,-122.4455355,4.2,"food,restaurant",base_pois,False
biz_1246127-02-201,Flippers Gourmet Burgers,restaurant,1.1837920698561084,15.985284890432661,8.0,22.0,37.790073,-122.4203355,3.885298385078916,"restaurant,food services,nob hill",registered_businesses,False
rest_1268295-01-211,Flippin Burger Inc,restaurant,1.5,15.551980423268247,11.0,22.0,37.769994,-122.4456615,4.2,"food,restaurant",base_pois,False
biz_1370773-09-241,Flora,restaurant,1.527636360604482,19.314619293088892,8.0,22.0,37.779777,-122.4544905,3.9248346839414103,"restaurant,food services,lone mountain/usf",registered_businesses,False
biz_1349511-01-241,Florecita Panaderia,restaurant,1.5440980914823108,37.25247804179507,8.0,22.0,37.761615,-122.410503,3.8712427236155618,"restaurant,food services,mission",registered_businesses,False
biz_1164432-10-171,Flore,restaurant,1.4023708831721837,43.93130306070032,8.0,22.0,37.764970242,-122.433217177,4.156257990821456,"restaurant,food services,castro/upper market",registered_businesses,False
biz_1321294-01-231,Flour + Water Foods,restaurant,1.3335499264783555,21.90838942837742,8.0,22.0,37.758924,-122.4121995,4.419738506925223,"restaurant,food services,mission",registered_businesses,False
biz_1142864-04-171,Flowershop,restaurant,1.9498513799158634,43.76267233025799,8.0,22.0,37.75932,-122.4112995,4.169548693986667,"restaurant,food services,mission",registered_businesses,False
rest_1227394-07-191,Flybird,restaurant,1.5,49.01012940136797,11.0,22.0,37.788273,-122.403879,4.2,"food,restaurant",base_pois,False
rest_1349706-01-241,Flying Pig Bistro,restaurant,1.5,15.08352738446942,11.0,22.0,37.766358,-122.417253,4.2,"food,restaurant",base_pois,False
muni_7528,Foerster St.&Monterey Blvd NE-FS/PS,transport,0.1,0.0,0.0,24.0,37.731695,-122.448753,3.5,"muni,transit,stop",base_pois,False
biz_1043700-11-151,Fogo De Chao,restaurant,1.8355130374309945,40.606528407291684,8.0,22.0,37.785051,-122.399829,4.161491670856034,"restaurant,food services,financial district/south beach",registered_businesses,False
biz_1341152-08-231,Foliage Sf,restaurant,1.0932182126674603,11.856576956173704,8.0,22.0,37.746603,-122.4133335,4.014496643777565,"restaurant,food services,bernal heights",registered_businesses,False
muni_4676,Folsom St&22Nd St Sw-Fs/Bb,transport,0.2605973984752364,0.0,5.0,24.0,37.75546,-122.414481,3.4861366562980214,"transport,muni,transit",muni_stops,True
muni_7312,Folsom St&24Th St Sw-Fs/Bb,transport,0.39233847217464657,0.0,5.0,24.0,37.752444,-122.414128,3.5881156242971786,"transport,muni,transit",muni_stops,True
muni_4658,Folsom St&4Th St E-Fs/Bz,transport,0.24923867379287512,0.0,5.0,24.0,37.782045,-122.401104,3.905743362157345,"transport,muni,transit",muni_stops,True
muni_4689,Folsom St&Crescent Ave Ne-Fs/Sb,transport,0.3846526676933119,0.0,5.0,24.0,37.73494,-122.41365,3.460096833119832,"transport,muni,transit",muni_stops,True
muni_4697,Folsom St&Precita Ave Se-Ns/Ps,transport,0.19638104740797682,0.0,5.0,24.0,37.7471,-122.41349,3.338600849385582,"transport,muni,transit",muni_stops,True
muni_7923,Folsom St&Ripley St Nw-Ns/Sb,transport,0.26981834557406237,0.0,5.0,24.0,37.744258,-122.41339,3.3188565429530232,"transport,muni,transit",muni_stops,True
biz_1082124-07-161,Folsom Street,restaurant,1.548954532694496,27.0933077323125,8.0,22.0,37.78119,-122.40918,4.122090141512571,"restaurant,food services,south of market",registered_businesses,False
biz_1308370-06-221,Fond Catering,restaurant,1.07186216584096,31.34112923642357,8.0,22.0,37.783179,-122.445081,3.6863096730811766,"restaurant,food services,presidio heights",registered_businesses,False
muni_7788,Font Blvd & Tapia Dr W-NS/SB,transport,0.1,0.0,0.0,24.0,37.720734,-122.481234,3.5,"muni,transit,stop",base_pois,False
muni_4705,Font Blvd&Cambon Dr E-Ns/Sb,transport,0.2759390844417845,0.0,5.0,24.0,37.715899,-122.474292,3.2911549277879906,"transport,muni,transit",muni_stops,True
muni_4710,Font Blvd&Serrano Dr E-NS/SB,transport,0.1,0.0,0.0,24.0,37.719601,-122.479607,3.5,"muni,transit,stop",base_pois,False
biz_1372581-10-241,Forklore Foods Group,restaurant,1.432325295869108,11.535282940446304,8.0,22.0,37.789461,-122.423292,4.094665681338576,"restaurant,food services,western addition",registered_businesses,False
rest_1259309-09-201,Fort Point Beer Company,restaurant,1.5,39.710962061431324,11.0,22.0,37.760958,-122.4218385,4.2,"food,restaurant",base_pois,False
rest_1207317-12-181,Four Fabulous Animals,restaurant,1.5,27.741317018856687,11.0,22.0,37.785726,-122.4085275,4.2,"food,restaurant",base_pois,False
rest_0347441-01-001,Four Seasons,restaurant,1.5,27.567893555333452,11.0,22.0,37.786381853,-122.404921449,4.2,"food,restaurant",base_pois,False
rest_1163303-10-171,Fraiche Catering Inc.,restaurant,1.5,44.12582744141931,11.0,22.0,37.787229,-122.399055,4.2,"food,restaurant",base_pois,False
biz_0440941-01-001,Frances,restaurant,1.734016559788723,40.93456272589973,8.0,22.0,37.762884,-122.432256,4.01375426531859,"restaurant,food services,castro/upper market",registered_businesses,False
park_153,Francisco Park,park,1.5,0.0,6.0,22.0,37.80397142,-122.42087848,4.0,"park,Neighborhood Park or Playground",base_pois,False
park_55,Franklin Square,park,1.5,0.0,6.0,22.0,37.76501382,-122.40935317,4.0,"park,Neighborhood Park or Playground",base_pois,False
rest_0916170-01-001,Freddies Sandwiches,restaurant,1.5,48.05771802988535,11.0,22.0,37.805247,-122.4103275,4.2,"food,restaurant",base_pois,False
muni_4715,Frederick St&Ashbury St Nw-Fs/Bz,transport,0.2862229134661718,0.0,5.0,24.0,37.767261,-122.446691,3.3486376280320087,"transport,muni,transit",muni_stops,True
muni_4719,Frederick St&Willard St NW-FS/BZ,transport,0.1,0.0,0.0,24.0,37.766208,-122.454908,3.5,"muni,transit,stop",base_pois,False
biz_0395083-01-001,Fresca Restaurant Inc,restaurant,1.1401797422033317,47.97381251737552,8.0,22.0,37.751256,-122.430708,4.148388560397366,"restaurant,food services,noe valley",registered_businesses,False
biz_1280434-06-211,Fresh Brew Coffee,restaurant,1.716099970658747,32.77801783619817,8.0,22.0,37.789911,-122.411682,4.805611975270875,"restaurant,food services,nob hill",registered_businesses,False
rest_1201342-09-181,Frisco Creamery,restaurant,1.5,47.189520185993764,11.0,22.0,37.786122,-122.417082,4.2,"food,restaurant",base_pois,False
rest_1216484-03-191,Frjtz Kitchen,restaurant,1.5,25.556895590523034,11.0,22.0,37.776582,-122.4026145,4.2,"food,restaurant",base_pois,False
rest_1282935-07-211,Fry Daddy's,restaurant,1.5,14.482456132543511,11.0,22.0,37.777824,-122.412474,4.2,"food,restaurant",base_pois,False
rest_1293184-12-211,Fuji Sf Bay 2103 LLC,restaurant,1.5,25.715318391447237,11.0,22.0,37.776546,-122.423598,4.2,"food,restaurant",base_pois,False
park_96,Fulton Playground,park,1.5,0.0,6.0,22.0,37.77338725,-122.48694726,4.0,"park,Neighborhood Park or Playground",base_pois,False
muni_4742,Fulton St&18TH Ave NW-FS/BZ,transport,0.1,0.0,0.0,24.0,37.772959,-122.476776,3.5,"muni,transit,stop",base_pois,False
muni_4748,Fulton St&25TH Ave NW-FS/BZ,transport,0.1,0.0,0.0,24.0,37.772591,-122.484306,3.5,"muni,transit,stop",base_pois,False
muni_4751,Fulton St&28TH Ave SE-FS/BZ,transport,0.1,0.0,0.0,24.0,37.77235,-122.48717,3.5,"muni,transit,stop",base_pois,False
muni_4218,Fulton St&40TH Ave SE-FS/BZ,transport,0.1,0.0,0.0,24.0,37.77179,-122.49991,3.5,"muni,transit,stop",base_pois,False
muni_4730,Fulton St&4Th Ave Nw-Fs/Bz,transport,0.3994121485303776,0.0,5.0,24.0,37.773952,-122.461659,3.721421413413183,"transport,muni,transit",muni_stops,True
muni_4732,Fulton St&6TH Ave NW-FS/BZ,transport,0.1,0.0,0.0,24.0,37.773639,-122.463848,3.5,"muni,transit,stop",base_pois,False
muni_4733,Fulton St&6TH Ave SE-FS/BZ,transport,0.1,0.0,0.0,24.0,37.773532,-122.463837,3.5,"muni,transit,stop",base_pois,False
muni_4223,Fulton St&Arguello Blvd NW-FS/BZ,transport,0.1,0.0,0.0,24.0,37.774354,-122.458416,3.5,"muni,transit,stop",base_pois,False
muni_4228,Fulton St&La Playa SE-FS/BZ,transport,0.1,0.0,0.0,24.0,37.77134,-122.50939,3.5,"muni,transit,stop",base_pois,False
muni_4232,Fulton St&Park Presidio Blvd Se-Fs/Bz,transport,0.20710911792935677,0.0,5.0,24.0,37.773067,-122.471699,3.3210356390546916,"transport,muni,transit",muni_stops,True
biz_1148060-05-171,Fvi Investment Corporation,restaurant,1.2691305007228058,28.20924261807312,8.0,22.0,37.723887,-122.4370215,4.344665408453792,"restaurant,food services,outer mission",registered_businesses,False
biz_1299693-03-221,G & Y Bakery Restaurant,restaurant,1.7477897231466648,26.216409066622113,8.0,22.0,37.794006,-122.4076725,4.135619700272552,"restaurant,food services,chinatown",registered_businesses,False
sfo_3345,Garage A - 95,airport,3.098740686708598,0.0,0.0,24.0,37.61396813100003,-122.392322515,4.254119155302241,"airport,airport (sfo)",sfo_facilities,False
sfo_3431,Garage A Support Offices - 98,airport,3.430203856928192,0.0,0.0,24.0,37.614015488000064,-122.39099280799996,4.033527126241616,"airport,airport (sfo)",sfo_facilities,False
sfo_3430,Garage A Walkway - 100B,airport,4.015433041625308,0.0,0.0,24.0,37.614170443000035,-122.39037986899996,4.416795277413495,"airport,airport (sfo)",sfo_facilities,False
sfo_3401,Garage G - 495,airport,3.1806012873330567,0.0,0.0,24.0,37.61561687700003,-122.39258308399997,4.15270105709233,"airport,airport (sfo)",sfo_facilities,False
biz_0445132-02-999,Garden Creamery,restaurant,1.5657902193740907,32.35868541576195,8.0,22.0,37.888373014,-122.511164994,4.224500478524846,"restaurant,food services,nan",registered_businesses,False
park_24,Garfield Square,park,1.5,0.0,6.0,22.0,37.75020974,-122.4122493,4.0,"park,Neighborhood Park or Playground",base_pois,False
muni_4246,Garfield St&Bright St NE-NS/SB,transport,0.1,0.0,0.0,24.0,37.719988,-122.463459,3.5,"muni,transit,stop",base_pois,False
muni_7325,Garfield St&Byxbee St SW-NS/SB,transport,0.1,0.0,0.0,24.0,37.719585,-122.469953,3.5,"muni,transit,stop",base_pois,False
muni_7326,Garfield St&Vernon St Sw-Ns/Sb,transport,0.3933139975244127,0.0,5.0,24.0,37.719594,-122.468155,3.9003928444738563,"transport,muni,transit",muni_stops,True
biz_1333771-05-231,Gather Productions,restaurant,1.9413669012702468,11.268587479617167,8.0,22.0,37.734813,-122.3984835,4.170933338672409,"restaurant,food services,bayview hunters point",registered_businesses,False
biz_1233340-09-191,Gatsby,restaurant,1.2464758530834268,12.257784365797104,8.0,22.0,37.76031,-122.4211185,4.296180828646309,"restaurant,food services,mission",registered_businesses,False
rest_1233456-09-191,Gaucho's Table Dba Nucha,restaurant,1.5,28.97715787336605,11.0,22.0,37.773522,-122.4405315,4.2,"food,restaurant",base_pois,False
muni_4265,Geary Blvd&20Th Ave Nw-Fs/Bz,transport,0.2797851960402852,0.0,5.0,24.0,37.780355,-122.479599,3.6412351633867037,"transport,muni,transit",muni_stops,True
muni_4268,Geary Blvd&23RD Ave SE-FS/BZ,transport,0.1,0.0,0.0,24.0,37.780167,-122.48243,3.5,"muni,transit,stop",base_pois,False
muni_4270,Geary Blvd&25TH Ave SE-FS/BZ,transport,0.1,0.0,0.0,24.0,37.780077,-122.484562,3.5,"muni,transit,stop",base_pois,False
muni_4272,Geary Blvd&28Th Ave Sw-Ns/Bz,transport,0.2617997412308838,0.0,5.0,24.0,37.779862,-122.488046,3.2031692227344313,"transport,muni,transit",muni_stops,True
muni_4273,Geary Blvd&30TH Ave NE-NS/BZ,transport,0.1,0.0,0.0,24.0,37.779959,-122.489972,3.5,"muni,transit,stop",base_pois,False
muni_4275,Geary Blvd&32ND Ave SE-FS/BZ,transport,0.1,0.0,0.0,24.0,37.779629,-122.491714,3.5,"muni,transit,stop",base_pois,False
muni_4278,Geary Blvd&33Rd Ave Nw-Fs/Bz,transport,0.1677718492362703,0.0,5.0,24.0,37.779798,-122.493445,3.3369813576493015,"transport,muni,transit",muni_stops,True
muni_4258,Geary Blvd&6TH Ave SE-FS/BZ,transport,0.1,0.0,0.0,24.0,37.781,-122.464125,3.5,"muni,transit,stop",base_pois,False
muni_4288,Geary Blvd&Arguello Blvd Se-Fs/Bz,transport,0.18382048212779747,0.0,5.0,24.0,37.781153,-122.458692,3.3182514068981632,"transport,muni,transit",muni_stops,True
muni_4294,Geary Blvd&Divisadero St SW-NS/BB,transport,0.1,0.0,0.0,24.0,37.783178,-122.439572,3.5,"muni,transit,stop",base_pois,False
muni_4305,Geary Blvd&Laguna St SW-NS/BZ,transport,0.1,0.0,0.0,24.0,37.784854,-122.428155,3.5,"muni,transit,stop",base_pois,False
muni_4764,Geary Blvd&Stanyan Blvd SW-NS/BZ,transport,0.1,0.0,0.0,24.0,37.78126,-122.456434,3.5,"muni,transit,stop",base_pois,False
muni_4768,Geary Blvd&Van Ness Ave NW-FS/BB,transport,0.1,0.0,0.0,24.0,37.785745,-122.421575,3.5,"muni,transit,stop",base_pois,False
rest_1238991-11-191,Geary Club,restaurant,1.5,39.89699741816906,11.0,22.0,37.7865,-122.4158895,4.2,"food,restaurant",base_pois,False
muni_4757,Geary St&Powell St NW-FS/BZ,transport,0.1,0.0,0.0,24.0,37.787401,-122.408391,3.5,"muni,transit,stop",base_pois,False
rest_1291795-11-211,Geelou,restaurant,1.5,19.25120118376797,11.0,22.0,37.799829,-122.441409,4.2,"food,restaurant",base_pois,False
muni_4811,Geneva Ave&Cayuga Ave S-FS/BZ,transport,0.1,0.0,0.0,24.0,37.718722,-122.443554,3.5,"muni,transit,stop",base_pois,False
muni_4881,Geneva Ave&Howth St E-Ns/Bz,transport,0.27107889717137046,0.0,5.0,24.0,37.722121,-122.449979,3.3896713765260795,"transport,muni,transit",muni_stops,True
muni_4884,Geneva Ave&Madrid St N-FS/BZ,transport,0.1,0.0,0.0,24.0,37.715143,-122.438034,3.5,"muni,transit,stop",base_pois,False
muni_4889,Geneva Ave&Moscow St N-FS/BZ,transport,0.1,0.0,0.0,24.0,37.713332,-122.433957,3.5,"muni,transit,stop",base_pois,False
muni_4890,Geneva Ave&Naples St NW-FS/BZ,transport,0.1,0.0,0.0,24.0,37.714358,-122.436339,3.5,"muni,transit,stop",base_pois,False
park_11797,Geneva Carbarn,park,1.5,0.0,6.0,22.0,37.72021667,-122.44674949,4.0,"park,Neighborhood Park or Playground",base_pois,False
park_21,Geneva Community Garden,park,1.5,0.0,6.0,22.0,37.72044701,-122.44546095,4.0,"park,Neighborhood Park or Playground",base_pois,False
muni_7522,Geneva St. & Schwerin St. E-Fs/Bz,transport,0.1581893075659238,0.0,5.0,24.0,37.706296,-122.413084,3.8457180597601837,"transport,muni,transit",muni_stops,True
biz_1032098-07-151,Genji Sushi,restaurant,1.3715432084063615,11.954958273965874,8.0,22.0,37.781091,-122.3997975,4.0861180387491425,"restaurant,food services,south of market",registered_businesses,False
muni_5171,Gennessee St&Judson Ave NW-NS/SB,transport,0.1,0.0,0.0,24.0,37.728456,-122.45117,3.5,"muni,transit,stop",base_pois,False
park_7,George Christopher Playground,park,1.5,0.0,6.0,22.0,37.74347991,-122.44054794,4.0,"park,Neighborhood Park or Playground",base_pois,False
park_44,Gilman Playground,park,1.5,0.0,6.0,22.0,37.71722092,-122.38806931,4.0,"park,Neighborhood Park or Playground",base_pois,False
rest_1038211-08-151,Ginza Japanese Restaurant,restaurant,1.5,30.64857045921956,11.0,22.0,37.769193,-122.451552,4.2,"food,restaurant",base_pois,False
park_1,Glen Canyon Park,park,1.5,0.0,6.0,22.0,37.74017042,-122.44268074,4.0,"park,Neighborhood Park or Playground",base_pois,False
rest_1210414-01-191,Glo-Wing,restaurant,1.5,17.460142802434465,11.0,22.0,37.728477,-122.4768375,4.2,"food,restaurant",base_pois,False
biz_1319829-12-221,Gola,restaurant,1.6002732813910818,15.425440710475263,8.0,22.0,37.75977,-122.421123,4.190272491303446,"restaurant,food services,mission",registered_businesses,False
biz_0930676-02-001,Gold Rush Grill,restaurant,1.093807824007725,33.133085667908546,8.0,22.0,37.786260872,-122.388142942,4.270488966848539,"restaurant,food services,financial district/south beach",registered_businesses,False
park_120,Golden Gate & Steiner Mini Park,park,1.5,0.0,6.0,22.0,37.77957209,-122.43348704,4.0,"park,Mini Park",base_pois,False
landmark_011,Golden Gate Bridge,landmark,1.8656096121091579,0.0,6.0,22.0,37.8199,-122.4783,4.424345060132389,"landmark,bridge,iconic,viewpoint",sf_landmarks_curated,False
biz_1306222-05-221,Golden Gate Fortune Cookies Company,restaurant,1.0715645000619518,49.68453270011339,8.0,22.0,37.79577,-122.4072495,4.3364484399624885,"restaurant,food services,chinatown",registered_businesses,False
biz_1306224-05-221,Golden Gate Fortune Cookies,restaurant,1.878314730893858,28.572737020179144,8.0,22.0,37.79577,-122.4072495,4.312035536156677,"restaurant,food services,chinatown",registered_businesses,False
rest_1203197-10-181,Golden Gate Halal Food,restaurant,1.5,35.82729999922439,11.0,22.0,37.778697,-122.413833,4.2,"food,restaurant",base_pois,False
park_89,Golden Gate Heights Park,park,1.5,0.0,6.0,22.0,37.749991,-122.46941641,4.0,"park,Neighborhood Park or Playground",base_pois,False
park_756665,Golden Gate Park - Section 1,park,1.5,0.0,6.0,22.0,37.77139097,-122.45529391,4.0,"park,Regional Park",base_pois,False
park_756666,Golden Gate Park - Section 2,park,1.5,0.0,6.0,22.0,37.77090391,-122.46603321,4.0,"park,Regional Park",base_pois,False
park_756667,Golden Gate Park - Section 3,park,1.5,0.0,6.0,22.0,37.76726835,-122.47039125,4.0,"park,Regional Park",base_pois,False
park_756668,Golden Gate Park - Section 4,park,1.5,0.0,6.0,22.0,37.76889364,-122.4790922,4.0,"park,Regional Park",base_pois,False
park_756669,Golden Gate Park - Section 5,park,1.5,0.0,6.0,22.0,37.76940891,-122.49130313,4.0,"park,Regional Park",base_pois,False
park_756670,Golden Gate Park - Section 6,park,1.5,0.0,6.0,22.0,37.7677299,-122.50423848,4.0,"park,Regional Park",base_pois,False
park_957231,Golden Gate Park - Section 7,park,1.5,0.0,6.0,22.0,37.76845534,-122.46075895,4.0,"park,Regional Park",base_pois,False
landmark_021,Golden Gate Park,park,2.3110354766861043,0.0,6.0,22.0,37.7694,-122.4862,4.6890620409074515,"park,large,recreation,museums",sf_landmarks_curated,False
biz_1267562-01-211,Golden Heaven Cafe,restaurant,1.289429707508065,44.07604891390483,8.0,22.0,37.718082,-122.4401805,4.104049768573064,"restaurant,food services,outer mission",registered_businesses,False
biz_1281251-07-211,Golder Standard,restaurant,1.3076284854241305,20.592854280353457,8.0,22.0,37.776349219,-122.444824103,3.8044582459682705,"restaurant,food services,lone mountain/usf",registered_businesses,False
rest_1319445-12-221,Goldfield Creative Events,restaurant,1.5,26.388231295602647,11.0,22.0,37.726596,-122.3656245,4.2,"food,restaurant",base_pois,False
park_21141,Good Prospect Community Garden,park,1.5,0.0,6.0,22.0,37.74002734,-122.42099278,4.0,"park,Neighborhood Park or Playground",base_pois,False
biz_1205336-11-181,"Gozu, Ittoryu Gozu",restaurant,1.1467432332076526,34.81471171634693,8.0,22.0,37.791189,-122.3918055,4.176451356162292,"restaurant,food services,financial district/south beach",registered_businesses,False
muni_7194,Grafton Ave&Capitol Ave NE-NS/PS,transport,0.1,0.0,0.0,24.0,37.720104,-122.459072,3.5,"muni,transit,stop",base_pois,False
muni_4908,Grafton Ave&Capitol Ave Sw-Ns/Ps,transport,0.27801048336586365,0.0,5.0,24.0,37.719953,-122.45929,3.1821877100218994,"transport,muni,transit",muni_stops,True
muni_4910,Grafton Ave&Granada Ave SW-NS/SB,transport,0.1,0.0,0.0,24.0,37.719962,-122.457251,3.5,"muni,transit,stop",base_pois,False
muni_7249,Grafton Ave&Plymouth Ave NE-NS,transport,0.1,0.0,0.0,24.0,37.72014,-122.455923,3.5,"muni,transit,stop",base_pois,False
biz_1344183-10-231,Grand Scones,restaurant,1.468231405693584,11.853752728024856,8.0,22.0,37.747692,-122.4364455,4.5395302739668155,"restaurant,food services,noe valley",registered_businesses,False
park_12910,Grand View Open Space,park,1.5,0.0,6.0,22.0,37.75504478,-122.47234138,4.0,"park,Neighborhood Park or Playground",base_pois,False
park_92,Grand View Park,park,1.5,0.0,6.0,22.0,37.75646274,-122.47181036,4.0,"park,Neighborhood Park or Playground",base_pois,False
biz_0380591-08-001,Grape And Barley,restaurant,1.8099407364448705,13.952346537588943,8.0,22.0,37.766124,-122.446467,3.7947716204229622,"restaurant,food services,haight ashbury",registered_businesses,False
park_104,Grattan Playground,park,1.5,0.0,6.0,22.0,37.76259819,-122.45148972,4.0,"park,Neighborhood Park or Playground",base_pois,False
landmark_037,Great American Music Hall,nightlife,3.707968752294458,35.0,20.0,2.0,37.787,-122.4187,4.2613020457172945,"venue,music,concert,nightlife,historic",sf_landmarks_curated,False
biz_1217808-04-191,Green Bamboo,restaurant,1.3833427934105078,43.02704976126879,8.0,22.0,37.754451,-122.4771255,3.9542245180854314,"restaurant,food services,sunset/parkside",registered_businesses,False
rest_1059081-03-161,Ground Kitchen,restaurant,1.5,37.62460515922864,11.0,22.0,37.799532,-122.4334035,4.2,"food,restaurant",base_pois,False
muni_4923,Grove St&Van Ness Ave Se-Fs/Bz,transport,0.1814062613879137,0.0,5.0,24.0,37.778188,-122.419743,3.7219265641959782,"transport,muni,transit",muni_stops,True
rest_1286482-09-211,Grubbin',restaurant,1.5,42.992447165120666,11.0,22.0,37.743057,-122.4813015,4.2,"food,restaurant",base_pois,False
biz_1177858-02-181,Grubhub Postmates,restaurant,1.4123107268572346,19.529287906260144,8.0,22.0,37.781559,-122.4229815,4.0767827630439,"restaurant,food services,western addition",registered_businesses,False
biz_1232031-08-191,Grubhub,restaurant,1.247901689831183,15.619409236011778,8.0,22.0,37.724571,-122.405913,3.9451038729581396,"restaurant,food services,portola",registered_businesses,False
sfo_3397,Gse - 950,airport,3.766211474129271,0.0,0.0,24.0,37.63672411300007,-122.39003353899994,4.175139940107728,"airport,airport (sfo)",sfo_facilities,False
sfo_3386,Gse Plot 41 - 1055,airport,3.05742036111268,0.0,0.0,24.0,37.62904619400007,-122.382437999,4.373803336588048,"airport,airport (sfo)",sfo_facilities,False
sfo_3455,Gtu Car Wash - 947A,airport,2.9322241101643423,0.0,0.0,24.0,37.638291767000055,-122.39126789799997,4.894243842028295,"airport,airport (sfo)",sfo_facilities,False
sfo_3454,Gtu Inspection Bay  #Ord0# - 797,airport,4.499429702125786,0.0,0.0,24.0,37.63791942000006,-122.391349656,4.85965325873688,"airport,airport (sfo)",sfo_facilities,False
sfo_3452,Gtu Office - 947,airport,4.340800945920119,0.0,0.0,24.0,37.63700531300003,-122.39125969499996,4.293478607442234,"airport,airport (sfo)",sfo_facilities,False
biz_1253056-06-201,Guava Chocolates,restaurant,1.4197653670987587,10.96752898361096,8.0,22.0,37.780731,-122.484465,3.8851467333234666,"restaurant,food services,outer richmond",registered_businesses,False
rest_1192582-06-181,Guckenheimer 1142.01 - Catering Pantry 12th Floor,restaurant,1.5,48.498535669053744,11.0,22.0,37.793988,-122.3950005,4.2,"food,restaurant",base_pois,False
rest_1148357-05-171,Guckenheimer @ Google - 1 Market,restaurant,1.5,32.56073543517603,11.0,22.0,37.793988,-122.3950005,4.2,"food,restaurant",base_pois,False
rest_1191527-06-181,Guckenheimer @ Google - Rincon Center,restaurant,1.5,19.106382271308853,11.0,22.0,37.791891,-122.392764,4.2,"food,restaurant",base_pois,False
rest_1347514-11-231,Guckenheimer @ Google Fl 4 Mk,restaurant,1.5,37.33939485865341,11.0,22.0,37.789812,-122.3897715,4.2,"food,restaurant",base_pois,False
rest_1346448-11-231,Guckenheimer @ Openai Pioneer Mk Floor 3,restaurant,1.5,34.38813909266864,11.0,22.0,37.762389,-122.4146115,4.2,"food,restaurant",base_pois,False
biz_1213809-02-191,Guckenheimer At Google - 201 Spear Street (Floor 6),restaurant,1.4383163094144877,21.950374925268545,8.0,22.0,37.791189,-122.3918055,4.203144625587958,"restaurant,food services,financial district/south beach",registered_businesses,False
biz_1243930-01-201,Guckenheimer At Google - 215 Fremont Street (Floor 8),restaurant,1.6760189600893782,29.696405570874234,8.0,22.0,37.789146,-122.394312,4.472895904844369,"restaurant,food services,financial district/south beach",registered_businesses,False
biz_1277976-05-211,Guckenheimer At Google - Landmark,restaurant,1.4969795604601277,20.39718651957445,8.0,22.0,37.793988,-122.3950005,4.052005298067505,"restaurant,food services,financial district/south beach",registered_businesses,False
biz_1292483-11-211,Guckenheimer At Google 215 Fremont Fl 7,restaurant,1.2607037813359447,12.463522417832268,8.0,22.0,37.789146,-122.394312,4.326645788547563,"restaurant,food services,financial district/south beach",registered_businesses,False
biz_1311467-08-221,Guckenheimer At Google Fl 14 & 15,restaurant,1.5039329644302342,45.92222980443421,8.0,22.0,37.795608,-122.3992395,4.443687953771645,"restaurant,food services,financial district/south beach",registered_businesses,False
biz_1313659-09-221,Guckenheimer Services Llc,restaurant,1.0283437705713985,44.26930362559666,8.0,22.0,37.773513,-122.4004545,4.393472795227467,"restaurant,food services,south of market",registered_businesses,False
rest_1404589-11-251,Guckenheimer Services LLC,restaurant,1.5,32.6671830993078,11.0,22.0,37.797498,-122.400333,4.2,"food,restaurant",base_pois,False
rest_1289723-10-211,"Guckenheimer Services, LLC - 505 Brannan Mk Floor 6",restaurant,1.5,38.54525968129868,11.0,22.0,37.777779,-122.396949,4.2,"food,restaurant",base_pois,False
biz_1227603-07-191,Gulch Bbq,restaurant,1.3290748704012698,23.32734953262017,8.0,22.0,37.792926,-122.4212985,4.274729538146038,"restaurant,food services,russian hill",registered_businesses,False
biz_1271935-03-211,Gumbo Social,restaurant,1.8058169613506223,35.70114432044184,8.0,22.0,37.727568,-122.365044,3.8672806868466276,"restaurant,food services,bayview hunters point",registered_businesses,False
park_445358,Guy Place Mini Park,park,1.5,0.0,6.0,22.0,37.78668187,-122.39439836,4.0,"park,Mini Park",base_pois,False
biz_0352255-03-001,Hacienda,restaurant,1.3058002287385673,42.5996688370073,8.0,22.0,37.776447,-122.4501525,4.1957405276656345,"restaurant,food services,lone mountain/usf",registered_businesses,False
muni_7026,Hahn St&Visitacion Ave Sw-Fs/Sb,transport,0.27336787707659616,0.0,5.0,24.0,37.713301,-122.415486,3.2593818490797286,"transport,muni,transit",muni_stops,True
muni_4947,Haight St&Clayton St Se-Fs/Bz,transport,0.3129246897277781,0.0,5.0,24.0,37.769777,-122.448433,3.3749462853109344,"transport,muni,transit",muni_stops,True
muni_4950,Haight St&Divisadero St NW-FS/BB,transport,0.1,0.0,0.0,24.0,37.771293,-122.437373,3.5,"muni,transit,stop",base_pois,False
muni_4958,Haight St&Masonic Ave SE-FS/BB,transport,0.1,0.0,0.0,24.0,37.770196,-122.445292,3.5,"muni,transit,stop",base_pois,False
biz_1364270-06-241,Halalcartsf Llc,restaurant,1.9590263840124424,48.574584446324586,8.0,22.0,37.793988,-122.3950005,4.6106835754844075,"restaurant,food services,financial district/south beach",registered_businesses,False
biz_0472221-02-001,Hale,restaurant,1.2162693097975514,41.483976852033614,8.0,22.0,37.736244,-122.497389,4.321270441766033,"restaurant,food services,sunset/parkside",registered_businesses,False
rest_1217030-03-191,Halverson Bakery,restaurant,1.5,19.597745223292204,11.0,22.0,37.750176,-122.414211,4.2,"food,restaurant",base_pois,False
park_125,Hamilton Rec Center,park,1.5,0.0,6.0,22.0,37.78442364,-122.43601635,4.0,"park,Neighborhood Park or Playground",base_pois,False
muni_4964,Hampshire St&24th St SE-NS/SB,transport,0.1,0.0,0.0,24.0,37.752826,-122.407218,3.5,"muni,transit,stop",base_pois,False
sfo_3383,Hangar B - 1050,airport,3.644326606294917,0.0,0.0,24.0,37.62877933600003,-122.38717985899996,4.402977754062158,"airport,airport (sfo)",sfo_facilities,False
sfo_3435,Hangar C - 1051,airport,2.9757280728772395,0.0,0.0,24.0,37.62822646300003,-122.38597618499996,4.6165993500894,"airport,airport (sfo)",sfo_facilities,False
sfo_3382,Hangar C - 1054,airport,3.8608621221849124,0.0,0.0,24.0,37.62857627300008,-122.38357470399995,4.444792943650219,"airport,airport (sfo)",sfo_facilities,False
biz_1174201-01-181,Happy Donuts,restaurant,1.5218871538506331,10.763618034726093,8.0,22.0,37.699635982,-122.417708031,4.5089457232485355,"restaurant,food services,nan",registered_businesses,False
biz_1357406-04-241,Happy King Pizza,restaurant,1.9898230692048735,11.325420809514137,8.0,22.0,37.77714,-122.392188,3.964867446124696,"restaurant,food services,mission bay",registered_businesses,False
rest_0444512-01-001,Happy Lounge,restaurant,1.5,15.87644572177712,11.0,22.0,37.78092,-122.459715,4.2,"food,restaurant",base_pois,False
rest_1374925-11-241,Hard Knox Cafe,restaurant,1.5,24.755613669758567,11.0,22.0,37.776582,-122.4026145,4.2,"food,restaurant",base_pois,False
muni_4970,Harrison St&6th St W-FS/BZ,transport,0.1,0.0,0.0,24.0,37.777148,-122.404362,3.5,"muni,transit,stop",base_pois,False
muni_4972,Harrison St&8th St N-NS/BZ,transport,0.1,0.0,0.0,24.0,37.773866,-122.408513,3.5,"muni,transit,stop",base_pois,False
biz_0945743-01-001,Harvey'S,restaurant,1.8536506690045003,15.826824617307588,8.0,22.0,37.760688,-122.435271,4.1612167172048515,"restaurant,food services,castro/upper market",registered_businesses,False
park_186,Hawk Hill,park,1.5,0.0,6.0,22.0,37.74659138,-122.46874625,4.0,"park,Neighborhood Park or Playground",base_pois,False
rest_0489842-01-001,Hawthorn,restaurant,1.5,49.764995663839905,11.0,22.0,37.788129,-122.404311,4.2,"food,restaurant",base_pois,False
muni_4979,Hayes St&Baker St NW-FS/BZ,transport,0.1,0.0,0.0,24.0,37.774573,-122.441501,3.5,"muni,transit,stop",base_pois,False
muni_4985,Hayes St&Central Ave Ne-Ns/Bz,transport,0.3517086117976138,0.0,5.0,24.0,37.774195,-122.444298,4.069134672385772,"transport,muni,transit",muni_stops,True
muni_4994,Hayes St&Fillmore St Se-Fs/Bz,transport,0.2924112727449404,0.0,5.0,24.0,37.775804,-122.430834,3.7479735849251488,"transport,muni,transit",muni_stops,True
muni_4996,Hayes St&Gough St NW-FS/BZ,transport,0.1,0.0,0.0,24.0,37.776893,-122.423326,3.5,"muni,transit,stop",base_pois,False
muni_4997,Hayes St&Larkin St Nw-Fs/Bz,transport,0.3851527495418896,0.0,5.0,24.0,37.777709,-122.416852,3.679048934928169,"transport,muni,transit",muni_stops,True
muni_5012,Hayes St&Steiner St Se-Fs/Bz,transport,0.24339775161809782,0.0,5.0,24.0,37.775627,-122.432476,3.455019971473804,"transport,muni,transit",muni_stops,True
muni_5014,Hayes St&Webster St Nw-Fs/Bz,transport,0.26327053020245683,0.0,5.0,24.0,37.776056,-122.429879,3.7611229735126424,"transport,muni,transit",muni_stops,True
park_116,Hayes Valley Playground,park,1.5,0.0,6.0,22.0,37.77606887,-122.42740647,4.0,"park,Neighborhood Park or Playground",base_pois,False
park_196,Head & Brotherood Mini Park,park,1.5,0.0,6.0,22.0,37.71263119,-122.46423249,4.0,"park,Mini Park",base_pois,False
biz_1309953-07-221,Heist,restaurant,1.798350812759861,49.376472418254245,8.0,22.0,37.787886,-122.4130815,4.2758667252041676,"restaurant,food services,nob hill",registered_businesses,False
park_130,Helen Wills PG,park,1.5,0.0,6.0,22.0,37.79579519,-122.42065279,4.0,"park,Neighborhood Park or Playground",base_pois,False
biz_1287972-09-211,Hello Banh Mi,restaurant,1.608300756971365,18.817194232747706,8.0,22.0,37.77039,-122.4032715,3.7319611243916513,"restaurant,food services,mission bay",registered_businesses,False
biz_1144852-05-171,Hello Sandwich & Noodle,restaurant,1.1807061957668095,24.312095278226344,8.0,22.0,37.781775,-122.416866,4.35211293410742,"restaurant,food services,tenderloin",registered_businesses,False
biz_1174406-01-181,Here Llc,restaurant,1.0691381624661145,37.880599687221405,8.0,22.0,37.780630019,-122.389624967,4.491236111297032,"restaurant,food services,mission bay",registered_businesses,False
muni_5018,Hermann St&Fillmore St SE-FS/BZ,transport,0.1,0.0,0.0,24.0,37.770248,-122.429701,3.5,"muni,transit,stop",base_pois,False
biz_1214779-03-191,Heroic Deli Sf,restaurant,1.3303178857754252,41.4741082287607,8.0,22.0,37.759833,-122.4460575,4.2693360449300535,"restaurant,food services,castro/upper market",registered_businesses,False
park_957473,Heron's Head Park,park,1.5,0.0,6.0,22.0,37.73986494,-122.375717,4.0,"park,Neighborhood Park or Playground",base_pois,False
park_137671,Herz Playground,park,1.5,0.0,6.0,22.0,37.71350451,-122.41659553,4.0,"park,Neighborhood Park or Playground",base_pois,False
rest_1044242-11-151,Hi Neighbor LLC,restaurant,1.5,24.083623427677384,11.0,22.0,37.781159191,-122.409618602,4.2,"food,restaurant",base_pois,False
biz_1009542-10-141,Hi Neighbor Llc,restaurant,1.671887585765492,40.89624852905317,8.0,22.0,37.7856,-122.430897,4.118439079594043,"restaurant,food services,japantown",registered_businesses,False
rest_1302630-04-221,Hi Sweetie Tea & Treats Corp,restaurant,1.5,29.95431569990528,11.0,22.0,37.733832,-122.4002295,4.2,"food,restaurant",base_pois,False
rest_0365733-03-001,Highdive,restaurant,1.5,42.86064305276954,11.0,22.0,37.788132996,-122.386371029,4.2,"food,restaurant",base_pois,False
biz_1386462-04-251,Hila,restaurant,1.758299543463637,32.813037600424884,8.0,22.0,37.793988,-122.3950005,4.234150570753175,"restaurant,food services,financial district/south beach",registered_businesses,False
park_47,Hilltop Park,park,1.5,0.0,6.0,22.0,37.73293151,-122.38350381,4.0,"park,Neighborhood Park or Playground",base_pois,False
rest_1266651-01-211,Hinoya Curry SF,restaurant,1.5,30.94528563016067,11.0,22.0,37.800468,-122.4364455,4.2,"food,restaurant",base_pois,False
muni_5032,Hoffman Ave&23rd St SE-NS/PS,transport,0.1,0.0,0.0,24.0,37.75241,-122.44074,3.5,"muni,transit,stop",base_pois,False
park_32,Holly Park,park,1.5,0.0,6.0,22.0,37.73721401,-122.41995329,4.0,"park,Neighborhood Park or Playground",base_pois,False
muni_5029,Holyoke St&Wayland St Nw-Ns,transport,0.2196541398020431,0.0,5.0,24.0,37.72522,-122.40812,3.4656933245409363,"transport,muni,transit",muni_stops,True
park_171743,Hooker Alley Community Garden,park,1.5,0.0,6.0,22.0,37.79043858,-122.41018584,4.0,"park,Community Garden",base_pois,False
biz_1194566-07-181,Hookt Mini Doughnuts,restaurant,1.027182133497585,48.550084400273114,8.0,22.0,37.642031981,-122.417079975,4.235354868335136,"restaurant,food services,nan",registered_businesses,False
park_58,Howard & Langton Mini Park,park,1.5,0.0,6.0,22.0,37.77726009,-122.40983188,4.0,"park,Community Garden",base_pois,False
muni_5056,Howard St&Main St E-MB/BZ,transport,0.1,0.0,0.0,24.0,37.790394,-122.393544,3.5,"muni,transit,stop",base_pois,False
muni_7676,Howard St&Spear St E-FS/SB,transport,0.1,0.0,0.0,24.0,37.791339,-122.392408,3.5,"muni,transit,stop",base_pois,False
muni_5038,Howth St&Geneva Ave W-FS,transport,0.1,0.0,0.0,24.0,37.72193,-122.45028,3.5,"muni,transit,stop",base_pois,False
muni_5042,Hudson Ave&Ardath Ct Nw-Mb/Bb,transport,0.3549346350705899,0.0,5.0,24.0,37.734537,-122.383,3.5127550098742963,"transport,muni,transit",muni_stops,True
muni_5043,Hudson Ave&Cashmere St N-Ns/Sb,transport,0.3670043236081305,0.0,5.0,24.0,37.735958,-122.383545,3.3032495041318644,"transport,muni,transit",muni_stops,True
muni_8147,Hudson Ave&Cashmere St SE-NS/PS,transport,0.1,0.0,0.0,24.0,37.73565,-122.383348,3.5,"muni,transit,stop",base_pois,False
muni_8106,Hudson Ave&Newhall St NE-NS/FS,transport,0.1,0.0,0.0,24.0,37.740053,-122.388132,3.5,"muni,transit,stop",base_pois,False
muni_5051,Hudson Ave&Whitney Young Cir SW-FS,transport,0.1,0.0,0.0,24.0,37.733355,-122.38212,3.5,"muni,transit,stop",base_pois,False
rest_1318924-11-221,Humphry Slocombe Group LLC,restaurant,1.5,43.04764357496802,11.0,22.0,37.764711,-122.418387,4.2,"food,restaurant",base_pois,False
rest_1220246-04-191,Hungry Human,restaurant,1.5,38.12366641382041,11.0,22.0,37.789605,-122.438088,4.2,"food,restaurant",base_pois,False
park_146,Hyde & Vallejo Mini Park,park,1.5,0.0,6.0,22.0,37.79764436,-122.41909195,4.0,"park,Mini Park",base_pois,False
muni_5062,Hyde St&Broadway Se-Mi,transport,0.1548556970146851,0.0,5.0,24.0,37.796345,-122.418395,3.389157530118218,"transport,muni,transit",muni_stops,True
muni_5066,Hyde St&Chestnut St SE-NS,transport,0.1,0.0,0.0,24.0,37.80284,-122.4197,3.5,"muni,transit,stop",base_pois,False
muni_5070,Hyde St&Filbert St NW-NS,transport,0.1,0.0,0.0,24.0,37.800208,-122.419334,3.5,"muni,transit,stop",base_pois,False
muni_5078,Hyde St&Lombard St SW-FS,transport,0.1,0.0,0.0,24.0,37.801859,-122.419665,3.5,"muni,transit,stop",base_pois,False
muni_5081,Hyde St&North Point St W-MI,transport,0.1,0.0,0.0,24.0,37.805705,-122.420455,3.5,"muni,transit,stop",base_pois,False
muni_5084,Hyde St&Pine St NW-NS/BZ,transport,0.1,0.0,0.0,24.0,37.79017,-122.4173,3.5,"muni,transit,stop",base_pois,False
muni_5087,Hyde St&Turk St Nw-Ns/Bz,transport,0.33089873090070526,0.0,5.0,24.0,37.782648,-122.415799,3.5984312498285993,"transport,muni,transit",muni_stops,True
biz_0380591-01-001,Hyde Street Bistro,restaurant,1.1237873311171378,13.317493124592229,8.0,22.0,37.794726,-122.4183735,4.2573650911146075,"restaurant,food services,russian hill",registered_businesses,False
biz_1250279-04-201,Hygh Espresso Elevated Focus,restaurant,1.004984965294473,16.355412929730782,8.0,22.0,37.664554993,-122.11519098,4.192314041934868,"restaurant,food services,nan",registered_businesses,False
biz_1323896-02-231,I'A Poke,restaurant,1.7257009707225355,16.918470612856527,8.0,22.0,37.780947,-122.459184,4.210657756109437,"restaurant,food services,inner richmond",registered_businesses,False
biz_1338803-07-231,Iggys Place Llc,restaurant,1.495534804152543,36.51663708779444,8.0,22.0,37.77561,-122.4965385,4.596500957739967,"restaurant,food services,outer richmond",registered_businesses,False
biz_1121210-09-161,Iku Sushi,restaurant,1.3223387728080442,15.962394095479329,8.0,22.0,37.658901237,-122.476266845,4.25387699232544,"restaurant,food services,nan",registered_businesses,False
rest_1243781-01-201,Iku,restaurant,1.5,42.838241093757134,11.0,22.0,37.782284431,-122.388426791,4.2,"food,restaurant",base_pois,False
rest_1401828-10-251,Il Massimo Cafe Catering,restaurant,1.5,41.300118445763985,11.0,22.0,37.794429,-122.403879,4.2,"food,restaurant",base_pois,False
biz_1302031-04-221,Ilcha,restaurant,1.6981902447177162,30.63416778532427,8.0,22.0,37.799487,-122.4368325,4.492317527267543,"restaurant,food services,marina",registered_businesses,False
rest_1222145-05-191,Illegal Burgers,restaurant,1.5,35.36162710494696,11.0,22.0,37.762731,-122.396238,4.2,"food,restaurant",base_pois,False
rest_1222079-05-191,Illegal Burger,restaurant,1.5,41.37588700478459,11.0,22.0,37.762731,-122.396238,4.2,"food,restaurant",base_pois,False
biz_0476591-02-001,Imagine Culinary Group,restaurant,1.7877928506388727,34.69967809835237,8.0,22.0,37.770714,-122.40333,4.233780862967021,"restaurant,food services,south of market",registered_businesses,False
biz_0476591-01-001,Imagine Culinary Group,restaurant,1.483511641003681,21.681847452085833,8.0,22.0,37.771713,-122.4026955,4.134130687455241,"restaurant,food services,south of market",registered_businesses,False
rest_0476591-03-001,Imagine Culinary Group,restaurant,1.5,14.93990819244519,11.0,22.0,37.790307,-122.3973765,4.2,"food,restaurant",base_pois,False
park_957230,In Chan Kaajal Park,park,1.5,0.0,6.0,22.0,37.76391619,-122.4157528,4.0,"park,Neighborhood Park or Playground",base_pois,False
park_145,Ina Coolbrith Park,park,1.5,0.0,6.0,22.0,37.7981701,-122.41339661,4.0,"park,Mini Park",base_pois,False
park_48,India Basin - Shoreline Park,park,1.5,0.0,6.0,22.0,37.73366807,-122.37378414,4.0,"park,Neighborhood Park or Playground",base_pois,False
muni_5093,Industrial St&Bayshore Blvd Se-Fs,transport,0.24481648764656821,0.0,5.0,24.0,37.737943,-122.40678,3.126084937281158,"transport,muni,transit",muni_stops,True
muni_8058,Ingalls St&Kiska Rd SE-NS/SB,transport,0.1,0.0,0.0,24.0,37.731042,-122.379556,3.5,"muni,transit,stop",base_pois,False
muni_5111,Ingalls St&Thomas Ave N-NS,transport,0.1,0.0,0.0,24.0,37.72735,-122.38563,3.5,"muni,transit,stop",base_pois,False
muni_5115,Ingerson Ave&Griffith St E-Mi/Sb,transport,0.2457494855423359,0.0,5.0,24.0,37.717012,-122.389212,3.7223533641311315,"transport,muni,transit",muni_stops,True
park_11473,Ingleside Branch Library,park,1.5,0.0,6.0,22.0,37.72415838,-122.45614197,4.0,"park,Library",base_pois,False
muni_5101,Innes Ave&Griffith St E-NS/PS,transport,0.1,0.0,0.0,24.0,37.732004,-122.375614,3.5,"muni,transit,stop",base_pois,False
park_87,Interior Greenbelt,park,1.5,0.0,6.0,22.0,37.75934728,-122.4537706,4.0,"park,Neighborhood Park or Playground",base_pois,False
sfo_3404,International Terminal Building - 100,airport,3.2275939643292735,0.0,0.0,24.0,37.61593947200003,-122.38891004299995,4.870219076751963,"airport,airport (sfo)",sfo_facilities,False
rest_1324076-02-231,Iris Dullaart,restaurant,1.5,12.532554744001974,11.0,22.0,37.787380093,-122.391137737,4.2,"food,restaurant",base_pois,False
rest_1187032-05-181,Irma's Pampanga Restaurant,restaurant,1.5,37.11954611080542,11.0,22.0,37.764936,-122.4179235,4.2,"food,restaurant",base_pois,False
biz_1358191-04-241,Iron Horse Cocktails,restaurant,1.3013203576626153,38.36856543833269,8.0,22.0,37.788273,-122.403879,4.447132965712866,"restaurant,food services,financial district/south beach",registered_businesses,False
muni_5118,Irving St&2nd Ave NE-NS,transport,0.1,0.0,0.0,24.0,37.764441,-122.458643,3.5,"muni,transit,stop",base_pois,False
rest_1296639-02-221,Isabella's Taqueria,restaurant,1.5,38.10961509920766,11.0,22.0,37.744488,-122.420178,4.2,"food,restaurant",base_pois,False
biz_1360401-05-241,Ivsf Catering,restaurant,1.5824447415393774,49.95139043546377,8.0,22.0,37.781154,-122.3952525,4.320995573487882,"restaurant,food services,financial district/south beach",registered_businesses,False
rest_1404480-11-251,Izzy & Wooks,restaurant,1.5,36.85179344953568,11.0,22.0,37.782891,-122.4087885,4.2,"food,restaurant",base_pois,False
biz_1336057-06-231,"Izzy'S Cheesesteaks Food Truck, Llc",restaurant,1.345383393169492,31.577908112658886,8.0,22.0,37.771594,-122.388589,4.222700005902512,"restaurant,food services,mission bay",registered_businesses,False
biz_1153359-07-171,J&O School Lunch,restaurant,1.1643787259244438,42.95323462527751,8.0,22.0,37.775587245,-122.499579788,4.565449791886826,"restaurant,food services,outer richmond",registered_businesses,False
park_90,J.P. Murphy Playground,park,1.5,0.0,6.0,22.0,37.75180377,-122.4650326,4.0,"park,Neighborhood Park or Playground",base_pois,False
rest_1006201-09-141,Jackalope,restaurant,1.5,34.79947317386483,11.0,22.0,37.787112,-122.4197325,4.2,"food,restaurant",base_pois,False
park_54,Jackson Playground,park,1.5,0.0,6.0,22.0,37.76431708,-122.39962279,4.0,"park,Neighborhood Park or Playground",base_pois,False
muni_5154,Jackson St&Leavenworth St Ne-Ns,transport,0.25212916753396364,0.0,5.0,24.0,37.794854,-122.416366,3.697874733021206,"transport,muni,transit",muni_stops,True
muni_5166,Jackson St&Van Ness Ave NW-FS/BZ,transport,0.1,0.0,0.0,24.0,37.793954,-122.423154,3.5,"muni,transit,stop",base_pois,False
rest_1218661-04-191,Jade Cafe,restaurant,1.5,37.99383291514825,11.0,22.0,37.76589,-122.410665,4.2,"food,restaurant",base_pois,False
park_50,James Rolph Jr. Playground,park,1.5,0.0,6.0,22.0,37.74973246,-122.40624443,4.0,"park,Neighborhood Park or Playground",base_pois,False
biz_1318675-11-221,Jane'S Sweet Things,restaurant,1.7331244745595453,22.622110793495075,8.0,22.0,37.786095,-122.4527715,3.7702097165309887,"restaurant,food services,presidio heights",registered_businesses,False
biz_1059073-03-161,Jannot,restaurant,1.267299668810597,11.13907254819022,8.0,22.0,37.754019,-122.5083015,4.111689077043098,"restaurant,food services,sunset/parkside",registered_businesses,False
park_126,Japantown Peace Plaza,park,1.5,0.0,6.0,22.0,37.78522059,-122.42976491,4.0,"park,Civic Plaza or Square",base_pois,False
rest_1154616-07-171,Jasmine Tea House,restaurant,1.5,13.38855635609605,11.0,22.0,37.744641,-122.4200925,4.2,"food,restaurant",base_pois,False
rest_1007999-09-141,Java Beach Coffee Roasters Inc,restaurant,1.5,31.529413841890687,11.0,22.0,37.736325,-122.5057635,4.2,"food,restaurant",base_pois,False
park_122,Jefferson Square,park,1.5,0.0,6.0,22.0,37.78180437,-122.42567952,4.0,"park,Neighborhood Park or Playground",base_pois,False
biz_1351093-01-241,Jerrypop,restaurant,1.3448312593988379,21.504310977428755,8.0,22.0,37.751499,-122.4191925,4.297681256522224,"restaurant,food services,mission",registered_businesses,False
rest_1271490-03-211,Joanie's Happy Days Diner,restaurant,1.5,19.206658582735677,11.0,22.0,37.80639,-122.4194175,4.2,"food,restaurant",base_pois,False
rest_1235565-10-191,Joe & The Juice,restaurant,1.5,49.92289040715812,11.0,22.0,37.785294,-122.395581,4.2,"food,restaurant",base_pois,False
park_150,Joe DiMaggio Playground,park,1.5,0.0,6.0,22.0,37.80249695,-122.41216884,4.0,"park,Neighborhood Park or Playground",base_pois,False
park_28,John McLaren Park,park,1.5,0.0,6.0,22.0,37.71809698,-122.41908038,4.0,"park,Regional Park",base_pois,False
muni_5132,John Muir Dr&Skyline Blvd S-FS/SB,transport,0.1,0.0,0.0,24.0,37.718738,-122.499913,3.5,"muni,transit,stop",base_pois,False
muni_5184,Jones St&Beach St NW-NS/PS,transport,0.1,0.0,0.0,24.0,37.807132,-122.417324,3.5,"muni,transit,stop",base_pois,False
muni_8049,Jones St&Ellis St Sw-Fs/Bz,transport,0.322602027194738,0.0,5.0,24.0,37.784806,-122.412829,3.6430239308996204,"transport,muni,transit",muni_stops,True
muni_5186,Jones St&Post St NW-NS/BZ,transport,0.1,0.0,0.0,24.0,37.78781,-122.41344,3.5,"muni,transit,stop",base_pois,False
muni_5187,Jones St&Sutter St NW-NS/BZ,transport,0.1,0.0,0.0,24.0,37.78869,-122.41361,3.5,"muni,transit,stop",base_pois,False
park_158,Joost & Baden Mini Park,park,1.5,0.0,6.0,22.0,37.73273784,-122.4408549,4.0,"park,Mini Park",base_pois,False
park_60,Jose Coronado Playground,park,1.5,0.0,6.0,22.0,37.75753089,-122.41511679,4.0,"park,Neighborhood Park or Playground",base_pois,False
park_154,Joseph Conrad Square,park,1.5,0.0,6.0,22.0,37.8066775,-122.41907594,4.0,"park,Mini Park",base_pois,False
park_118,Joseph L. Alioto Performing Arts Piazza,park,1.5,0.0,6.0,22.0,37.77948576,-122.41761127,4.0,"park,Civic Plaza or Square",base_pois,False
park_40,Joseph Lee Rec Center,park,1.5,0.0,6.0,22.0,37.73473606,-122.3897433,4.0,"park,Neighborhood Park or Playground",base_pois,False
biz_1169892-12-171,Joshi & Jaffar,restaurant,1.6537304725769206,29.831890890800018,8.0,22.0,37.726596,-122.3656245,3.7343788118438015,"restaurant,food services,bayview hunters point",registered_businesses,False
biz_1239106-11-191,Joshua Williams,restaurant,1.3014006367201856,13.918377099100528,8.0,22.0,37.800282984,-122.241330995,4.384209132730013,"restaurant,food services,nan",registered_businesses,False
muni_5170,Juan Bautista Cir&Font Blvd N-NS/SB,transport,0.1,0.0,0.0,24.0,37.718691,-122.478427,3.5,"muni,transit,stop",base_pois,False
muni_5203,Judah St&25Th Ave Ne-Ns/Si,transport,0.15397907575992772,0.0,5.0,24.0,37.761452,-122.4833,3.7697809448310524,"transport,muni,transit",muni_stops,True
muni_5205,Judah St&28th Ave NE-NS/SI,transport,0.1,0.0,0.0,24.0,37.76131,-122.48651,3.5,"muni,transit,stop",base_pois,False
muni_5206,Judah St&28Th Ave Sw-Ns/Si,transport,0.2684961182572727,0.0,5.0,24.0,37.761232,-122.486763,3.6471839057202864,"transport,muni,transit",muni_stops,True
muni_5213,Judah St&43rd Ave NE-NS/SI,transport,0.1,0.0,0.0,24.0,37.760598,-122.502574,3.5,"muni,transit,stop",base_pois,False
muni_5215,Judah St&46th Ave NE-NS/SI,transport,0.1,0.0,0.0,24.0,37.760493,-122.505832,3.5,"muni,transit,stop",base_pois,False
muni_5219,Judah St&Funston Ave NE-NS,transport,0.1,0.0,0.0,24.0,37.762075,-122.470329,3.5,"muni,transit,stop",base_pois,False
muni_5172,Judson Ave&Gennessee St Sw-Ns/Sb,transport,0.37548867254544854,0.0,5.0,24.0,37.728287,-122.451273,3.6421023811437045,"transport,muni,transit",muni_stops,True
biz_1239808-12-191,Juicey Lucy'S,restaurant,1.984585041543281,35.4018157262847,8.0,22.0,37.741815,-122.413617,4.395295301305936,"restaurant,food services,bernal heights",registered_businesses,False
biz_1222619-05-191,Junior Barbecue Burger,restaurant,1.8442723575824447,39.343492482252955,8.0,22.0,37.656350996,-122.441476007,4.223648133239426,"restaurant,food services,nan",registered_businesses,False
park_13,Junipero Serra Playground,park,1.5,0.0,6.0,22.0,37.72481504,-122.47386448,4.0,"park,Neighborhood Park or Playground",base_pois,False
park_23,Juri Commons,park,1.5,0.0,6.0,22.0,37.74950897,-122.42200565,4.0,"park,Mini Park",base_pois,False
rest_1235287-10-191,K Five Fifty,restaurant,1.5,15.945676088908643,11.0,22.0,37.793122539,-122.40449716,4.2,"food,restaurant",base_pois,False
biz_0486608-01-001,Kahnfections,restaurant,1.6390272102646737,44.329334584535054,8.0,22.0,37.739889,-122.4093825,4.505432166554399,"restaurant,food services,bernal heights",registered_businesses,False
rest_1254706-06-201,Kaisen Don,restaurant,1.5,16.201492866282962,11.0,22.0,37.775907,-122.496597,4.2,"food,restaurant",base_pois,False
biz_0467070-02-001,Kama Sushi Soma,restaurant,1.7766886763492904,19.133811065621014,8.0,22.0,37.773783,-122.4120555,4.116889366415058,"restaurant,food services,south of market",registered_businesses,False
biz_1366934-07-241,Kana Sushi,restaurant,1.504063906564551,14.23655120550605,8.0,22.0,37.717749,-122.4739845,4.319150741830995,"restaurant,food services,lakeshore",registered_businesses,False
biz_1234096-09-191,Karl'S Beacon,restaurant,1.1350797922175242,41.74750356380223,8.0,22.0,37.742816749,-122.480568744,4.042479372436083,"restaurant,food services,sunset/parkside",registered_businesses,False
rest_1212164-02-191,Katana-Ya (Usa) Corporation,restaurant,1.5,21.737850865029024,11.0,22.0,37.787274,-122.4103905,4.2,"food,restaurant",base_pois,False
biz_1198935-08-181,Kaya,restaurant,1.1954195884106225,48.80419420160604,8.0,22.0,37.776222,-122.418234,4.175041354876138,"restaurant,food services,tenderloin",registered_businesses,False
biz_1135542-02-171,"Kbgc, Inc.",restaurant,1.099951855774513,44.955552995857765,8.0,22.0,37.745613,-122.398875,4.2309350036028475,"restaurant,food services,bayview hunters point",registered_businesses,False
park_26,Kelloch & Velasco Mini Park,park,1.5,0.0,6.0,22.0,37.70853932,-122.41315618,4.0,"park,Mini Park",base_pois,False
rest_1302872-04-221,Kelly Walter Wines,restaurant,1.5,21.9666303953933,11.0,22.0,37.749078,-122.4406485,4.2,"food,restaurant",base_pois,False
rest_1231822-08-191,Kenny's Bar.B.Q,restaurant,1.5,26.253340528923275,11.0,22.0,37.78461,-122.4203805,4.2,"food,restaurant",base_pois,False
biz_0063205-01-001,Kentucky Fried Chicken,restaurant,1.4305023101095706,18.668420624138758,8.0,22.0,37.743165,-122.478759,4.735861706194245,"restaurant,food services,sunset/parkside",registered_businesses,False
biz_0060562-01-001,Kentucky Fried Chicken,restaurant,1.696116357613013,14.770828662473765,8.0,22.0,37.769958,-122.4248445,3.859487292286837,"restaurant,food services,mission",registered_businesses,False
rest_1261720-10-201,Ken,restaurant,1.5,22.15846253826876,11.0,22.0,37.771533,-122.4368955,4.2,"food,restaurant",base_pois,False
rest_1371098-09-241,Khan And Queen's Creamery,restaurant,1.5,42.08091235683588,11.0,22.0,37.776465,-122.3934525,4.2,"food,restaurant",base_pois,False
biz_1275643-04-211,Khob Khun,restaurant,1.5374375733539765,21.609305862855905,8.0,22.0,37.780929,-122.4596295,4.479849290499596,"restaurant,food services,inner richmond",registered_businesses,False
park_191,Kid Power Park,park,1.5,0.0,6.0,22.0,37.76415832,-122.42031034,4.0,"park,Neighborhood Park or Playground",base_pois,False
rest_0482379-01-001,Kim Son Restaurant,restaurant,1.5,39.618772302513875,11.0,22.0,37.775916,-122.4977265,4.2,"food,restaurant",base_pois,False
rest_1274157-04-211,Kimoy,restaurant,1.5,43.08251472064302,11.0,22.0,37.709757,-122.4474975,4.2,"food,restaurant",base_pois,False
rest_1239221-11-191,Kimpaws,restaurant,1.5,42.168901891589954,11.0,22.0,37.792251,-122.419026,4.2,"food,restaurant",base_pois,False
biz_1126921-11-161,King Kee,restaurant,1.9612605167483796,43.17815927244168,8.0,22.0,37.785663,-122.408937,4.30687026053021,"restaurant,food services,tenderloin",registered_businesses,False
muni_5236,King St&2Nd St W-Fs/Sb,transport,0.1952524626675431,0.0,5.0,24.0,37.7798,-122.38994,3.5781781448187004,"transport,muni,transit",muni_stops,True
muni_8052,Kirkwood Ave&Earl St NE-NS/SB,transport,0.1,0.0,0.0,24.0,37.728665,-122.373086,3.5,"muni,transit,stop",base_pois,False
biz_0472374-01-001,Kitchen Story Cafe,restaurant,1.226188889802062,33.91787338194483,8.0,22.0,37.764279,-122.430726,3.893307816362091,"restaurant,food services,castro/upper market",registered_businesses,False
park_74,Kite Hill,park,1.5,0.0,6.0,22.0,37.75824558,-122.44167469,4.0,"park,Neighborhood Park or Playground",base_pois,False
biz_1370254-09-241,Kizuki Ramen & Izakaya,restaurant,1.4915657673369989,34.49445330890628,8.0,22.0,37.728477,-122.4768375,4.221342845400647,"restaurant,food services,lakeshore",registered_businesses,False
biz_1213003-02-191,Kolobok Llc,restaurant,1.3287799113057372,36.83808123878501,8.0,22.0,37.811109008,-122.25119901,4.082533687695107,"restaurant,food services,nan",registered_businesses,False
rest_1323107-02-231,Koncoctions Bay Area,restaurant,1.5,37.068135275140314,11.0,22.0,37.76319,-122.48001,4.2,"food,restaurant",base_pois,False
biz_1398917-09-251,Kope House Commissary,restaurant,1.172170663682924,31.48064783591491,8.0,22.0,37.750176,-122.414211,4.128975248659804,"restaurant,food services,mission",registered_businesses,False
park_115,Koshland Park,park,1.5,0.0,6.0,22.0,37.77327033,-122.42677179,4.0,"park,Neighborhood Park or Playground",base_pois,False
rest_1301171-03-221,Kuker,restaurant,1.5,43.934466396978635,11.0,22.0,37.805508,-122.4319545,4.2,"food,restaurant",base_pois,False
biz_1369057-08-241,Kung Fu Action Theater,restaurant,1.0576010503789748,47.83905692677172,8.0,22.0,37.785843,-122.418189,3.9386843046503817,"restaurant,food services,tenderloin",registered_businesses,False
rest_1076039-06-161,Kushi Tsuru,restaurant,1.5,13.772059828830038,11.0,22.0,37.785168,-122.430564,4.2,"food,restaurant",base_pois,False
biz_1316139-10-221,L'Ottavo Ristorante,restaurant,1.8027522502122157,35.110166673842286,8.0,22.0,37.789056,-122.4117225,4.147741935993145,"restaurant,food services,nob hill",registered_businesses,False
rest_1373487-10-241,La Areperia De Shirly,restaurant,1.5,14.158074021706096,11.0,22.0,37.782414,-122.3966925,4.2,"food,restaurant",base_pois,False
biz_1182156-03-181,La Boquita Kitchen,restaurant,1.0884387692746547,46.020065732770206,8.0,22.0,37.726596,-122.3656245,3.9510774432895484,"restaurant,food services,bayview hunters point",registered_businesses,False
biz_1157692-08-171,La Boquita Kitchen,restaurant,1.7088620784408124,45.03741498053383,8.0,22.0,37.738116,-122.423319,4.231541299107744,"restaurant,food services,bernal heights",registered_businesses,False
rest_1039890-09-151,La Boulangerie De San Francisco,restaurant,1.5,22.167862832990703,11.0,22.0,37.797453,-122.4308565,4.2,"food,restaurant",base_pois,False
rest_0461307-01-001,La Espiga De Oro,restaurant,1.5,40.90744794163766,11.0,22.0,37.752957,-122.410422,4.2,"food,restaurant",base_pois,False
biz_0457476-01-001,La Fina Estampa,restaurant,1.033609969186251,21.413447966691503,8.0,22.0,37.788543,-122.4207495,4.062913615533746,"restaurant,food services,nob hill",registered_businesses,False
biz_0301143-04-001,La Fromagerie,restaurant,1.1878585481926809,13.643615764756113,8.0,22.0,37.758879,-122.388237,4.207501634632735,"restaurant,food services,potrero hill",registered_businesses,False
rest_1182648-03-181,La Fromagerie,restaurant,1.5,42.951148389830855,11.0,22.0,37.789497,-122.397606,4.2,"food,restaurant",base_pois,False
rest_0075105-02-001,La Gallinita,restaurant,1.5,15.307695905990535,11.0,22.0,37.752489,-122.4116685,4.2,"food,restaurant",base_pois,False
rest_0470392-01-001,La Jefa,restaurant,1.5,18.041245261822628,11.0,22.0,37.740509423,-122.406737299,4.2,"food,restaurant",base_pois,False
biz_0947153-01-001,La Mediterranee Ii Inc,restaurant,1.6700931741485705,31.01292602327368,8.0,22.0,37.764495,-122.433426,4.463018721505936,"restaurant,food services,castro/upper market",registered_businesses,False
rest_0913071-02-001,La Mediterranee,restaurant,1.5,31.40022457616052,11.0,22.0,37.799694,-122.4104895,4.2,"food,restaurant",base_pois,False
biz_1293102-12-211,La Mexicana Bakery,restaurant,1.2573875756946147,39.670423501332344,8.0,22.0,37.752984,-122.408406,3.7368942712527615,"restaurant,food services,mission",registered_businesses,False
muni_4843,La Playa St&Cabrillo St SW-FS/BZ,transport,0.1,0.0,0.0,24.0,37.773214,-122.51006,3.5,"muni,transit,stop",base_pois,False
muni_5288,La Salle Ave&Ingalls St Ne-Fs,transport,0.2539195482780585,0.0,5.0,24.0,37.73077,-122.3814,3.7164542507949547,"transport,muni,transit",muni_stops,True
muni_5289,La Salle Ave&Newcomb Ave E-Ns,transport,0.27683099489826735,0.0,5.0,24.0,37.73298,-122.38479,3.308725968275646,"transport,muni,transit",muni_stops,True
rest_1319947-12-221,La Sarrasine,restaurant,1.5,47.98021276617187,11.0,22.0,37.77516,-122.4380565,4.2,"food,restaurant",base_pois,False
rest_0134378-01-001,La Taqueria,restaurant,1.5,26.6347119060184,11.0,22.0,37.750887,-122.4180675,4.2,"food,restaurant",base_pois,False
biz_1040354-09-151,Ladle & Leaf,restaurant,1.8682391284056576,13.80940348048634,8.0,22.0,37.793871,-122.400387,4.2159944278422135,"restaurant,food services,financial district/south beach",registered_businesses,False
rest_1138397-03-171,Ladle & Leaf,restaurant,1.5,10.312835129016445,11.0,22.0,37.793988,-122.3950005,4.2,"food,restaurant",base_pois,False
park_128,Lafayette Park,park,1.5,0.0,6.0,22.0,37.79155487,-122.42768677,4.0,"park,Neighborhood Park or Playground",base_pois,False
muni_4877,Laguna Honda Blvd&Balceta Ave S-FS,transport,0.1,0.0,0.0,24.0,37.74529,-122.45718,3.5,"muni,transit,stop",base_pois,False
muni_5260,Laguna St&Hayes St NE-FS/BZ,transport,0.1,0.0,0.0,24.0,37.776752,-122.42627,3.5,"muni,transit,stop",base_pois,False
biz_1331734-05-231,Lahore Di Khushboo,restaurant,1.0952336102883753,25.094936957064455,8.0,22.0,37.771594,-122.388589,3.938039945282545,"restaurant,food services,mission bay",registered_businesses,False
muni_7851,Lake Merced & Lakeshore S-NS/SB,transport,0.1,0.0,0.0,24.0,37.72942,-122.494056,3.5,"muni,transit,stop",base_pois,False
park_10,Lake Merced Park,park,1.5,0.0,6.0,22.0,37.7218412,-122.49239057,4.0,"park,Regional Park",base_pois,False
muni_4836,Lake Merced&Lake Merced Hills Ne-Fs/Ps,transport,0.3807536647619381,0.0,5.0,24.0,37.71153,-122.48527,3.0,"transport,muni,transit",muni_stops,True
muni_4838,Lake Merced&Middlefield Dr NE-NS,transport,0.1,0.0,0.0,24.0,37.729628,-122.486404,3.5,"muni,transit,stop",base_pois,False
muni_4840,Lake Merced&State Dr-Sfsu W-Mb/Ps,transport,0.3267097934615071,0.0,5.0,24.0,37.72606,-122.48434,3.0,"transport,muni,transit",muni_stops,True
park_20,Lakeview & Ashton Mini Park,park,1.5,0.0,6.0,22.0,37.71809649,-122.46258591,4.0,"park,Mini Park",base_pois,False
landmark_024,Lands End,park,2.7212608027922602,0.0,6.0,22.0,37.7874,-122.5062,4.238739072603424,"park,trail,ocean,scenic,cliffs",sf_landmarks_curated,False
biz_1244223-01-201,Larkin Restaurant,restaurant,1.8595307918093251,24.192310603552844,8.0,22.0,37.783503,-122.417847,3.549527921237078,"restaurant,food services,tenderloin",registered_businesses,False
muni_4845,Larkin St&Beach St Se-Ns/Sb,transport,0.3224379914851187,0.0,5.0,24.0,37.806348,-122.422083,3.572533331772189,"transport,muni,transit",muni_stops,True
muni_4851,Larkin St&O'Farrell St SE-NS/BZ,transport,0.1,0.0,0.0,24.0,37.785084,-122.417792,3.5,"muni,transit,stop",base_pois,False
biz_1377456-01-251,Las Chulitas S.F,restaurant,1.679485218258104,44.98228481117854,8.0,22.0,37.715625,-122.4457965,4.548017730243564,"restaurant,food services,outer mission",registered_businesses,False
park_107,Laurel Hill Playground,park,1.5,0.0,6.0,22.0,37.78395928,-122.45093716,4.0,"park,Neighborhood Park or Playground",base_pois,False
biz_1231814-08-191,Lavash,restaurant,1.6209217397084077,27.052734098045242,8.0,22.0,37.764027,-122.4633915,4.424999916107433,"restaurant,food services,inner sunset",registered_businesses,False
muni_4861,Lawton St&Lomita Ave SW-NS/PS,transport,0.1,0.0,0.0,24.0,37.75916,-122.47269,3.5,"muni,transit,stop",base_pois,False
rest_1233268-09-191,Lazy Bear,restaurant,1.5,10.165798018975568,11.0,22.0,37.760418,-122.4197055,4.2,"food,restaurant",base_pois,False
rest_1371957-10-241,Lazy Susan,restaurant,1.5,36.731278464225035,11.0,22.0,37.740519,-122.465448,4.2,"food,restaurant",base_pois,False
rest_1200332-09-181,Le French Bliss,restaurant,1.5,29.891339520378526,11.0,22.0,37.727443008,-122.364784349,4.2,"food,restaurant",base_pois,False
muni_4866,Leavenworth St&Jackson St SE-NS/PS,transport,0.1,0.0,0.0,24.0,37.79465,-122.41638,3.5,"muni,transit,stop",base_pois,False
muni_4869,Leavenworth St&Post St SE-NS/BB,transport,0.1,0.0,0.0,24.0,37.787313,-122.414875,3.5,"muni,transit,stop",base_pois,False
muni_4870,Leavenworth St&Sacramento St SE-NS,transport,0.1,0.0,0.0,24.0,37.79206,-122.41586,3.5,"muni,transit,stop",base_pois,False
muni_4871,Leavenworth St&Sutter St Se-Ns/Bb,transport,0.15910798682746527,0.0,5.0,24.0,37.788252,-122.41509,3.2416656260027428,"transport,muni,transit",muni_stops,True
rest_1369258-08-241,Leeteh,restaurant,1.5,28.586457710507744,11.0,22.0,37.773054,-122.4044505,4.2,"food,restaurant",base_pois,False
muni_5261,Legion Of Honor Dr&Clement St Nw-Ns,transport,0.2284716640783089,0.0,5.0,24.0,37.781653,-122.494615,3.0656445177344724,"transport,muni,transit",muni_stops,True
landmark_007,Legion of Honor,museum,2.209175959138497,15.0,9.0,17.0,37.7844,-122.5006,4.615842451508172,"museum,art,european,classical",sf_landmarks_curated,False
rest_1066743-05-161,Lemongrass Thai Cuisine,restaurant,1.5,15.220123013665123,11.0,22.0,37.798533,-122.42205,4.2,"food,restaurant",base_pois,False
biz_1390169-05-251,Leonore’S Deli & Tacqueria Llc,restaurant,1.9645188861392016,26.449355748500718,8.0,22.0,37.781388,-122.42142,3.8032254248004396,"restaurant,food services,western addition",registered_businesses,False
rest_0462031-01-001,Lers Ros & Red,restaurant,1.5,43.677389537760114,11.0,22.0,37.776933,-122.4217035,4.2,"food,restaurant",base_pois,False
biz_1363412-06-241,Les Deux Amis,restaurant,1.0999318089723635,11.325463142747626,8.0,22.0,37.775192503,-122.412976985,4.336666758154122,"restaurant,food services,south of market",registered_businesses,False
biz_1259017-08-201,"Les Deux Cochons, Llc",restaurant,1.3289436504764927,25.34476225485409,8.0,22.0,37.749880786,-122.394534579,4.10006998592756,"restaurant,food services,bayview hunters point",registered_businesses,False
biz_1150491-06-171,Les Gourmands Bakery,restaurant,1.1285885091252033,28.637324076055254,8.0,22.0,37.780353,-122.403744,4.708084256177584,"restaurant,food services,south of market",registered_businesses,False
park_14,Lessing & Sears Mini Park,park,1.5,0.0,6.0,22.0,37.70862323,-122.45533612,4.0,"park,Mini Park",base_pois,False
biz_1369865-09-241,Let Them Make Cake,restaurant,1.0568176783999814,38.76538732796582,8.0,22.0,37.764027,-122.44644,4.264122994610885,"restaurant,food services,haight ashbury",registered_businesses,False
rest_1244377-01-201,Lieu's,restaurant,1.5,22.096526164309353,11.0,22.0,37.782828,-122.4616995,4.2,"food,restaurant",base_pois,False
biz_1240638-12-191,Lifeworks @ Williams Sonoma,restaurant,1.6513349987400465,10.137773552940503,8.0,22.0,37.805805,-122.4250875,4.593770706902183,"restaurant,food services,russian hill",registered_businesses,False
biz_1272878-03-211,Lilikoi,restaurant,1.5875194925558405,47.609900570590256,8.0,22.0,37.798272,-122.435496,4.0859609509711605,"restaurant,food services,marina",registered_businesses,False
biz_1127632-11-161,Lily'S Bakery,restaurant,1.0449642424988275,41.93505424356061,8.0,22.0,37.75527,-122.5036485,4.297874009337027,"restaurant,food services,sunset/parkside",registered_businesses,False
muni_3705,Lincoln Blvd&Bowley St SW-FS/SB,transport,0.1,0.0,0.0,24.0,37.788465,-122.482617,3.5,"muni,transit,stop",base_pois,False
muni_7027,Lincoln Blvd&Girard Rd Se-Fs/Sb,transport,0.21812214802929974,0.0,5.0,24.0,37.800551,-122.45389,3.440937591844078,"transport,muni,transit",muni_stops,True
rest_1361590-05-241,Lincoln Market & Deli,restaurant,1.5,41.007339188626425,11.0,22.0,37.748403,-122.4785115,4.2,"food,restaurant",base_pois,False
park_103,Lincoln Park,park,1.5,0.0,6.0,22.0,37.78424485,-122.49832821,4.0,"park,Regional Park",base_pois,False
muni_5305,Lincoln Way&15Th Ave Sw-Ns/Bz,transport,0.36908616734937927,0.0,5.0,24.0,37.76556,-122.47305,3.4212658398107134,"transport,muni,transit",muni_stops,True
muni_7186,Lincoln Way&19th Ave SE-FS/BZ,transport,0.1,0.0,0.0,24.0,37.765437,-122.477209,3.5,"muni,transit,stop",base_pois,False
muni_5311,Lincoln Way&21st Ave SW-NS/BZ,transport,0.1,0.0,0.0,24.0,37.765285,-122.479489,3.5,"muni,transit,stop",base_pois,False
muni_5317,Lincoln Way&27Th Ave Se-Fs/Bz,transport,0.3377702901207178,0.0,5.0,24.0,37.765016,-122.485506,3.6396927586844394,"transport,muni,transit",muni_stops,True
muni_5324,Lincoln Way&47th Ave NW-FS/SB,transport,0.1,0.0,0.0,24.0,37.764186,-122.507405,3.5,"muni,transit,stop",base_pois,False
muni_5296,Lincoln Way&5Th Ave Nw-Fs/Bz,transport,0.3211317446464529,0.0,5.0,24.0,37.76618,-122.46246,3.686711702658574,"transport,muni,transit",muni_stops,True
muni_5300,Lincoln Way&9th Ave NW-FS/BZ,transport,0.1,0.0,0.0,24.0,37.766001,-122.466746,3.5,"muni,transit,stop",base_pois,False
muni_5301,Lincoln Way&9th Ave SE-FS/BZ,transport,0.1,0.0,0.0,24.0,37.765859,-122.46623,3.5,"muni,transit,stop",base_pois,False
muni_5327,Lincoln Way&Funston Ave SW-NS/BZ,transport,0.1,0.0,0.0,24.0,37.76565,-122.47086,3.5,"muni,transit,stop",base_pois,False
muni_5329,Lincoln Way&La Playa St SW-NS/PS,transport,0.1,0.0,0.0,24.0,37.763926,-122.50957,3.5,"muni,transit,stop",base_pois,False
muni_5328,Lincoln Way&Martin Luther King Jr Dr  NE-NS/SB,transport,0.1,0.0,0.0,24.0,37.764148,-122.509296,3.5,"muni,transit,stop",base_pois,False
rest_1383326-03-251,Lion Kings,restaurant,1.5,44.02553969219232,11.0,22.0,37.729764,-122.4788445,4.2,"food,restaurant",base_pois,False
biz_1236953-10-191,Little Burde Chocolate,restaurant,1.3902761417723433,22.54910887041601,8.0,22.0,37.75986,-122.5062315,4.383933340070041,"restaurant,food services,sunset/parkside",registered_businesses,False
biz_1204407-11-181,Little Gem,restaurant,1.0940993066362248,19.317946195529835,8.0,22.0,37.797354,-122.435172,4.189329225943131,"restaurant,food services,marina",registered_businesses,False
park_42,Little Hollywood Park,park,1.5,0.0,6.0,22.0,37.70999032,-122.39823747,4.0,"park,Neighborhood Park or Playground",base_pois,False
biz_1147268-05-171,Little Swan Bakery,restaurant,1.161578624371522,37.637860421757665,8.0,22.0,37.797309,-122.408829,4.298793285703872,"restaurant,food services,chinatown",registered_businesses,False
rest_1364316-06-241,Little Sweet / Grab N Go,restaurant,1.5,29.928747720903427,11.0,22.0,37.763604,-122.4787455,4.2,"food,restaurant",base_pois,False
biz_1268784-02-211,Living Carbon,restaurant,1.9810048113537728,14.449377610270062,8.0,22.0,37.750005,-122.4043605,4.308502455862527,"restaurant,food services,mission",registered_businesses,False
biz_1080524-07-161,Local Cafe,restaurant,1.782905274171724,19.17395589266142,8.0,22.0,37.77408,-122.463657,4.483013072103545,"restaurant,food services,inner richmond",registered_businesses,False
biz_1297527-02-221,Lojo'S Taco Shop,restaurant,1.8505208789213576,23.418016798292506,8.0,22.0,37.726596,-122.3656245,4.208173806313318,"restaurant,food services,bayview hunters point",registered_businesses,False
biz_1254586-06-201,Lolli & Pops Holdings Llc,restaurant,1.4340356157563159,43.01348931421939,8.0,22.0,37.782029332,-122.388064189,3.8625331469260713,"restaurant,food services,mission bay",registered_businesses,False
muni_5273,Lombard St&Divisadero St Nw-Fs/Sb,transport,0.2670844356979534,0.0,5.0,24.0,37.799078,-122.442861,3.3194099102831536,"transport,muni,transit",muni_stops,True
muni_5272,Lombard St&Divisadero St Se-Fs/Bz,transport,0.2216935526900737,0.0,5.0,24.0,37.798971,-122.442482,3.4576643732446586,"transport,muni,transit",muni_stops,True
muni_5276,Lombard St&Grant Ave NE-NS/PS,transport,0.1,0.0,0.0,24.0,37.8035,-122.40807,3.5,"muni,transit,stop",base_pois,False
muni_5279,Lombard St&Kearny St Sw-Ns/Sb,transport,0.20062133631113652,0.0,5.0,24.0,37.803559,-122.406525,3.297842382531861,"transport,muni,transit",muni_stops,True
muni_5285,Lombard St&Pierce St Nw-Fs/Bz,transport,0.2616452875440469,0.0,5.0,24.0,37.79948,-122.439559,3.517624057255291,"transport,muni,transit",muni_stops,True
muni_5286,Lombard St&Stockton St NE-NS/PS,transport,0.1,0.0,0.0,24.0,37.80328,-122.40963,3.5,"muni,transit,stop",base_pois,False
landmark_015,Lombard Street,landmark,1.4522736625787491,0.0,6.0,22.0,37.8021,-122.4186,4.691705717946061,"landmark,street,curved,scenic",sf_landmarks_curated,False
sfo_3458,Long Term Parking Garage 2 - 794,airport,2.8120166956550197,0.0,0.0,24.0,37.63581233800005,-122.401578305,4.38728834572268,"airport,airport (sfo)",sfo_facilities,False
rest_1279648-06-211,Lorenzo's Pizzeria,restaurant,1.5,25.56383425793658,11.0,22.0,37.795102476,-122.395700314,4.2,"food,restaurant",base_pois,False
sfo_1029,Lot Dd Long Term Parking,airport,3.461816224362961,0.0,0.0,24.0,37.63414006600004,-122.40083366899997,4.0735044068030986,"airport,airport (sfo)",sfo_facilities,False
park_137665,Louis Sutter Playground,park,1.5,0.0,6.0,22.0,37.7224796,-122.41393339,4.0,"park,Neighborhood Park or Playground",base_pois,False
rest_0456106-01-001,Love And Hummus Co,restaurant,1.5,35.231400945819466,11.0,22.0,37.76535,-122.427243,4.2,"food,restaurant",base_pois,False
biz_1137259-02-171,Lovejoy'S Tea Room,restaurant,1.389889468872609,34.64790599622719,8.0,22.0,37.74915,-122.427432,4.0766329477115315,"restaurant,food services,noe valley",registered_businesses,False
biz_1326010-02-231,Lucas & Janice Simi,restaurant,1.2734907162411555,12.066298260523869,8.0,22.0,37.734012,-122.3915085,3.9848292392088687,"restaurant,food services,bayview hunters point",registered_businesses,False
rest_1199575-09-181,Lucho's,restaurant,1.5,15.540361435390494,11.0,22.0,37.731933,-122.474358,4.2,"food,restaurant",base_pois,False
biz_1235259-10-191,Luisa'S Restaurant Wine-Champagne Bar Since 1959,restaurant,1.604134205217071,48.35992268828971,8.0,22.0,37.801602,-122.412348,4.70331161369865,"restaurant,food services,chinatown",registered_businesses,False
biz_1345745-10-231,Lunette Cambodia,restaurant,1.2301031540573393,48.530492911963805,8.0,22.0,37.790427811,-122.398289631,4.707850041194626,"restaurant,food services,financial district/south beach",registered_businesses,False
biz_1222035-05-191,Ma Ma Ma Macaroons,restaurant,1.509734659876444,26.554839324671775,8.0,22.0,37.767177,-122.417334,4.544434059068687,"restaurant,food services,mission",registered_businesses,False
rest_1333829-05-231,Macarons D'amour LLC,restaurant,1.5,10.848115912357631,11.0,22.0,37.780155,-122.4041355,4.2,"food,restaurant",base_pois,False
rest_1190876-06-181,Mai Mai Sandwich & Bakery,restaurant,1.5,17.25715628271427,11.0,22.0,37.783071,-122.4674865,4.2,"food,restaurant",base_pois,False
muni_5335,Main St&Mission St N-FS/BZ,transport,0.1,0.0,0.0,24.0,37.791991,-122.395033,3.5,"muni,transit,stop",base_pois,False
sfo_3365,Maintenance Building - 682,airport,4.050382639717439,0.0,0.0,24.0,37.62370080900007,-122.39898217499996,4.588303016206966,"airport,airport (sfo)",sfo_facilities,False
rest_0379754-01-001,Mandalay Restaurant,restaurant,1.5,31.916855457438267,11.0,22.0,37.785053085,-122.464356784,4.2,"food,restaurant",base_pois,False
biz_1141804-04-171,Mangia! Personal Chef Service,restaurant,1.5214432101579942,24.90347527815484,8.0,22.0,37.779264,-122.409522,4.48506332023607,"restaurant,food services,south of market",registered_businesses,False
rest_1196774-08-181,Mango Crazy,restaurant,1.5,27.143859628800886,11.0,22.0,37.808055,-122.4132615,4.2,"food,restaurant",base_pois,False
rest_0369021-02-001,Mango Medley,restaurant,1.5,40.4914438359968,11.0,22.0,37.760373,-122.504031,4.2,"food,restaurant",base_pois,False
muni_5339,Mansell St&Dartmouth St N-NS/PS,transport,0.1,0.0,0.0,24.0,37.719581,-122.408886,3.5,"muni,transit,stop",base_pois,False
muni_5340,Mansell St&Dartmouth St S-NS/PS,transport,0.1,0.0,0.0,24.0,37.719376,-122.409058,3.5,"muni,transit,stop",base_pois,False
muni_5342,Mansell St&Goettingen St W-FS/PS,transport,0.1,0.0,0.0,24.0,37.720766,-122.404338,3.5,"muni,transit,stop",base_pois,False
muni_5344,Mansell St&Hamilton St S-NS/PS,transport,0.1,0.0,0.0,24.0,37.719892,-122.407088,3.5,"muni,transit,stop",base_pois,False
park_119,Margaret S.Hayward PG,park,1.5,0.0,6.0,22.0,37.78087014,-122.42542743,4.0,"park,Neighborhood Park or Playground",base_pois,False
rest_1312310-08-221,Maria De Lourdes Villegas,restaurant,1.5,13.020715687836384,11.0,22.0,37.793220798,-122.393307322,4.2,"food,restaurant",base_pois,False
muni_4729,Marina Blvd&Laguna St Sw-Ns-Bz,transport,0.2771982846933703,0.0,5.0,24.0,37.805118,-122.432185,3.998607123670268,"transport,muni,transit",muni_stops,True
rest_1369190-08-241,Marina Indian Cuisine,restaurant,1.5,43.8103605191787,11.0,22.0,37.800423,-122.433939,4.2,"food,restaurant",base_pois,False
rest_1257686-08-201,Marinucci's,restaurant,1.5,47.858640261880375,11.0,22.0,37.77966564,-122.495863215,4.2,"food,restaurant",base_pois,False
park_957479,Mariposa Park,park,1.5,0.0,6.0,22.0,37.76462447,-122.39177276,4.0,"park,Neighborhood Park or Playground",base_pois,False
park_142,Maritime Plaza,park,1.5,0.0,6.0,22.0,37.79561019,-122.39925209,4.0,"park,Civic Plaza or Square",base_pois,False
muni_5645,Market St&5th St S-NS/SI,transport,0.1,0.0,0.0,24.0,37.783886,-122.408141,3.5,"muni,transit,stop",base_pois,False
muni_5647,Market St&6Th St S-Ns/Si,transport,0.38740884704418743,0.0,5.0,24.0,37.782102,-122.4104,3.5555330606373627,"transport,muni,transit",muni_stops,True
muni_5658,Market St&Beale St E-FS/BZ,transport,0.1,0.0,0.0,24.0,37.792572,-122.397016,3.5,"muni,transit,stop",base_pois,False
muni_5667,Market St&Castro St E-NS/SB,transport,0.1,0.0,0.0,24.0,37.763022,-122.434979,3.5,"muni,transit,stop",base_pois,False
muni_5662,Market St&Church St SW-NS/SI,transport,0.1,0.0,0.0,24.0,37.76725,-122.429214,3.5,"muni,transit,stop",base_pois,False
muni_5673,Market St&Gough St S-NS/SI,transport,0.1,0.0,0.0,24.0,37.772875,-122.421991,3.5,"muni,transit,stop",base_pois,False
muni_7423,Market St&Hyde St N-Ns/Bz,transport,0.1551967061189604,0.0,5.0,24.0,37.778784,-122.414723,3.8636295102397593,"transport,muni,transit",muni_stops,True
muni_5676,Market St&Hyde St N-NS/SI,transport,0.1,0.0,0.0,24.0,37.779105,-122.414379,3.5,"muni,transit,stop",base_pois,False
muni_5680,Market St&Larkin St N-Ns/Si,transport,0.35338163739513484,0.0,5.0,24.0,37.777598,-122.416236,3.553028425282806,"transport,muni,transit",muni_stops,True
rest_0369141-01-002,Marnee Thai Restaurant,restaurant,1.5,38.93630456832028,11.0,22.0,37.765134,-122.4667305,4.2,"food,restaurant",base_pois,False
rest_0453964-03-001,Martha & Bros. Coffee Co,restaurant,1.5,14.798634005510651,11.0,22.0,37.790154,-122.3986725,4.2,"food,restaurant",base_pois,False
biz_1006236-09-141,Masala Dosa,restaurant,1.6377900401345777,23.249501573088086,8.0,22.0,37.76265,-122.466555,4.244911670195013,"restaurant,food services,inner sunset",registered_businesses,False
muni_8024,Mason St - Tunnel Top Park NS NE/BB,transport,0.1,0.0,0.0,24.0,37.804289,-122.454166,3.5,"muni,transit,stop",base_pois,False
muni_8027,Mason St - Tunnel Tops Park Fs Se/Ps,transport,0.3042557275401402,0.0,5.0,24.0,37.804146,-122.454418,3.6504739121516105,"transport,muni,transit",muni_stops,True
muni_5358,Mason St&Filbert St E-Mi,transport,0.2789325452396919,0.0,5.0,24.0,37.800965,-122.41258,3.486130995935916,"transport,muni,transit",muni_stops,True
muni_5364,Mason St&Jackson St NE-FS,transport,0.1,0.0,0.0,24.0,37.795513,-122.41154,3.5,"muni,transit,stop",base_pois,False
muni_5365,Mason St&Jackson St NW-NS,transport,0.1,0.0,0.0,24.0,37.795602,-122.411666,3.5,"muni,transit,stop",base_pois,False
muni_5366,Mason St&Pacific Ave Se-Ns,transport,0.36703870663226695,0.0,5.0,24.0,37.7962,-122.411619,3.4472223787372336,"transport,muni,transit",muni_stops,True
muni_5367,Mason St&Pacific Ave SW-FS,transport,0.1,0.0,0.0,24.0,37.79612,-122.411769,3.5,"muni,transit,stop",base_pois,False
biz_1236537-10-191,Matcha Cafe Maiko,restaurant,1.1833181618695403,29.762183975660523,8.0,22.0,37.794123,-122.4061335,4.2102950050872945,"restaurant,food services,chinatown",registered_businesses,False
rest_1314074-09-221,Mattina,restaurant,1.5,12.408280580411471,11.0,22.0,37.787211,-122.434137,4.2,"food,restaurant",base_pois,False
rest_1148163-05-171,Max's Opera Cafe,restaurant,1.5,39.79369564124541,11.0,22.0,37.781388,-122.42142,4.2,"food,restaurant",base_pois,False
biz_1235617-10-191,May Catering,restaurant,1.4718807124294893,27.51474816547665,8.0,22.0,37.75968,-122.390874,4.432594464405724,"restaurant,food services,potrero hill",registered_businesses,False
biz_1340210-08-231,May Lee Chinese Restaurant,restaurant,1.6741530672939646,29.791808367369725,8.0,22.0,37.764873,-122.463981,3.9845044111716565,"restaurant,food services,inner sunset",registered_businesses,False
muni_5385,Mcallister St&Baker St Sw-Ns/Bz,transport,0.297321925916157,0.0,5.0,24.0,37.77731,-122.44185,3.5795728006632785,"transport,muni,transit",muni_stops,True
muni_5390,McAllister St&Divisadero St SW-NS,transport,0.1,0.0,0.0,24.0,37.77773,-122.43851,3.5,"muni,transit,stop",base_pois,False
muni_5391,McAllister St&Fillmore St NW-FS/BZ,transport,0.1,0.0,0.0,24.0,37.77864,-122.43207,3.5,"muni,transit,stop",base_pois,False
muni_5398,Mcallister St&Laguna St Nw-Fs/Bz,transport,0.3749001643458342,0.0,5.0,24.0,37.779304,-122.42717,3.065296134369767,"transport,muni,transit",muni_stops,True
park_88,McCoppin Square,park,1.5,0.0,6.0,22.0,37.7438434,-122.48009851,4.0,"park,Neighborhood Park or Playground",base_pois,False
rest_1035430-07-151,Mcdonald's,restaurant,1.5,29.121938178718874,11.0,22.0,37.727928,-122.3926335,4.2,"food,restaurant",base_pois,False
rest_1132433-01-171,Mcdonald's,restaurant,1.5,44.90321664326272,11.0,22.0,37.779885,-122.4316755,4.2,"food,restaurant",base_pois,False
rest_1132432-01-171,Mcdonald's,restaurant,1.5,39.388784397520524,11.0,22.0,37.808064,-122.4146565,4.2,"food,restaurant",base_pois,False
biz_0928174-04-001,Mcdonalds Potrero,restaurant,1.1979807464169072,35.96934541789314,8.0,22.0,37.765485,-122.40792,4.1113256742600806,"restaurant,food services,mission",registered_businesses,False
park_53,McKinley Square,park,1.5,0.0,6.0,22.0,37.75916375,-122.40469672,4.0,"park,Neighborhood Park or Playground",base_pois,False
muni_6574,Mclaren School Ne-Fs/Sb,transport,0.34263982569627494,0.0,5.0,24.0,37.714133,-122.423673,3.5164958254795615,"transport,muni,transit",muni_stops,True
muni_6575,McLaren School SW-FS/BZ,transport,0.1,0.0,0.0,24.0,37.7141,-122.4241,3.5,"muni,transit,stop",base_pois,False
biz_1159382-08-171,Meat By Pete,restaurant,1.5115311366376476,31.269682169047144,8.0,22.0,37.72494,-122.392467,3.924858666742462,"restaurant,food services,bayview hunters point",registered_businesses,False
sfo_3350,Mechinical Structure - 120,airport,3.7633367711598718,0.0,0.0,24.0,37.61717930500003,-122.38851521799997,4.545155654861746,"airport,airport (sfo)",sfo_facilities,False
rest_1299886-03-221,Melzee’s Cookie Co.,restaurant,1.5,11.120703709986975,11.0,22.0,37.798353,-122.4352215,4.2,"food,restaurant",base_pois,False
park_11476,Merced Branch Library,park,1.5,0.0,6.0,22.0,37.72661671,-122.47449444,4.0,"park,Library",base_pois,False
park_17,Merced Heights Playground,park,1.5,0.0,6.0,22.0,37.71752783,-122.47029461,4.0,"park,Neighborhood Park or Playground",base_pois,False
rest_1250427-04-201,Merchant Roots,restaurant,1.5,23.11575880027309,11.0,22.0,37.782027,-122.4327105,4.2,"food,restaurant",base_pois,False
sfo_3418,Merf - 1030,airport,4.321328084500087,0.0,0.0,24.0,37.630192572000055,-122.38770892999996,4.001010710098446,"airport,airport (sfo)",sfo_facilities,False
rest_1019310-02-151,Mescolanza Restaurant,restaurant,1.5,30.164311453996913,11.0,22.0,37.781532,-122.4598545,4.2,"food,restaurant",base_pois,False
landmark_046,Mezzanine,nightlife,2.578640272204669,25.0,20.0,2.0,37.7749,-122.4094,4.5295869783470515,"venue,music,nightlife,indie,electronic",sf_landmarks_curated,False
park_148,Michelangelo Playground,park,1.5,0.0,6.0,22.0,37.80112112,-122.41691652,4.0,"park,Neighborhood Park or Playground",base_pois,False
muni_5501,Middle Point Rd & Acacia,transport,0.23508611598159693,0.0,5.0,24.0,37.737011,-122.379321,3.6610370842879956,"transport,muni,transit",muni_stops,True
muni_5504,Middle Point Rd&Fairfax Ave Sw-Fs/Sb,transport,0.31725935753090806,0.0,5.0,24.0,37.73502,-122.37947,3.3427636612668064,"transport,muni,transit",muni_stops,True
rest_1289135-10-211,Midnite Bagel,restaurant,1.5,30.49663916883599,11.0,22.0,37.749823358,-122.495489505,4.2,"food,restaurant",base_pois,False
park_167,Midtown Terrace Playground,park,1.5,0.0,6.0,22.0,37.75172131,-122.45546265,4.0,"park,Neighborhood Park or Playground",base_pois,False
muni_7868,Miguel St&Laidley St E-Mi/Sb,transport,0.2824501527268678,0.0,5.0,24.0,37.737752,-122.428248,3.2001495435439913,"transport,muni,transit",muni_stops,True
rest_1270761-03-211,Milk SF,restaurant,1.5,46.50671316257359,11.0,22.0,37.767861,-122.4224955,4.2,"food,restaurant",base_pois,False
biz_1262824-10-201,Miller & Lux,restaurant,1.9000912781436825,20.584690663059806,8.0,22.0,37.767996,-122.3876025,3.893823805587365,"restaurant,food services,mission bay",registered_businesses,False
park_19,Minnie and Lovie Ward Rec Center,park,1.5,0.0,6.0,22.0,37.71576894,-122.45758848,4.0,"park,Neighborhood Park or Playground",base_pois,False
rest_1339240-07-231,Minnie Bell's Soul Movement,restaurant,1.5,36.345522084131474,11.0,22.0,37.782072,-122.4327195,4.2,"food,restaurant",base_pois,False
muni_5515,Miraloma Dr&Juanita Way Nw-Ns/Sb,transport,0.27013997269972956,0.0,5.0,24.0,37.739377,-122.460083,3.4834518418278098,"transport,muni,transit",muni_stops,True
park_70,Miraloma Playground,park,1.5,0.0,6.0,22.0,37.73864566,-122.44931381,4.0,"park,Neighborhood Park or Playground",base_pois,False
biz_1259244-09-201,Mishka,restaurant,1.5383934900866247,14.95300616385842,8.0,22.0,37.797066,-122.434812,4.1389728203694744,"restaurant,food services,marina",registered_businesses,False
rest_1209502-01-191,Miss Tomato Sandwich Shop,restaurant,1.5,19.618976645495145,11.0,22.0,37.792197,-122.3980875,4.2,"food,restaurant",base_pois,False
muni_7765,Mission Bay Blvd N & 4th St N-MB/BZ,transport,0.1,0.0,0.0,24.0,37.771062,-122.390872,3.5,"muni,transit,stop",base_pois,False
park_957476,Mission Bay Park,park,1.5,0.0,6.0,22.0,37.77069685,-122.39276689,4.0,"park,Neighborhood Park or Playground",base_pois,False
muni_7766,Mission Bay South & 4th St,transport,0.1,0.0,0.0,24.0,37.770513,-122.391037,3.5,"muni,transit,stop",base_pois,False
rest_1388473-05-251,Mission Cafeteria,restaurant,1.5,35.581084817214474,11.0,22.0,37.776483,-122.4148365,4.2,"food,restaurant",base_pois,False
park_957478,Mission Creek Park,park,1.5,0.0,6.0,22.0,37.77251887,-122.39540704,4.0,"park,Neighborhood Park or Playground",base_pois,False
landmark_029,Mission District,shopping,1.8131185524260789,0.0,6.0,22.0,37.7599,-122.4148,3.9730116645556395,"neighborhood,shopping,food,culture,latino",sf_landmarks_curated,False
park_63,Mission Dolores Park,park,1.5,0.0,6.0,22.0,37.75975462,-122.42712797,4.0,"park,Neighborhood Park or Playground",base_pois,False
park_61,Mission Playground,park,1.5,0.0,6.0,22.0,37.75931092,-122.42231703,4.0,"park,Neighborhood Park or Playground",base_pois,False
park_59,Mission Rec Center,park,1.5,0.0,6.0,22.0,37.75814215,-122.41292683,4.0,"park,Neighborhood Park or Playground",base_pois,False
muni_5552,Mission St&16th St SW-FS/BB,transport,0.1,0.0,0.0,24.0,37.764804,-122.419737,3.5,"muni,transit,stop",base_pois,False
muni_5567,Mission St&26th St NE-FS/BZ,transport,0.1,0.0,0.0,24.0,37.74951,-122.4181,3.5,"muni,transit,stop",base_pois,False
muni_5568,Mission St&26th St SW-FS/BZ,transport,0.1,0.0,0.0,24.0,37.74857,-122.41818,3.5,"muni,transit,stop",base_pois,False
muni_5572,Mission St&30th St NW-NS/BB,transport,0.1,0.0,0.0,24.0,37.742417,-122.421991,3.5,"muni,transit,stop",base_pois,False
muni_5536,Mission St&5Th St W-Fs/Bz,transport,0.19507786149879427,0.0,5.0,24.0,37.782725,-122.40664,3.263078416090206,"transport,muni,transit",muni_stops,True
muni_5537,Mission St&6th St E-FS/BZ,transport,0.1,0.0,0.0,24.0,37.78119,-122.40831,3.5,"muni,transit,stop",base_pois,False
muni_5540,Mission St&8Th St W-Fs/Bz,transport,0.20857390020298092,0.0,5.0,24.0,37.77723,-122.41355,3.237852088793102,"transport,muni,transit",muni_stops,True
muni_5575,Mission St&Allison St S-Ns/Bz,transport,0.21482120022703885,0.0,5.0,24.0,37.71448,-122.44264,3.9977467199721595,"transport,muni,transit",muni_stops,True
muni_5577,Mission St&Appleton Ave E-Fs/Bz,transport,0.2626733609668467,0.0,5.0,24.0,37.738867,-122.423871,3.2190070593926414,"transport,muni,transit",muni_stops,True
muni_5578,Mission St&Appleton Ave N-NS/BZ,transport,0.1,0.0,0.0,24.0,37.73899,-122.42404,3.5,"muni,transit,stop",base_pois,False
muni_5579,Mission St&Beale St W-FS/BZ,transport,0.1,0.0,0.0,24.0,37.791144,-122.395916,3.5,"muni,transit,stop",base_pois,False
muni_5588,Mission St&Flournoy St N-Ns/Ps,transport,0.36629586369696887,0.0,5.0,24.0,37.70682,-122.45906,3.2781524944993867,"transport,muni,transit",muni_stops,True
muni_5589,Mission St&Foote Ave N-Ns/Bz,transport,0.33242049839857846,0.0,5.0,24.0,37.71285,-122.44462,3.4512489055863953,"transport,muni,transit",muni_stops,True
muni_5592,Mission St&Geneva Ave W-Fs/Bb,transport,0.2656575798706827,0.0,5.0,24.0,37.716455,-122.441149,3.179213049349085,"transport,muni,transit",muni_stops,True
muni_5594,Mission St&Goethe St N-NS/BB,transport,0.1,0.0,0.0,24.0,37.70736,-122.45708,3.5,"muni,transit,stop",base_pois,False
muni_5595,Mission St&Guttenberg St Ne-Fs/Bz,transport,0.38884555435106216,0.0,5.0,24.0,37.71251,-122.44475,3.595514393615625,"transport,muni,transit",muni_stops,True
muni_5599,Mission St&Italy Ave E-FS/BZ,transport,0.1,0.0,0.0,24.0,37.71865,-122.439259,3.5,"muni,transit,stop",base_pois,False
muni_5602,Mission St&Lowell St W-FS/BZ,transport,0.1,0.0,0.0,24.0,37.711432,-122.446486,3.5,"muni,transit,stop",base_pois,False
muni_5603,Mission St&Main St N-Ns,transport,0.364184171109194,0.0,5.0,24.0,37.791965,-122.39493,3.303580742933124,"transport,muni,transit",muni_stops,True
muni_5604,Mission St&Mt Vernon Ave N-NS/BZ,transport,0.1,0.0,0.0,24.0,37.7147,-122.44265,3.5,"muni,transit,stop",base_pois,False
muni_5608,Mission St&Oliver St E-FS/BZ,transport,0.1,0.0,0.0,24.0,37.70962,-122.45006,3.5,"muni,transit,stop",base_pois,False
muni_5616,Mission St&Persia Ave NW-NS/BZ,transport,0.1,0.0,0.0,24.0,37.723263,-122.435971,3.5,"muni,transit,stop",base_pois,False
muni_7299,Mission St&South Van Ness Ave E-FS,transport,0.1,0.0,0.0,24.0,37.772994,-122.418485,3.5,"muni,transit,stop",base_pois,False
biz_1059976-03-161,Mister Jiu'S,restaurant,1.859561133418898,32.77583274128778,8.0,22.0,37.793605864,-122.406678849,4.030681453997681,"restaurant,food services,chinatown",registered_businesses,False
biz_1087546-08-161,Mister Jiu'S,restaurant,1.3049113452849161,28.17275050534191,8.0,22.0,37.793741959,-122.406248457,4.257752494313879,"restaurant,food services,chinatown",registered_businesses,False
rest_1332802-05-231,Mister's SF,restaurant,1.5,30.291445476581732,11.0,22.0,37.77975,-122.4096615,4.2,"food,restaurant",base_pois,False
biz_1385840-04-251,Mixt,restaurant,1.3779886731972337,35.64457432454909,8.0,22.0,37.765629,-122.466276,4.207081686270735,"restaurant,food services,inner sunset",registered_businesses,False
sfo_3405,Mltp - 918,airport,3.061048410828979,0.0,0.0,24.0,37.63691155700008,-122.38404470499997,4.5634869552307356,"airport,airport (sfo)",sfo_facilities,False
sfo_3396,Mltp - 920,airport,3.1144022672646265,0.0,0.0,24.0,37.63663365200006,-122.38481883799994,4.18240658142723,"airport,airport (sfo)",sfo_facilities,False
sfo_3398,Mltp - 924,airport,3.4312170200138663,0.0,0.0,24.0,37.63689334400004,-122.38507533399996,4.3759466292679505,"airport,airport (sfo)",sfo_facilities,False
biz_1376629-12-241,Mm Sushi Llc,restaurant,1.308748488503005,20.644626884703484,8.0,22.0,37.745613,-122.398875,3.8580144306545345,"restaurant,food services,bayview hunters point",registered_businesses,False
rest_1273842-04-211,Mobilize Love,restaurant,1.5,34.53764566021586,11.0,22.0,37.762812,-122.5068525,4.2,"food,restaurant",base_pois,False
rest_0373771-01-001,Mochica,restaurant,1.5,47.9356197026849,11.0,22.0,37.778175,-122.4024525,4.2,"food,restaurant",base_pois,False
biz_1252791-05-201,Molcaxitl,restaurant,1.7100009412225456,43.750998970614724,8.0,22.0,37.740285,-122.4865845,3.6412411255253336,"restaurant,food services,sunset/parkside",registered_businesses,False
rest_1345510-10-231,Momo Noodle,restaurant,1.5,13.736141384595715,11.0,22.0,37.782891,-122.4087885,4.2,"food,restaurant",base_pois,False
biz_0484699-01-001,Monte Cristo Club,restaurant,1.0309947884811343,41.783106084017085,8.0,22.0,37.764621,-122.3970435,4.58042511318424,"restaurant,food services,potrero hill",registered_businesses,False
muni_5427,Monterey Blvd&Detroit St SE-FS/BZ,transport,0.1,0.0,0.0,24.0,37.731508,-122.443977,3.5,"muni,transit,stop",base_pois,False
muni_5429,Monterey Blvd&Edna St Sw-Ns/Bz,transport,0.18111221208708803,0.0,5.0,24.0,37.731481,-122.446692,3.4240483033683056,"transport,muni,transit",muni_stops,True
muni_5431,Monterey Blvd&Faxon Ave S-Fs/Sb,transport,0.3626404858966853,0.0,5.0,24.0,37.730695,-122.459085,3.7890853242247555,"transport,muni,transit",muni_stops,True
muni_5435,Monterey Blvd&Gennessee St Nw-Fs/Bz,transport,0.15352366136546394,0.0,5.0,24.0,37.731615,-122.451445,3.752515924216232,"transport,muni,transit",muni_stops,True
muni_5439,Monterey Blvd&Ridgewood Ave NE-NS,transport,0.1,0.0,0.0,24.0,37.731615,-122.453289,3.5,"muni,transit,stop",base_pois,False
muni_5440,Monterey Blvd&Ridgewood Ave SE-FS,transport,0.1,0.0,0.0,24.0,37.731472,-122.453083,3.5,"muni,transit,stop",base_pois,False
muni_5441,Monterey Blvd&Saint Elmo Way NE-NS,transport,0.1,0.0,0.0,24.0,37.730553,-122.460426,3.5,"muni,transit,stop",base_pois,False
muni_5444,Monterey Blvd&Valdez Ave NE-NS/SB,transport,0.1,0.0,0.0,24.0,37.731445,-122.455649,3.5,"muni,transit,stop",base_pois,False
biz_1046826-12-151,Monterey Pizza & Asian Zap,restaurant,1.249826087809722,25.62917209540241,8.0,22.0,37.731276,-122.4487305,4.4038290180429085,"restaurant,food services,west of twin peaks",registered_businesses,False
muni_5731,Montgomery Station Inbound,transport,0.1,0.0,0.0,24.0,37.789219,-122.401351,3.5,"muni,transit,stop",base_pois,False
rest_1380149-02-251,Mookoos,restaurant,1.5,49.091539343519315,11.0,22.0,37.74285,-122.476419,4.2,"food,restaurant",base_pois,False
biz_1346068-11-231,Morel,restaurant,1.8662757734159725,47.7841620818539,8.0,22.0,37.800576,-122.4365355,4.376003768580413,"restaurant,food services,marina",registered_businesses,False
biz_1387073-04-251,Morning Due,restaurant,1.7847089091881483,13.934570739883217,8.0,22.0,37.7631,-122.4283545,4.132155876767069,"restaurant,food services,castro/upper market",registered_businesses,False
biz_0046324-12-001,Morrison Management-Sf Towers,restaurant,1.173023921343297,45.31831794659432,8.0,22.0,37.789056,-122.422968,4.414761514544434,"restaurant,food services,western addition",registered_businesses,False
muni_7742,Morse St&Lowell St S-NS/BZ,transport,0.1,0.0,0.0,24.0,37.711021,-122.446211,3.5,"muni,transit,stop",base_pois,False
park_132,Moscone Rec Center,park,1.5,0.0,6.0,22.0,37.80213066,-122.4331224,4.0,"park,Neighborhood Park or Playground",base_pois,False
biz_0345196-01-001,Moscow & Tbilisi Bakery Store,restaurant,1.9023032049180275,17.91847289791074,8.0,22.0,37.780695,-122.4790065,4.669594782998282,"restaurant,food services,outer richmond",registered_businesses,False
muni_7985,Moscow St&Avalon Ave E-NS/PS,transport,0.1,0.0,0.0,24.0,37.724278,-122.425285,3.5,"muni,transit,stop",base_pois,False
muni_5698,Moscow St&Brazil Ave N-Ns,transport,0.2880961973280134,0.0,5.0,24.0,37.72136,-122.42762,3.0468529083578395,"transport,muni,transit",muni_stops,True
muni_7984,Moscow St&Excelsior Ave E-Ns/Ps,transport,0.28546220502791675,0.0,5.0,24.0,37.722717,-122.426454,3.5729531918565773,"transport,muni,transit",muni_stops,True
biz_1314447-09-221,Mother,restaurant,1.0663982790432747,43.35530198111092,8.0,22.0,37.751562,-122.419197,4.073149855899894,"restaurant,food services,mission",registered_businesses,False
park_102,Mountain Lake Park,park,1.5,0.0,6.0,22.0,37.78724185,-122.4691026,4.0,"park,Neighborhood Park or Playground",base_pois,False
biz_0441341-02-001,Moya Restaurant,restaurant,1.2533076007056438,35.67155677734973,8.0,22.0,37.776030798,-122.414422265,4.3507517133566695,"restaurant,food services,south of market",registered_businesses,False
sfo_3361,Mpoe - 620,airport,2.521507435200051,0.0,0.0,24.0,37.621869428000025,-122.397449694,3.7135965337556556,"airport,airport (sfo)",sfo_facilities,False
sfo_3346,Mpoe 2 - 56,airport,4.129804518104005,0.0,0.0,24.0,37.613762285000064,-122.39357314199998,4.611543365756966,"airport,airport (sfo)",sfo_facilities,False
rest_0469719-01-001,Mr Crave Bistro,restaurant,1.5,40.04791482903498,11.0,22.0,37.784016,-122.4170145,4.2,"food,restaurant",base_pois,False
biz_1146712-05-171,Mr Spicy Seafood,restaurant,1.5191672349143215,22.668687324442168,8.0,22.0,37.782415993,-122.471193039,4.441137670559834,"restaurant,food services,inner richmond",registered_businesses,False
biz_1246831-02-201,Mr. Green Bubble,restaurant,1.924280383679061,39.473840728041196,8.0,22.0,37.72431,-122.4569475,4.003935372771205,"restaurant,food services,west of twin peaks",registered_businesses,False
park_69,Mt. Davidson Park,park,1.5,0.0,6.0,22.0,37.73906794,-122.45466691,4.0,"park,Regional Park",base_pois,False
park_78,Mt. Olympus,park,1.5,0.0,6.0,22.0,37.76331267,-122.44555372,4.0,"park,Mini Park",base_pois,False
biz_0351919-02-001,Muddy Waters Coffee House,restaurant,1.472573510907072,47.76506503172203,8.0,22.0,37.764513,-122.4215955,4.2442799575012575,"restaurant,food services,mission",registered_businesses,False
biz_1322720-01-231,Muguboka Restaurant,restaurant,1.927970608165824,27.929863071624364,8.0,22.0,37.777131,-122.463225,3.9196422384956864,"restaurant,food services,inner richmond",registered_businesses,False
park_176,Mullen & Peralta Mini Park,park,1.5,0.0,6.0,22.0,37.74608143,-122.40882028,4.0,"park,Mini Park",base_pois,False
biz_1150952-06-171,Munchery Inc.,restaurant,1.6868495657664668,34.024367252987766,8.0,22.0,37.764576,-122.4118575,4.157612321074889,"restaurant,food services,mission",registered_businesses,False
park_155,Muriel Leff Mini Park,park,1.5,0.0,6.0,22.0,37.78006853,-122.46504709,4.0,"park,Neighborhood Park or Playground",base_pois,False
landmark_009,Museum of the African Diaspora,museum,2.5171410913197425,12.0,9.0,17.0,37.787,-122.4041,4.593596612926566,"museum,african,diaspora,culture",sf_landmarks_curated,False
biz_0380591-05-001,Mussel Bar,restaurant,1.6065663351954298,26.642772818478537,8.0,22.0,37.766124,-122.446467,4.553128267490251,"restaurant,food services,haight ashbury",registered_businesses,False
rest_1189465-05-181,Mylk Guys Inc,restaurant,1.5,21.66038111044424,11.0,22.0,37.777014,-122.4153225,4.2,"food,restaurant",base_pois,False
rest_0393522-02-001,Myo Oo,restaurant,1.5,12.345351504412985,11.0,22.0,37.804581,-122.4330255,4.2,"food,restaurant",base_pois,False
muni_5454,Myra Way&Molimo Dr Sw-Ns/Ps,transport,0.21265221860076494,0.0,5.0,24.0,37.737727,-122.451732,3.7220893812086624,"transport,muni,transit",muni_stops,True
rest_1160842-09-171,Naan N Curry,restaurant,1.5,29.59344906855665,11.0,22.0,37.778508,-122.391999,4.2,"food,restaurant",base_pois,False
rest_1298660-02-221,Nabe,restaurant,1.5,14.191143193163038,11.0,22.0,37.763541,-122.466618,4.2,"food,restaurant",base_pois,False
rest_1248682-03-201,Nachoria,restaurant,1.5,37.70534940910176,11.0,22.0,37.776582,-122.4026145,4.2,"food,restaurant",base_pois,False
rest_1339579-08-231,Nakorn Thai SF,restaurant,1.5,22.808584169230123,11.0,22.0,37.78263,-122.4661545,4.2,"food,restaurant",base_pois,False
biz_1067527-05-161,Nami,restaurant,1.257372313055146,22.27702599618247,8.0,22.0,37.724409,-122.4574425,4.751631326785101,"restaurant,food services,west of twin peaks",registered_businesses,False
biz_1222827-05-191,Namu Stonepot,restaurant,1.8291504903457503,20.79987627400011,8.0,22.0,37.761588,-122.425722,4.335282709554511,"restaurant,food services,mission",registered_businesses,False
biz_1214258-02-191,Nancy'S Catering,restaurant,1.9437983681037112,23.370342118188105,8.0,22.0,37.773918,-122.4200385,3.7557533401684813,"restaurant,food services,mission",registered_businesses,False
biz_1214257-02-191,Nancy'S Catering,restaurant,1.2100871238235336,45.49039913545466,8.0,22.0,37.776636,-122.399568,4.4640963965077205,"restaurant,food services,south of market",registered_businesses,False
rest_1014025-12-141,Napa Valley Spice Co,restaurant,1.5,34.32347587783711,11.0,22.0,37.800873,-122.4455895,4.2,"food,restaurant",base_pois,False
muni_5476,Naples St&Brazil Ave N-NS/PS,transport,0.1,0.0,0.0,24.0,37.72251,-122.43002,3.5,"muni,transit,stop",base_pois,False
muni_5482,Naples St&Rolph St S-NS/PS,transport,0.1,0.0,0.0,24.0,37.713457,-122.436626,3.5,"muni,transit,stop",base_pois,False
muni_5485,Naples St&Seville St Se-Ns/Sb,transport,0.24936852092266204,0.0,5.0,24.0,37.711672,-122.437897,3.3285982519104342,"transport,muni,transit",muni_stops,True
biz_1364911-06-241,Nara Roll,restaurant,1.7054493312345778,12.833058391868256,8.0,22.0,37.790757,-122.42088,4.389846302207686,"restaurant,food services,nob hill",registered_businesses,False
biz_1163111-10-171,Native Burger,restaurant,1.1441571489213584,37.32552262443063,8.0,22.0,37.782963,-122.44995,4.32494702607395,"restaurant,food services,presidio heights",registered_businesses,False
biz_0413808-02-001,Native Eats,restaurant,1.4346041756809653,46.43904507480684,8.0,22.0,37.741680061,-122.403402877,4.3875370658080834,"restaurant,food services,bayview hunters point",registered_businesses,False
biz_1351210-01-241,Natoma Cabana,restaurant,1.7599850114961526,32.94389562432243,8.0,22.0,37.787607,-122.3985825,4.448587617031079,"restaurant,food services,financial district/south beach",registered_businesses,False
rest_1379515-01-251,Naya Delights At Hotc Farmer's Market,restaurant,1.5,20.342058065445464,11.0,22.0,37.779670327,-122.415910474,4.2,"food,restaurant",base_pois,False
rest_1127644-11-161,Neighbor,restaurant,1.5,24.912433466188183,11.0,22.0,37.75968,-122.388246,4.2,"food,restaurant",base_pois,False
rest_1321299-01-231,Nepalese Indian Restaurant,restaurant,1.5,43.37980218655383,11.0,22.0,37.779813,-122.432274,4.2,"food,restaurant",base_pois,False
biz_1189259-05-181,Neutral,restaurant,1.0740705527387062,26.135526980685945,8.0,22.0,37.781442,-122.452965,3.8958203954033985,"restaurant,food services,lone mountain/usf",registered_businesses,False
rest_1216467-03-191,Neutral,restaurant,1.5,21.528412359718175,11.0,22.0,37.793934,-122.404284,4.2,"food,restaurant",base_pois,False
biz_0351717-01-001,New Asia Restaurant,restaurant,1.8344227521511565,33.60796060004919,8.0,22.0,37.796841,-122.4079605,4.216034200594539,"restaurant,food services,chinatown",registered_businesses,False
rest_1209221-01-191,New Hong Kong Lounge Inc.,restaurant,1.5,29.61332951879239,11.0,22.0,37.794726,-122.407812,4.2,"food,restaurant",base_pois,False
biz_0468889-01-001,New Jumbo Seafood Restaurant,restaurant,1.4259709648128491,27.53768074002719,8.0,22.0,37.754334,-122.4803385,3.99771850376474,"restaurant,food services,sunset/parkside",registered_businesses,False
muni_5489,Newcomb Ave&La Salle Ave N-NS/PS,transport,0.1,0.0,0.0,24.0,37.733196,-122.385052,3.5,"muni,transit,stop",base_pois,False
biz_1228716-07-191,Nick'S On Mission,restaurant,1.658480768393292,35.244508408820145,8.0,22.0,37.725165,-122.422536,3.8248326493045406,"restaurant,food services,excelsior",registered_businesses,False
rest_1222641-05-191,Nicos Sicilia Pizza,restaurant,1.5,49.39600012153873,11.0,22.0,37.78521798,-122.416507994,4.2,"food,restaurant",base_pois,False
rest_1263721-11-201,Nine Hives,restaurant,1.5,43.58125304624823,11.0,22.0,37.748871,-122.441247,4.2,"food,restaurant",base_pois,False
biz_1181549-03-181,No.1 Sf Bbq,restaurant,1.8361997509577752,11.946282116049222,8.0,22.0,37.782477,-122.469462,4.1824967852968005,"restaurant,food services,inner richmond",registered_businesses,False
park_64,Noe & Beaver Mini Park,park,1.5,0.0,6.0,22.0,37.76494425,-122.43342899,4.0,"park,Neighborhood Park or Playground",base_pois,False
muni_5736,Noe St&29Th St Nw-Fs/Ps,transport,0.18665578571608818,0.0,5.0,24.0,37.743311,-122.431179,3.3001658839187566,"transport,muni,transit",muni_stops,True
rest_1073609-05-161,Noe Sushi,restaurant,1.5,32.49017294086756,11.0,22.0,37.743075,-122.4269055,4.2,"food,restaurant",base_pois,False
biz_0936452-01-001,Noe Valley Bakery/Bread Co Inc,restaurant,1.5343784432636105,20.45314922363106,8.0,22.0,37.751094,-122.433417,4.345299702998563,"restaurant,food services,noe valley",registered_businesses,False
park_72,Noe Valley Courts,park,1.5,0.0,6.0,22.0,37.75141364,-122.43891427,4.0,"park,Neighborhood Park or Playground",base_pois,False
park_957227,Noe Valley Town Square,park,1.5,0.0,6.0,22.0,37.75138586,-122.42898979,4.0,"park,Neighborhood Park or Playground",base_pois,False
rest_1337238-07-231,Nonosf,restaurant,1.5,36.141040711836375,11.0,22.0,37.785699,-122.432958,4.2,"food,restaurant",base_pois,False
biz_1329855-04-231,Noor Indian Fusion Kitchen,restaurant,1.160389324067736,15.394377586643895,8.0,22.0,37.776582,-122.4026145,3.9781340438144603,"restaurant,food services,south of market",registered_businesses,False
muni_5739,Noriega St&16th Ave SE-FS/PS,transport,0.1,0.0,0.0,24.0,37.75526,-122.47312,3.5,"muni,transit,stop",base_pois,False
muni_5751,Noriega St&34Th Ave Ne-Ns/Bz,transport,0.3883550621633575,0.0,5.0,24.0,37.753619,-122.492432,3.4401322337209193,"transport,muni,transit",muni_stops,True
muni_5756,Noriega St&41st Ave SW-NS/BZ,transport,0.1,0.0,0.0,24.0,37.753125,-122.500166,3.5,"muni,transit,stop",base_pois,False
muni_5761,Noriega St&46th Ave NW-FS/BZ,transport,0.1,0.0,0.0,24.0,37.753034,-122.505712,3.5,"muni,transit,stop",base_pois,False
muni_5765,Noriega St&Sunset Blvd Sw-Ns/Bz,transport,0.18050373296570954,0.0,5.0,24.0,37.753395,-122.495274,3.857084576565978,"transport,muni,transit",muni_stops,True
rest_1228682-07-191,North Beach Farmers Market,restaurant,1.5,33.43452322075545,11.0,22.0,37.801054095,-122.411327101,4.2,"food,restaurant",base_pois,False
biz_1307504-06-221,North Beach Farmers Market,restaurant,1.3959673030903685,21.945921603573584,8.0,22.0,37.801827,-122.4116865,3.9434003864712017,"restaurant,food services,north beach",registered_businesses,False
rest_0062988-01-001,North Beach Restaurant Inc,restaurant,1.5,48.10178854829022,11.0,22.0,37.799802,-122.408811,4.2,"food,restaurant",base_pois,False
biz_0485954-01-001,North India Restaurant,restaurant,1.3275120783131493,43.902579336462914,8.0,22.0,37.787832,-122.3991945,4.590296633294121,"restaurant,food services,financial district/south beach",registered_businesses,False
muni_5461,North Point St&Jones St Sw-Ns/Bz,transport,0.15349317985461564,0.0,5.0,24.0,37.806052,-122.417176,3.4928304280813003,"transport,muni,transit",muni_stops,True
muni_5466,North Point St&Mason St Nw-Fs/Bz,transport,0.32201543327531756,0.0,5.0,24.0,37.80656,-122.41424,3.002708107175682,"transport,muni,transit",muni_stops,True
muni_5467,North Point St&Mason St SE-FS/BZ,transport,0.1,0.0,0.0,24.0,37.806524,-122.41346,3.5,"muni,transit,stop",base_pois,False
muni_5468,North Point St&Polk St NW-FS/BZ,transport,0.1,0.0,0.0,24.0,37.805313,-122.423987,3.5,"muni,transit,stop",base_pois,False
muni_5766,Northridge Rd&Dormitory Rd W-Ns,transport,0.20409732717074366,0.0,5.0,24.0,37.73025,-122.37448,4.030418746266485,"transport,muni,transit",muni_stops,True
muni_5767,Northridge Rd&Harbor Rd Se-Ns,transport,0.19766068915149812,0.0,5.0,24.0,37.730978,-122.377013,3.312445232439467,"transport,muni,transit",muni_stops,True
rest_1245844-02-201,Nosh Cafe & Catering,restaurant,1.5,32.03089680478586,11.0,22.0,37.792197,-122.3980875,4.2,"food,restaurant",base_pois,False
biz_1029741-06-151,Nucha,restaurant,1.8078339097062819,36.948376864813916,8.0,22.0,37.764684,-122.433471,4.166493194797659,"restaurant,food services,castro/upper market",registered_businesses,False
biz_1233780-09-191,Numpangsf,restaurant,1.8366407464065442,12.266986519147107,8.0,22.0,37.805399873,-122.422591417,4.0243112600446995,"restaurant,food services,russian hill",registered_businesses,False
muni_5830,O'Shaughnessy Bl&Del Vale Ave N-FS,transport,0.1,0.0,0.0,24.0,37.741385,-122.446027,3.5,"muni,transit,stop",base_pois,False
muni_5834,O'Shaughnessy Blvd&Portola Dr S-FS,transport,0.1,0.0,0.0,24.0,37.744999,-122.451308,3.5,"muni,transit,stop",base_pois,False
park_183,O'Shaughnessy Hollow,park,1.5,0.0,6.0,22.0,37.73918097,-122.44389046,4.0,"park,Neighborhood Park or Playground",base_pois,False
muni_5776,Oakdale Ave&Griffith St W-NS/PS,transport,0.1,0.0,0.0,24.0,37.728223,-122.379318,3.5,"muni,transit,stop",base_pois,False
biz_1166579-11-171,Oaxacan Kitchen Mobile,restaurant,1.7135866099074173,46.70769131100811,8.0,22.0,37.420475021,-122.09653102,4.268215629506443,"restaurant,food services,nan",registered_businesses,False
muni_5779,Ocean Ave&Aptos Ave E-NS/SI,transport,0.1,0.0,0.0,24.0,37.728285,-122.467561,3.5,"muni,transit,stop",base_pois,False
muni_5781,Ocean Ave&Balboa Park Bart S-Mb/Bz,transport,0.18452618446718716,0.0,5.0,24.0,37.722942,-122.447493,3.2666936123276664,"transport,muni,transit",muni_stops,True
muni_5782,Ocean Ave&Cayuga Ave NE-NS/BZ,transport,0.1,0.0,0.0,24.0,37.72367,-122.43867,3.5,"muni,transit,stop",base_pois,False
muni_5787,Ocean Ave&Dorado Ter NE-NS,transport,0.1,0.0,0.0,24.0,37.724957,-122.461059,3.5,"muni,transit,stop",base_pois,False
muni_8014,Ocean Ave&Geneva Ave NE-NS/SB,transport,0.1,0.0,0.0,24.0,37.72312,-122.452132,3.5,"muni,transit,stop",base_pois,False
muni_5798,Ocean Ave&Miramar Ave SW-NS/SI,transport,0.1,0.0,0.0,24.0,37.724262,-122.458306,3.5,"muni,transit,stop",base_pois,False
muni_5804,Ocean Ave&San Jose Ave Nw-Fs/Bz,transport,0.3708878515628359,0.0,5.0,24.0,37.723004,-122.444951,3.3397460210031094,"transport,muni,transit",muni_stops,True
muni_5807,Ocean Ave&San Leandro Way W-NS/SI,transport,0.1,0.0,0.0,24.0,37.729945,-122.469475,3.5,"muni,transit,stop",base_pois,False
muni_7106,Ocean Ave&Victoria St SW-NS/SB,transport,0.1,0.0,0.0,24.0,37.72598,-122.46436,3.5,"muni,transit,stop",base_pois,False
landmark_050,Ocean Beach,park,1.0150140655999997,0.0,6.0,22.0,37.7594,-122.5102,4.232009361927445,"beach,ocean,scenic,sunset",sf_landmarks_curated,False
biz_1190097-05-181,Ocean Blue Laundry & Cafe,restaurant,1.6779718525450447,22.827953508112405,8.0,22.0,37.77238315,-122.422612059,4.297118550212885,"restaurant,food services,mission",registered_businesses,False
rest_1259447-09-201,Ocean Taqueria,restaurant,1.5,43.00871592106632,11.0,22.0,37.721709,-122.436729,4.2,"food,restaurant",base_pois,False
biz_1403923-11-251,Off The Grid Services - Powell,restaurant,1.9069024180555312,28.687297787959697,8.0,22.0,37.785798,-122.4082035,4.101736765603492,"restaurant,food services,tenderloin",registered_businesses,False
park_171609,Ogden Terrace Community Garden,park,1.5,0.0,6.0,22.0,37.73580862,-122.41204731,4.0,"park,Neighborhood Park or Playground",base_pois,False
biz_1212967-02-191,Oh My Green@Git Hub 2Nd Floor,restaurant,1.2883185678104687,10.26855776926428,8.0,22.0,37.781675997,-122.391032038,3.993967319665131,"restaurant,food services,financial district/south beach",registered_businesses,False
biz_1212955-02-191,Oh My Green@Github,restaurant,1.9024899674229188,41.31285917306085,8.0,22.0,37.781675997,-122.391032038,3.6920951078342434,"restaurant,food services,financial district/south beach",registered_businesses,False
rest_1073572-05-161,Ohana Poke And Salad Bar,restaurant,1.5,14.50385937895567,11.0,22.0,37.793718,-122.4048375,4.2,"food,restaurant",base_pois,False
rest_1038799-09-151,Ok La La Cake Creations,restaurant,1.5,13.25342730516677,11.0,22.0,37.799991,-122.410134,4.2,"food,restaurant",base_pois,False
biz_1316771-10-221,Okaeri Japanese Bistro,restaurant,1.2101925697510238,23.047243627510955,8.0,22.0,37.758402,-122.419566,4.38142699582968,"restaurant,food services,mission",registered_businesses,False
biz_1242306-01-201,Old Pier Hotpot Buffet,restaurant,1.7930207886015896,38.012561894462635,8.0,22.0,37.742724,-122.477364,3.93157439682055,"restaurant,food services,sunset/parkside",registered_businesses,False
muni_5821,Olympia Way&Clarendon Ave NE-NS/SB,transport,0.1,0.0,0.0,24.0,37.751494,-122.456224,3.5,"muni,transit,stop",base_pois,False
rest_1134787-02-171,Om Indian Cuisine,restaurant,1.5,15.748719296230336,11.0,22.0,37.769877,-122.449734,4.2,"food,restaurant",base_pois,False
rest_1194171-07-181,Oma San Francisco Station,restaurant,1.5,14.184000441568603,11.0,22.0,37.785168,-122.430564,4.2,"food,restaurant",base_pois,False
rest_1389123-05-251,On The Roll Catering And Events LLC,restaurant,1.5,47.923194170670826,11.0,22.0,37.749880786,-122.394534579,4.2,"food,restaurant",base_pois,False
biz_1123631-10-161,One +,restaurant,1.0321493951005611,33.06100059976796,8.0,22.0,37.743057,-122.4813015,4.053702887768248,"restaurant,food services,sunset/parkside",registered_businesses,False
biz_1308863-06-221,One-Up Chocolates,restaurant,1.1930075361587664,21.93316107005713,8.0,22.0,37.74996,-122.444964,4.087206160690147,"restaurant,food services,twin peaks",registered_businesses,False
biz_1180664-02-181,Osakaya Restaurant,restaurant,1.4565473229940522,32.154538329101996,8.0,22.0,37.785168,-122.430564,4.207761800122139,"restaurant,food services,japantown",registered_businesses,False
rest_1144256-04-171,Otg Group,restaurant,1.5,14.814913403262807,11.0,22.0,37.805508,-122.4319545,4.2,"food,restaurant",base_pois,False
rest_1318825-11-221,Otg World Cup Events,restaurant,1.5,11.340946098727652,11.0,22.0,37.787437645,-122.407872943,4.2,"food,restaurant",base_pois,False
rest_1355781-03-241,Outer Sunset Farmers' Market,restaurant,1.5,16.1437974054192,11.0,22.0,37.748871,-122.495832,4.2,"food,restaurant",base_pois,False
rest_1293466-12-211,Outta Sight,restaurant,1.5,24.837356614515947,11.0,22.0,37.755558,-122.414697,4.2,"food,restaurant",base_pois,False
biz_0481935-01-001,Pabu,restaurant,1.3422690742880228,39.02613031703449,8.0,22.0,37.793043,-122.398047,4.244397779230898,"restaurant,food services,financial district/south beach",registered_businesses,False
muni_5838,Pacific Ave&Hyde St NE-NS/SB,transport,0.1,0.0,0.0,24.0,37.79555,-122.4182,3.5,"muni,transit,stop",base_pois,False
muni_5840,Pacific Ave&Jones St Ne-Ns/Ps,transport,0.3100937524794163,0.0,5.0,24.0,37.79596,-122.41491,3.4239148487705195,"transport,muni,transit",muni_stops,True
muni_5841,Pacific Ave&Jones St Sw-Ns/Ps,transport,0.22833135277362,0.0,5.0,24.0,37.795791,-122.415105,3.8092626354606174,"transport,muni,transit",muni_stops,True
muni_5851,Pacific Ave&Polk St SE-FS/BZ,transport,0.1,0.0,0.0,24.0,37.794998,-122.42125,3.5,"muni,transit,stop",base_pois,False
muni_5856,Pacific Ave&Taylor St NE-NS/PS,transport,0.1,0.0,0.0,24.0,37.796165,-122.41327,3.5,"muni,transit,stop",base_pois,False
muni_5857,Pacific Ave&Taylor St SW-NS/PS,transport,0.1,0.0,0.0,24.0,37.795995,-122.413465,3.5,"muni,transit,stop",base_pois,False
muni_7919,Pacific Ave&Van Ness Ave Sw-Ns/Bz,transport,0.19536361382536016,0.0,5.0,24.0,37.79474,-122.423474,3.26510931453681,"transport,muni,transit",muni_stops,True
biz_1181653-03-181,Pacific Cafe,restaurant,1.8463430169899695,47.1008142726232,8.0,22.0,37.779948,-122.49459,4.3782493563362745,"restaurant,food services,outer richmond",registered_businesses,False
biz_1132343-01-171,Pacific Coctail Haven,restaurant,1.4986000383921265,16.83014956448998,8.0,22.0,37.789272,-122.409963,4.392241467893436,"restaurant,food services,nob hill",registered_businesses,False
rest_1358095-04-241,Pacifico Latin American Cuisine,restaurant,1.5,27.39934963776,11.0,22.0,37.781838,-122.4157095,4.2,"food,restaurant",base_pois,False
park_114,Page & Laguna Mini Park,park,1.5,0.0,6.0,22.0,37.77347729,-122.42526321,4.0,"park,Mini Park",base_pois,False
park_11976,Page Street Community Garden,park,1.5,0.0,6.0,22.0,37.77361752,-122.4281125,4.0,"park,Community Garden",base_pois,False
landmark_018,Painted Ladies,landmark,1.1779530416250676,0.0,6.0,22.0,37.7761,-122.4328,4.396381733541036,"landmark,victorian,houses,architecture",sf_landmarks_curated,False
rest_1130749-12-161,Pakwan Restaurant,restaurant,1.5,33.118430612561966,11.0,22.0,37.723599,-122.453919,4.2,"food,restaurant",base_pois,False
landmark_017,Palace of Fine Arts,landmark,1.2741262349097628,0.0,6.0,22.0,37.8024,-122.4488,4.485179338493517,"landmark,architecture,marina,scenic",sf_landmarks_curated,False
park_111,Palace of Fine Arts,park,1.5,0.0,6.0,22.0,37.80300818,-122.44850174,4.0,"park,Civic Plaza or Square",base_pois,False
park_30,Palega Playground,park,1.5,0.0,6.0,22.0,37.7293471,-122.40979319,4.0,"park,Neighborhood Park or Playground",base_pois,False
biz_1148142-05-171,Palette Sf,restaurant,1.2036893490801799,11.198791339566732,8.0,22.0,37.781019,-122.4197325,3.89608590788201,"restaurant,food services,tenderloin",registered_businesses,False
biz_1312592-08-221,Palmetto Superfoods Holdings Inc.,restaurant,1.9522859075503183,38.814102284029026,8.0,22.0,37.783341,-122.4614115,4.401525054200034,"restaurant,food services,inner richmond",registered_businesses,False
park_188,Palou & Phelps Park,park,1.5,0.0,6.0,22.0,37.73552432,-122.39474893,4.0,"park,Neighborhood Park or Playground",base_pois,False
muni_5863,Palou Ave&3rd St E-NS/BZ,transport,0.1,0.0,0.0,24.0,37.734019,-122.390825,3.5,"muni,transit,stop",base_pois,False
muni_5874,Palou Ave&Keith St W-Ns/Ps,transport,0.16757778464111384,0.0,5.0,24.0,37.731849,-122.38731,3.5510869218022387,"transport,muni,transit",muni_stops,True
muni_5881,Palou Ave&Quint St E-NS/SB,transport,0.1,0.0,0.0,24.0,37.737163,-122.396367,3.5,"muni,transit,stop",base_pois,False
muni_5882,Palou Ave&Quint St W-NS/PS,transport,0.1,0.0,0.0,24.0,37.737216,-122.396722,3.5,"muni,transit,stop",base_pois,False
rest_1010181-10-141,Pancho's Salsa Bar & Grill,restaurant,1.5,15.692120504306768,11.0,22.0,37.781703,-122.4562005,4.2,"food,restaurant",base_pois,False
rest_0318180-01-001,Pancho's,restaurant,1.5,31.7584731365962,11.0,22.0,37.781703,-122.4562005,4.2,"food,restaurant",base_pois,False
biz_1235625-10-191,Papa Johns,restaurant,1.8763947507508791,23.004062451352148,8.0,22.0,37.717722,-122.473953,4.278686576397397,"restaurant,food services,lakeshore",registered_businesses,False
rest_1347509-11-231,Papa Y Ala,restaurant,1.5,24.57056905641247,11.0,22.0,37.757484,-122.4185985,4.2,"food,restaurant",base_pois,False
rest_1362021-05-241,Paper Son Coffee,restaurant,1.5,42.389840039155416,11.0,22.0,37.785294,-122.395581,4.2,"food,restaurant",base_pois,False
rest_1385984-04-251,Parachute Bakery,restaurant,1.5,43.51131626822206,11.0,22.0,37.783199983,-122.395418777,4.2,"food,restaurant",base_pois,False
rest_1249532-03-201,Paris Baguette San Francisco,restaurant,1.5,26.119421455408478,11.0,22.0,37.79001,-122.400918,4.2,"food,restaurant",base_pois,False
rest_1333872-05-231,Paris Baguette,restaurant,1.5,48.15416120182371,11.0,22.0,37.710432,-122.467653,4.2,"food,restaurant",base_pois,False
rest_1265497-12-201,Paris Baguette,restaurant,1.5,48.504405050603296,11.0,22.0,37.71060239,-122.469181791,4.2,"food,restaurant",base_pois,False
muni_5946,Park Presidio Blvd&Balboa St Ne-Fs,transport,0.15745802700324626,0.0,5.0,24.0,37.77724,-122.47192,3.761266166442781,"transport,muni,transit",muni_stops,True
muni_5947,Park Presidio Blvd&Balboa St SW-FS,transport,0.1,0.0,0.0,24.0,37.77648,-122.47214,3.5,"muni,transit,stop",base_pois,False
park_101,Park Presidio Blvd,park,1.5,0.0,6.0,22.0,37.78013983,-122.47230061,4.0,"park,Parkway",base_pois,False
muni_5953,Park Presidio&Geary Blvd Ne-Fs/Sb,transport,0.39646330011058195,0.0,5.0,24.0,37.780776,-122.472217,3.519464181066826,"transport,muni,transit",muni_stops,True
park_171731,Park Street Garden,park,1.5,0.0,6.0,22.0,37.73647569,-122.42578986,4.0,"park,Community Garden",base_pois,False
park_84,Parkside Square,park,1.5,0.0,6.0,22.0,37.73797859,-122.48393354,4.0,"park,Neighborhood Park or Playground",base_pois,False
muni_5885,Parnassus Ave&4Th Ave Ne-Ns/Bz,transport,0.28768972305079843,0.0,5.0,24.0,37.762727,-122.46074,3.542662985437513,"transport,muni,transit",muni_stops,True
muni_5889,Parnassus Ave&Cole St NW-FS/BZ,transport,0.1,0.0,0.0,24.0,37.764905,-122.450083,3.5,"muni,transit,stop",base_pois,False
muni_5890,Parnassus Ave&Cole St Sw-Ns/Bz,transport,0.3580798260543833,0.0,5.0,24.0,37.764789,-122.449854,3.3431697685207804,"transport,muni,transit",muni_stops,True
park_187,Parque Ninos Unidos,park,1.5,0.0,6.0,22.0,37.75437961,-122.41357025,4.0,"park,Neighborhood Park or Playground",base_pois,False
rest_1387717-05-251,Partypigsf,restaurant,1.5,13.67511810115128,11.0,22.0,37.780974,-122.457393,4.2,"food,restaurant",base_pois,False
rest_0021994-02-001,Pasquales Pizzeria #2,restaurant,1.5,10.211480163364401,11.0,22.0,37.735695,-122.5027125,4.2,"food,restaurant",base_pois,False
biz_1194767-07-181,"Pass The Sauced, Llc",restaurant,1.2489206992574187,42.56919497647486,8.0,22.0,37.750176,-122.414211,4.038147448574596,"restaurant,food services,mission",registered_businesses,False
biz_1375041-11-241,Pastrami Brothers,restaurant,1.6384675277647407,30.691245406419494,8.0,22.0,37.776582,-122.4026145,4.070872314459792,"restaurant,food services,south of market",registered_businesses,False
biz_1372895-10-241,Pastrami Brothers,restaurant,1.3363810880567066,10.118090881790046,8.0,22.0,37.776956358,-122.402647176,4.034206562340809,"restaurant,food services,south of market",registered_businesses,False
rest_1317497-11-221,Patagonia On Fire LLC,restaurant,1.5,37.376583633605975,11.0,22.0,37.726596,-122.3656245,4.2,"food,restaurant",base_pois,False
biz_1278591-05-211,Patisserie On California,restaurant,1.9296321877242244,46.57358723732682,8.0,22.0,37.783368,-122.490981,3.987295094404327,"restaurant,food services,outer richmond",registered_businesses,False
park_59481,Patricia's Green in Hayes Valley,park,1.5,0.0,6.0,22.0,37.77622794,-122.42442628,4.0,"park,Mini Park",base_pois,False
rest_1268788-02-211,Patxi's Pizza Noe Valley,restaurant,1.5,41.50125015558797,11.0,22.0,37.751616,-122.432886,4.2,"food,restaurant",base_pois,False
muni_5902,Paul Ave&Gould St NW-FS/PS,transport,0.1,0.0,0.0,24.0,37.723012,-122.397946,3.5,"muni,transit,stop",base_pois,False
rest_1288967-10-211,Paula's Cafe,restaurant,1.5,16.830489532424547,11.0,22.0,37.772361,-122.4302805,4.2,"food,restaurant",base_pois,False
biz_1392331-06-251,Paulas Cafe,restaurant,1.0805449467131132,43.64074470742149,8.0,22.0,37.772361,-122.4302805,4.271822690259091,"restaurant,food services,hayes valley",registered_businesses,False
biz_1218903-04-191,Payo'S Kitchen,restaurant,1.812190551851192,39.82907832371071,8.0,22.0,37.790594988,-122.399839596,4.383227139359384,"restaurant,food services,financial district/south beach",registered_businesses,False
rest_1190575-06-181,Pdrsf,restaurant,1.5,47.779847140142245,11.0,22.0,37.747683,-122.444694,4.2,"food,restaurant",base_pois,False
rest_1199962-09-181,Peanut Gallery,restaurant,1.5,46.26691676919594,11.0,22.0,37.775556,-122.427999,4.2,"food,restaurant",base_pois,False
rest_0196325-01-010,Peet's Coffee Inc,restaurant,1.5,22.260094607198603,11.0,22.0,37.766475,-122.410422,4.2,"food,restaurant",base_pois,False
biz_1185471-04-181,Peet'S Coffee Inc,restaurant,1.6021193918334273,16.938593342090012,8.0,22.0,37.786428858,-122.401868814,3.974472215454737,"restaurant,food services,financial district/south beach",registered_businesses,False
biz_0196325-01-007,Peet'S Coffee Inc,restaurant,1.0572907467222858,19.083456755415963,8.0,22.0,37.79649,-122.422185,4.246513210913047,"restaurant,food services,russian hill",registered_businesses,False
park_195,Peixotto Playground,park,1.5,0.0,6.0,22.0,37.76580342,-122.43792203,4.0,"park,Neighborhood Park or Playground",base_pois,False
biz_0478764-01-999,Peninsula Catering & Events Inc,restaurant,1.563862403471314,35.58848537332432,8.0,22.0,37.559117986,-122.30341198,3.9643300213671653,"restaurant,food services,nan",registered_businesses,False
rest_1217301-03-191,Peninsula Catering And Events,restaurant,1.5,40.40856636944951,11.0,22.0,37.742031,-122.402925,4.2,"food,restaurant",base_pois,False
muni_7523,Pennsylvania AVE & 23 ST NS NW,transport,0.1,0.0,0.0,24.0,37.755158,-122.393008,3.5,"muni,transit,stop",base_pois,False
rest_1309652-07-221,Penny Roma/Flour+Water Pasta Shop,restaurant,1.5,42.68647491917657,11.0,22.0,37.759329,-122.411295,4.2,"food,restaurant",base_pois,False
biz_1220103-04-191,Pepitos Paletas,restaurant,1.2472670830794446,24.4611793864037,8.0,22.0,37.755663943,-122.419865947,4.502316142106345,"restaurant,food services,mission",registered_businesses,False
muni_5907,Persia Ave&Athens St E-Ns/Ps,transport,0.22463556218803488,0.0,5.0,24.0,37.720112,-122.429467,3.458788904605059,"transport,muni,transit",muni_stops,True
muni_5916,Persia Ave&Naples St E-NS/PS,transport,0.1,0.0,0.0,24.0,37.72088,-122.43107,3.5,"muni,transit,stop",base_pois,False
biz_1366557-07-241,Peruvian Food El Cuzqueno,restaurant,1.471791507393847,21.288293141563592,8.0,22.0,37.726596,-122.3656245,3.72623853751303,"restaurant,food services,bayview hunters point",registered_businesses,False
rest_1274618-04-211,Pete's Bbq,restaurant,1.5,29.390187214115855,11.0,22.0,37.758771,-122.418927,4.2,"food,restaurant",base_pois,False
rest_1131295-12-161,Petit Marlowe,restaurant,1.5,36.71291304092789,11.0,22.0,37.778274,-122.3938935,4.2,"food,restaurant",base_pois,False
biz_1365942-07-241,Petit Serie,restaurant,1.9904421789253224,49.89810840562144,8.0,22.0,37.743894,-122.470632,4.280261502291209,"restaurant,food services,west of twin peaks",registered_businesses,False
biz_1349164-12-231,Petra Mediterranean,restaurant,1.8693618268785237,41.12439329253181,8.0,22.0,37.762002,-122.4219375,4.221498370186906,"restaurant,food services,mission",registered_businesses,False
rest_1074525-06-161,Phil'z Coffee,restaurant,1.5,30.238723973138306,11.0,22.0,37.723509,-122.453595,4.2,"food,restaurant",base_pois,False
biz_1242353-01-201,Phil'Z Coffee,restaurant,1.3302012955977314,43.564096306557396,8.0,22.0,37.789938,-122.397111,4.055750907155617,"restaurant,food services,financial district/south beach",registered_businesses,False
biz_1208442-12-181,Pho At Bryant,restaurant,1.531292754818605,37.45699742994981,8.0,22.0,37.759059,-122.410062,3.7655713512157174,"restaurant,food services,mission",registered_businesses,False
biz_1376621-12-241,Pho De Nguyen 2,restaurant,1.3646782903787962,15.072341775608205,8.0,22.0,37.776087,-122.4021645,4.389588258161017,"restaurant,food services,south of market",registered_businesses,False
biz_1208831-01-191,Pho Lien Phat Vietnamese Restaurant,restaurant,1.7540905601855734,29.72895187205648,8.0,22.0,37.781946,-122.4819315,4.216888871020206,"restaurant,food services,outer richmond",registered_businesses,False
biz_1169468-12-171,Phonobar,restaurant,1.614736744188289,28.577629647816636,8.0,22.0,37.778184,-122.422536,4.12067831868689,"restaurant,food services,hayes valley",registered_businesses,False
rest_1233257-09-191,Pica Pica,restaurant,1.5,30.28615018183918,11.0,22.0,37.766412,-122.421726,4.2,"food,restaurant",base_pois,False
rest_1197400-08-181,Pico Latin Food,restaurant,1.5,29.7476990233223,11.0,22.0,37.805535,-122.4231975,4.2,"food,restaurant",base_pois,False
landmark_014,Pier 39,landmark,1.6731383908582858,0.0,6.0,22.0,37.8087,-122.4098,4.472566454592454,"landmark,pier,shopping,entertainment,seals",sf_landmarks_curated,False
rest_1323184-02-231,Pig And Whistle 2023 LLC,restaurant,1.5,39.063868614400704,11.0,22.0,37.781892,-122.4491535,4.2,"food,restaurant",base_pois,False
rest_1216690-03-191,Pig Out Vegan Foods,restaurant,1.5,45.598667942505614,11.0,22.0,37.773522,-122.4405315,4.2,"food,restaurant",base_pois,False
rest_1216689-03-191,Pig Out Vegan Foods,restaurant,1.5,48.603479733591755,11.0,22.0,37.783308481,-122.432837246,4.2,"food,restaurant",base_pois,False
park_82,Pine Lake Park,park,1.5,0.0,6.0,22.0,37.73631415,-122.48593875,4.0,"park,Regional Park",base_pois,False
muni_5944,Pine St&Montgomery St Ne-Ns/Sb,transport,0.3800905903237012,0.0,5.0,24.0,37.791941,-122.402542,3.790615751170499,"transport,muni,transit",muni_stops,True
biz_1130257-12-161,Pink Onion,restaurant,1.4724686775644882,24.683214093831175,8.0,22.0,37.768788,-122.414859,4.054221231924328,"restaurant,food services,mission",registered_businesses,False
biz_1271389-03-211,Pink'S Shrimp Shack,restaurant,1.8828093321445802,26.690475788448367,8.0,22.0,37.769778,-122.4119115,4.0083845414505825,"restaurant,food services,mission",registered_businesses,False
biz_1312507-08-221,Piqueos Kitchen Inc,restaurant,1.269899343956342,26.628516106176058,8.0,22.0,37.775655,-122.4458595,4.606850334866172,"restaurant,food services,lone mountain/usf",registered_businesses,False
rest_1231968-08-191,Pirro's Pizzeria,restaurant,1.5,40.17661521287729,11.0,22.0,37.742652,-122.4904455,4.2,"food,restaurant",base_pois,False
rest_1247740-02-201,Pizza Due,restaurant,1.5,33.77662843273331,11.0,22.0,37.7631,-122.4283545,4.2,"food,restaurant",base_pois,False
biz_0482528-01-001,Pizza Express,restaurant,1.3191739717673296,34.99113388081507,8.0,22.0,37.739088,-122.4143955,3.875497893964635,"restaurant,food services,bernal heights",registered_businesses,False
rest_1163233-10-171,Pizza Squared,restaurant,1.5,36.1058841099611,11.0,22.0,37.771974,-122.40432,4.2,"food,restaurant",base_pois,False
biz_0426551-02-001,Pizza Zone,restaurant,1.530345017610852,30.027414354865257,8.0,22.0,37.806822,-122.418027,4.016998016773572,"restaurant,food services,north beach",registered_businesses,False
rest_1367035-07-241,Pizzahacker,restaurant,1.5,16.776586736128575,11.0,22.0,37.744038,-122.420484,4.2,"food,restaurant",base_pois,False
biz_1290377-10-211,Pizzalicious Llc,restaurant,1.8816172212428632,42.987498277617604,8.0,22.0,37.762281,-122.4349605,4.356046068117383,"restaurant,food services,castro/upper market",registered_businesses,False
biz_1294163-12-211,Plant Dazzler,restaurant,1.0282923056381146,24.238016019300666,8.0,22.0,37.748709,-122.429673,4.469752409809028,"restaurant,food services,noe valley",registered_businesses,False
biz_0462654-01-001,Play Land,restaurant,1.7566494274166153,49.64263087528664,8.0,22.0,37.789416,-122.420619,4.176178553246516,"restaurant,food services,nob hill",registered_businesses,False
muni_5954,Plymouth Ave&Broad St Ne-Fs,transport,0.3138267125018226,0.0,5.0,24.0,37.71334,-122.45601,3.404843788233409,"transport,muni,transit",muni_stops,True
muni_5958,Plymouth Ave&Grafton Ave Se-Ns,transport,0.37629818905336565,0.0,5.0,24.0,37.719881,-122.456015,3.4204931415482327,"transport,muni,transit",muni_stops,True
muni_5962,Plymouth Ave&Holloway Ave SE-NS/PS,transport,0.1,0.0,0.0,24.0,37.72177,-122.4561,3.5,"muni,transit,stop",base_pois,False
muni_5965,Plymouth Ave&Lobos St Nw-Ns,transport,0.16012473798334192,0.0,5.0,24.0,37.71501,-122.45613,3.1113224817300367,"transport,muni,transit",muni_stops,True
muni_5967,Plymouth Ave&Mangels Ave SE-NS/SB,transport,0.1,0.0,0.0,24.0,37.73209,-122.45765,3.5,"muni,transit,stop",base_pois,False
muni_5968,Plymouth Ave&Mangels Ave SW-NS/SB,transport,0.1,0.0,0.0,24.0,37.732239,-122.457768,3.5,"muni,transit,stop",base_pois,False
muni_5974,Plymouth Ave&Ocean Ave SE-NS/PS,transport,0.1,0.0,0.0,24.0,37.723772,-122.456049,3.5,"muni,transit,stop",base_pois,False
muni_5975,Plymouth Ave&Ocean Ave SW-FS/BZ,transport,0.1,0.0,0.0,24.0,37.723638,-122.456233,3.5,"muni,transit,stop",base_pois,False
muni_5980,Plymouth Ave&Yerba Buena Ave Ne-Ns,transport,0.18745820817307648,0.0,5.0,24.0,37.73261,-122.45851,3.3600749322125467,"transport,muni,transit",muni_stops,True
muni_6111,Point Lobos Ave&44th Ave NE-NS/SB,transport,0.1,0.0,0.0,24.0,37.779837,-122.50501,3.5,"muni,transit,stop",base_pois,False
muni_6129,Point Lobos Ave&46th Ave NW-FS/PS,transport,0.1,0.0,0.0,24.0,37.780041,-122.50744,3.5,"muni,transit,stop",base_pois,False
rest_1066041-05-161,Poke Delish,restaurant,1.5,43.767107972646194,11.0,22.0,37.766511,-122.42988,4.2,"food,restaurant",base_pois,False
rest_1179970-02-181,Poke Delish,restaurant,1.5,33.298363432578036,11.0,22.0,37.794654,-122.4045495,4.2,"food,restaurant",base_pois,False
muni_5987,Polk St&Francisco St NE-FS/BZ,transport,0.1,0.0,0.0,24.0,37.803653,-122.423231,3.5,"muni,transit,stop",base_pois,False
muni_5990,Polk St&Lombard St Nw-Ns/Bz,transport,0.3506614853482728,0.0,5.0,24.0,37.80167,-122.42303,3.5052996608780913,"transport,muni,transit",muni_stops,True
muni_5992,Polk St&North Point St SW-FS/BZ,transport,0.1,0.0,0.0,24.0,37.805018,-122.4237,3.5,"muni,transit,stop",base_pois,False
muni_5993,Polk St&O'Farrell St Nw-Ns/Bz,transport,0.22544635843640287,0.0,5.0,24.0,37.78507,-122.41969,3.5378974612048806,"transport,muni,transit",muni_stops,True
muni_6006,Polk St&Washington St Ne-Fs/Bz,transport,0.3284651712660169,0.0,5.0,24.0,37.793499,-122.421193,4.030020192762697,"transport,muni,transit",muni_stops,True
muni_6007,Polk St&Washington St W-MB/BB,transport,0.1,0.0,0.0,24.0,37.793695,-122.421411,3.5,"muni,transit,stop",base_pois,False
biz_0322513-02-001,Popeyes Famous Fried Chicken,restaurant,1.4333739164594084,30.806887292839246,8.0,22.0,37.71657,-122.4413505,4.502065706370125,"restaurant,food services,outer mission",registered_businesses,False
biz_1224576-06-191,Poppy Bagels,restaurant,1.2829795408613127,41.4272531468006,8.0,22.0,37.763847,-122.4762615,4.075818824301574,"restaurant,food services,inner sunset",registered_businesses,False
biz_0346968-01-001,Pork Store Cafe,restaurant,1.348275883461456,35.30892837036032,8.0,22.0,37.769814,-122.4462195,4.16465112446405,"restaurant,food services,haight ashbury",registered_businesses,False
muni_6010,Portola Dr&Burnett Ave N-Ns/Sb,transport,0.2169689005193152,0.0,5.0,24.0,37.747033,-122.44487,3.1608500372652215,"transport,muni,transit",muni_stops,True
muni_7151,Portola Dr&Claremont Blvd NE-NS,transport,0.1,0.0,0.0,24.0,37.73985,-122.46504,3.5,"muni,transit,stop",base_pois,False
muni_6013,Portola Dr&Del Sur Ave S-Ns/Bz,transport,0.20184321880984535,0.0,5.0,24.0,37.741974,-122.455776,3.5453578494875906,"transport,muni,transit",muni_stops,True
muni_6112,Portola Dr&Glenview Dr SE-FS/SB,transport,0.1,0.0,0.0,24.0,37.74636,-122.44764,3.5,"muni,transit,stop",base_pois,False
muni_6114,Portola Dr&Laguna Honda Blvd S-NS,transport,0.1,0.0,0.0,24.0,37.74287,-122.45524,3.5,"muni,transit,stop",base_pois,False
park_37264,Portola Open Space,park,1.5,0.0,6.0,22.0,37.74707923,-122.44407264,4.0,"park,Mini Park",base_pois,False
park_141,Portsmouth Square,park,1.5,0.0,6.0,22.0,37.79484118,-122.4053557,4.0,"park,Neighborhood Park or Playground",base_pois,False
biz_1221173-05-191,Positive Foods,restaurant,1.9229434198401747,15.600574762362305,8.0,22.0,37.776398488,-122.40293675,4.270452137170889,"restaurant,food services,south of market",registered_businesses,False
muni_6127,Post St&Jones St Se-Fs/Bz,transport,0.28049934676143395,0.0,5.0,24.0,37.78765,-122.41295,3.4054286956589483,"transport,muni,transit",muni_stops,True
muni_6020,Post St&Octavia St SW-NS/BZ,transport,0.1,0.0,0.0,24.0,37.785906,-122.426654,3.5,"muni,transit,stop",base_pois,False
muni_6022,Post St&Powell St SE-FS/BZ,transport,0.1,0.0,0.0,24.0,37.7883,-122.40793,3.5,"muni,transit,stop",base_pois,False
muni_7909,Potrero Ave & 19th St,transport,0.1,0.0,0.0,24.0,37.76074,-122.407019,3.5,"muni,transit,stop",base_pois,False
muni_7908,Potrero Ave & 21St St,transport,0.236064446786163,0.0,5.0,24.0,37.757858,-122.406723,3.4141160702935753,"transport,muni,transit",muni_stops,True
muni_6026,Potrero Ave&16Th St Ne-Fs/Bz,transport,0.27766515793497426,0.0,5.0,24.0,37.766031,-122.407474,3.6532610524426965,"transport,muni,transit",muni_stops,True
muni_6037,Potrero Ave&23Rd St Nw-Ns/Bz,transport,0.36241430061151747,0.0,5.0,24.0,37.75506,-122.4067,3.6292476180402855,"transport,muni,transit",muni_stops,True
park_49,Potrero del Sol,park,1.5,0.0,6.0,22.0,37.75060722,-122.40509795,4.0,"park,Neighborhood Park or Playground",base_pois,False
park_10416,Potrero Hill Mini Park,park,1.5,0.0,6.0,22.0,37.75740062,-122.3966674,4.0,"park,Mini Park",base_pois,False
park_52,Potrero Hill Rec Center,park,1.5,0.0,6.0,22.0,37.75614147,-122.39693963,4.0,"park,Neighborhood Park or Playground",base_pois,False
muni_6045,Powell St&Bay St SE-NS/PS,transport,0.1,0.0,0.0,24.0,37.805738,-122.411833,3.5,"muni,transit,stop",base_pois,False
muni_6046,Powell St&Beach St W-MB/SB,transport,0.1,0.0,0.0,24.0,37.808031,-122.412508,3.5,"muni,transit,stop",base_pois,False
muni_6051,Powell St&Clay St Se-Ns,transport,0.21871926915625473,0.0,5.0,24.0,37.793755,-122.409465,3.0,"transport,muni,transit",muni_stops,True
muni_6055,Powell St&Francisco St NW-NS/BZ,transport,0.1,0.0,0.0,24.0,37.80506,-122.41191,3.5,"muni,transit,stop",base_pois,False
muni_6058,Powell St&Geary St SE-NS,transport,0.1,0.0,0.0,24.0,37.787267,-122.408128,3.5,"muni,transit,stop",base_pois,False
muni_6068,Powell St&O'Farrell St SE-NS,transport,0.1,0.0,0.0,24.0,37.786322,-122.407933,3.5,"muni,transit,stop",base_pois,False
muni_6071,Powell St&Post St Nw-Ns,transport,0.30686152252684573,0.0,5.0,24.0,37.788392,-122.408505,3.575153701691134,"transport,muni,transit",muni_stops,True
biz_1266673-01-211,Pozole,restaurant,1.3965527228288472,23.689715272859303,8.0,22.0,37.764846,-122.431761,3.9756267572863346,"restaurant,food services,castro/upper market",registered_businesses,False
park_37,Precita Park,park,1.5,0.0,6.0,22.0,37.74706609,-122.41205957,4.0,"park,Neighborhood Park or Playground",base_pois,False
park_201,Prentiss Mini Park,park,1.5,0.0,6.0,22.0,37.74022335,-122.4118975,4.0,"park,Mini Park",base_pois,False
park_109,Presidio Heights Playground,park,1.5,0.0,6.0,22.0,37.78849618,-122.4496145,4.0,"park,Neighborhood Park or Playground",base_pois,False
park_11485,Presidio Library Mini Park,park,1.5,0.0,6.0,22.0,37.78892984,-122.4448619,4.0,"park,Library",base_pois,False
landmark_022,Presidio of San Francisco,park,1.0395328906853833,0.0,6.0,22.0,37.7983,-122.4658,4.19129672827213,"park,historic,military,trails",sf_landmarks_curated,False
park_166,Presidio Wall Playground,park,1.5,0.0,6.0,22.0,37.79131812,-122.45398596,4.0,"park,Neighborhood Park or Playground",base_pois,False
muni_7783,PresidioBlvd & Letterman Dr,transport,0.1,0.0,0.0,24.0,37.799123,-122.452423,3.5,"muni,transit,stop",base_pois,False
biz_1344057-10-231,Presmex Commissary,restaurant,1.7922708371704024,43.92541494795087,8.0,22.0,37.798623,-122.457393,3.903703854866921,"restaurant,food services,presidio",registered_businesses,False
biz_1284154-08-211,Pressed,restaurant,1.108249441474857,12.739061686060452,8.0,22.0,37.784883122,-122.406821886,4.214124172998308,"restaurant,food services,south of market",registered_businesses,False
rest_1284155-08-211,Pressed,restaurant,1.5,43.65456548055663,11.0,22.0,37.790541,-122.397588,4.2,"food,restaurant",base_pois,False
rest_1306737-06-221,Prik Hom,restaurant,1.5,33.90147483272903,11.0,22.0,37.781973,-122.453712,4.2,"food,restaurant",base_pois,False
biz_1303216-04-221,Princess Bakery - Mission St,restaurant,1.709926378142582,43.19811108185688,8.0,22.0,37.724292,-122.434776,4.490873953576618,"restaurant,food services,excelsior",registered_businesses,False
rest_1216334-03-191,Project Juice - Chestnut,restaurant,1.5,47.518164625915496,11.0,22.0,37.800486,-122.440158,4.2,"food,restaurant",base_pois,False
rest_1216331-03-191,Project Juice - Market,restaurant,1.5,41.42483275995548,11.0,22.0,37.777131,-122.4164835,4.2,"food,restaurant",base_pois,False
biz_1216333-03-191,Project Juice - Valencia,restaurant,1.8069442243540357,48.032660502039725,8.0,22.0,37.760283,-122.4216315,4.049320159242445,"restaurant,food services,mission",registered_businesses,False
rest_1161008-09-171,Proper Food,restaurant,1.5,49.4399441430279,11.0,22.0,37.781832368,-122.388205588,4.2,"food,restaurant",base_pois,False
rest_1379706-02-251,Punjab Restaurant,restaurant,1.5,29.164813205549425,11.0,22.0,37.753056,-122.408802,4.2,"food,restaurant",base_pois,False
biz_0431377-01-001,Pupuseria El Golazo,restaurant,1.1265637921239602,40.076769974617775,8.0,22.0,37.71405,-122.42925,4.037684270097466,"restaurant,food services,excelsior",registered_businesses,False
biz_1354600-03-241,Purtea,restaurant,1.1686448818049786,26.2741597884255,8.0,22.0,37.724481,-122.4576675,4.423449686483864,"restaurant,food services,west of twin peaks",registered_businesses,False
biz_1359558-04-241,Quack House,restaurant,1.571569784506719,14.04276456330449,8.0,22.0,37.787013,-122.4171585,4.038947937403388,"restaurant,food services,tenderloin",registered_businesses,False
biz_1186118-04-181,Queen Pickle,restaurant,1.0321490878028503,22.31424688120214,8.0,22.0,37.750176,-122.414211,4.059132143643732,"restaurant,food services,mission",registered_businesses,False
biz_1216795-03-191,Queens Sf,restaurant,1.0341794109282603,42.99222921659055,8.0,22.0,37.765278,-122.4667395,4.550220465078242,"restaurant,food services,inner sunset",registered_businesses,False
muni_6135,Quintara St&12th Ave NE-NS/PS,transport,0.1,0.0,0.0,24.0,37.749039,-122.468369,3.5,"muni,transit,stop",base_pois,False
muni_6136,Quintara St&12Th Ave Sw-Ns/Ps,transport,0.2162553264514049,0.0,5.0,24.0,37.74887,-122.468563,3.5187317696415565,"transport,muni,transit",muni_stops,True
muni_6142,Quintara St&22nd Ave NE-NS/SB,transport,0.1,0.0,0.0,24.0,37.74855,-122.47917,3.5,"muni,transit,stop",base_pois,False
muni_6147,Quintara St&26th Ave SE-FS/PS,transport,0.1,0.0,0.0,24.0,37.748277,-122.483469,3.5,"muni,transit,stop",base_pois,False
muni_6153,Quintara St&29Th Ave Sw-Ns/Ps,transport,0.2826891004840174,0.0,5.0,24.0,37.74812,-122.48692,3.8345490332346635,"transport,muni,transit",muni_stops,True
muni_6159,Quintara St&35th Ave SW-NS,transport,0.1,0.0,0.0,24.0,37.74783,-122.49334,3.5,"muni,transit,stop",base_pois,False
muni_6162,Quintara St&41St Ave Ne-Ns,transport,0.3542370160640367,0.0,5.0,24.0,37.74768,-122.49952,3.2439344164102843,"transport,muni,transit",muni_stops,True
muni_6165,Quintara St&44th Ave SW-NS,transport,0.1,0.0,0.0,24.0,37.74742,-122.50304,3.5,"muni,transit,stop",base_pois,False
muni_6166,Quintara St&46th Ave NE-NS,transport,0.1,0.0,0.0,24.0,37.74743,-122.50487,3.5,"muni,transit,stop",base_pois,False
muni_6170,Quintara St&Funston Ave NE-NS/PS,transport,0.1,0.0,0.0,24.0,37.748985,-122.469423,3.5,"muni,transit,stop",base_pois,False
rest_1346986-11-231,Rabbit Hole,restaurant,1.5,36.3975248360931,11.0,22.0,37.800261,-122.4353925,4.2,"food,restaurant",base_pois,False
sfo_3379,Rac - 780,airport,3.7533103640067083,0.0,0.0,24.0,37.628229917000056,-122.40032425299997,4.319664367490689,"airport,airport (sfo)",sfo_facilities,False
sfo_3387,Rac Qta - 782,airport,3.7706684860951682,0.0,0.0,24.0,37.62982888200003,-122.399724328,4.526316878983193,"airport,airport (sfo)",sfo_facilities,False
rest_1364585-06-241,Radish @ Scale 6th Floor,restaurant,1.5,37.88155614182462,11.0,22.0,37.770945978,-122.40282616,4.2,"food,restaurant",base_pois,False
biz_1208982-01-191,Rainbows And Butterflies Bakery,restaurant,1.259742252086637,11.169472330892082,8.0,22.0,37.777923,-122.4127845,3.928491361741463,"restaurant,food services,south of market",registered_businesses,False
park_137649,Ralph D. House Community Park,park,1.5,0.0,6.0,22.0,37.71768972,-122.3958265,4.0,"park,Mini Park",base_pois,False
rest_1244678-01-201,Ramen Yamadaya SF,restaurant,1.5,43.51334649402204,11.0,22.0,37.786068,-122.4297,4.2,"food,restaurant",base_pois,False
biz_1368474-08-241,Ramro Coffee,restaurant,1.8159012154630942,15.122429711066271,8.0,22.0,37.776105,-122.4196965,4.184122831390433,"restaurant,food services,hayes valley",registered_businesses,False
park_16,Randolph & Bright Mini Park,park,1.5,0.0,6.0,22.0,37.7145015,-122.463681,4.0,"park,Mini Park",base_pois,False
muni_6175,Randolph St&Bright St SW-NS/PS,transport,0.1,0.0,0.0,24.0,37.71425,-122.463675,3.5,"muni,transit,stop",base_pois,False
muni_7330,Raymond Ave&Rutland St NW-FS/PS,transport,0.1,0.0,0.0,24.0,37.713343,-122.407148,3.5,"muni,transit,stop",base_pois,False
park_124,Raymond Kimball Playground,park,1.5,0.0,6.0,22.0,37.78294796,-122.43512666,4.0,"park,Neighborhood Park or Playground",base_pois,False
rest_1287111-09-211,Reborn Coffee,restaurant,1.5,41.70203255351355,11.0,22.0,37.728477,-122.4768375,4.2,"food,restaurant",base_pois,False
biz_1377330-01-251,Red Bay Coffee,restaurant,1.849391551708439,46.273862120487685,8.0,22.0,37.795537989,-122.393430016,4.120223564861757,"restaurant,food services,financial district/south beach",registered_businesses,False
rest_1192531-06-181,Red Chilli,restaurant,1.5,43.55491541790586,11.0,22.0,37.786131,-122.4129105,4.2,"food,restaurant",base_pois,False
rest_1137154-02-171,Red's Southern Smoke,restaurant,1.5,12.019790376887816,11.0,22.0,37.801251,-122.412177,4.2,"food,restaurant",base_pois,False
biz_1374149-11-241,Regalito El Mil Amores,restaurant,1.5192261042882962,31.986611726599094,8.0,22.0,37.761534,-122.4211095,3.872726236903004,"restaurant,food services,mission",registered_businesses,False
biz_1363694-06-241,Rendezvous,restaurant,1.2235903208760468,26.208954785819014,8.0,22.0,37.800261,-122.4353925,4.087507404533838,"restaurant,food services,marina",registered_businesses,False
biz_0911169-01-001,Restaurant At The Regis,restaurant,1.7809189910307799,38.162753771849744,8.0,22.0,37.787148,-122.411349,4.058321743672463,"restaurant,food services,tenderloin",registered_businesses,False
muni_6249,Revere Ave&3rd St S-FS,transport,0.1,0.0,0.0,24.0,37.7322,-122.39123,3.5,"muni,transit,stop",base_pois,False
muni_6254,Revere Ave&Lane St W-Ns,transport,0.27000774985655424,0.0,5.0,24.0,37.73169,-122.39029,3.617431834933762,"transport,muni,transit",muni_stops,True
biz_1260685-09-201,Revolution Foods,restaurant,1.221954039560949,26.941984067251777,8.0,22.0,37.800258757,-122.285891917,4.441931346694869,"restaurant,food services,nan",registered_businesses,False
muni_6199,Rhode Island St&25th St NW-NS/SB,transport,0.1,0.0,0.0,24.0,37.75211,-122.401467,3.5,"muni,transit,stop",base_pois,False
muni_6202,Rhode Island St&Alameda St SE-NS/SB,transport,0.1,0.0,0.0,24.0,37.768573,-122.402843,3.5,"muni,transit,stop",base_pois,False
biz_1230678-08-191,Rice Bucket,restaurant,1.8351257910807337,10.043057756676786,8.0,22.0,37.805508,-122.4319545,4.457195229936378,"restaurant,food services,marina",registered_businesses,False
muni_6181,Richardson Ave&Francisco St NW-NS,transport,0.1,0.0,0.0,24.0,37.800408,-122.447447,3.5,"muni,transit,stop",base_pois,False
park_100,Richmond Playground,park,1.5,0.0,6.0,22.0,37.78513522,-122.4781249,4.0,"park,Neighborhood Park or Playground",base_pois,False
park_172,Richmond Rec Center,park,1.5,0.0,6.0,22.0,37.78327503,-122.47798997,4.0,"park,Neighborhood Park or Playground",base_pois,False
landmark_039,Rickshaw Stop,nightlife,3.2644050002297247,20.0,20.0,2.0,37.7749,-122.4214,4.309419135493087,"venue,music,nightlife,indie,dj",sf_landmarks_curated,False
park_189,Ridgetop Plaza,park,1.5,0.0,6.0,22.0,37.73391458,-122.38350986,4.0,"park,Neighborhood Park or Playground",base_pois,False
muni_6215,Right Of Way&20Th St Ne-Fs/Sb,transport,0.32113785609468526,0.0,5.0,24.0,37.758229,-122.427795,3.639554643886884,"transport,muni,transit",muni_stops,True
muni_6216,Right Of Way&21st St NW-NS/SB,transport,0.1,0.0,0.0,24.0,37.756643,-122.426922,3.5,"muni,transit,stop",base_pois,False
rest_1329166-04-231,Rincon Peruano Restaurant,restaurant,1.5,10.374125561761797,11.0,22.0,37.749267,-122.4174285,4.2,"food,restaurant",base_pois,False
biz_0454765-01-001,Rinconcito Nicaraguense,restaurant,1.4750224440043607,37.455660388094515,8.0,22.0,37.752201,-122.41548,4.133396616481206,"restaurant,food services,mission",registered_businesses,False
muni_6208,Ripley St&Alabama St Nw-Fs/Bz,transport,0.2696233595353712,0.0,5.0,24.0,37.744368,-122.410465,3.426195823219835,"transport,muni,transit",muni_stops,True
muni_6247,Rivera St&48th Ave SE-FS,transport,0.1,0.0,0.0,24.0,37.74535,-122.5067,3.5,"muni,transit,stop",base_pois,False
rest_1347994-12-231,Rize Up Bakery,restaurant,1.5,18.36304290550238,11.0,22.0,37.77705,-122.410998,4.2,"food,restaurant",base_pois,False
biz_1266339-01-211,Robins Cafe Llc,restaurant,1.7375151372977258,15.156874385219721,8.0,22.0,37.763397,-122.416461,3.5909060841881697,"restaurant,food services,mission",registered_businesses,False
park_99,Rochambeau Playground,park,1.5,0.0,6.0,22.0,37.78484403,-122.4845469,4.0,"park,Neighborhood Park or Playground",base_pois,False
park_175,Rocky Outcrop,park,1.5,0.0,6.0,22.0,37.75384715,-122.47087844,4.0,"park,Neighborhood Park or Playground",base_pois,False
biz_0464410-01-001,Rolling-Out,restaurant,1.3437100769970696,46.620621073007094,8.0,22.0,37.742904,-122.484699,4.314975066576943,"restaurant,food services,sunset/parkside",registered_businesses,False
park_9,Rolph Nicol Playground,park,1.5,0.0,6.0,22.0,37.73063451,-122.48054619,4.0,"park,Neighborhood Park or Playground",base_pois,False
rest_1259517-09-201,Rome's Kitchen LLC,restaurant,1.5,36.552129924410906,11.0,22.0,37.733445,-122.380479,4.2,"food,restaurant",base_pois,False
park_107857,Roosevelt & Henry Stairs,park,1.5,0.0,6.0,22.0,37.76656233,-122.43734119,4.0,"park,Mini Park",base_pois,False
muni_6232,Roosevelt Way&14th St SE-NS/SB,transport,0.1,0.0,0.0,24.0,37.767162,-122.437225,3.5,"muni,transit,stop",base_pois,False
rest_1353617-02-241,Roosters Peruvian Rotisserie,restaurant,1.5,22.45626956387444,11.0,22.0,37.751319,-122.4180225,4.2,"food,restaurant",base_pois,False
rest_1309643-07-221,Rosemary & Pine,restaurant,1.5,34.293490926046175,11.0,22.0,37.768401,-122.402484,4.2,"food,restaurant",base_pois,False
park_190,Rowing Club - Dolphin Club,park,1.5,0.0,6.0,22.0,37.8079655,-122.42127697,4.0,"park,Concession",base_pois,False
biz_0427039-01-999,Royal Cup Inc,restaurant,1.6295854164725958,48.990841456986544,8.0,22.0,37.649912018,-122.134410014,4.427807001297662,"restaurant,food services,nan",registered_businesses,False
biz_0445323-01-001,Royal Ground Coffee (Koret Deli),restaurant,1.9068072536055503,29.16438017625048,8.0,22.0,37.781532,-122.452254,4.465081801194923,"restaurant,food services,lone mountain/usf",registered_businesses,False
biz_1167752-11-171,Royal Ground Coffee,restaurant,1.679051556287993,15.922749504444043,8.0,22.0,37.797165,-122.4217485,3.7743053470266728,"restaurant,food services,russian hill",registered_businesses,False
landmark_043,Ruby Skye,nightlife,3.5293344571239995,40.0,20.0,2.0,37.7879,-122.4074,4.527411938643502,"club,nightlife,dancing,venue,electronic",sf_landmarks_curated,False
biz_1181944-03-181,Running Fork Comfort Catering,restaurant,1.6108245504659697,25.187757916411854,8.0,22.0,37.731798,-122.490846,4.063248819788751,"restaurant,food services,sunset/parkside",registered_businesses,False
muni_6241,Russia Ave&Moscow St NE-NS/SB,transport,0.1,0.0,0.0,24.0,37.71814,-122.42985,3.5,"muni,transit,stop",base_pois,False
muni_7039,Rutland St&Arleta Ave S-Ns/Ps,transport,0.17770109875815981,0.0,5.0,24.0,37.713852,-122.406724,3.2055525580747823,"transport,muni,transit",muni_stops,True
muni_7046,Rutland St&Visitacion Ave Se-Ns/Ps,transport,0.2939693146339707,0.0,5.0,24.0,37.71135,-122.40793,3.6346244634102707,"transport,muni,transit",muni_stops,True
rest_0927926-02-001,S F Convention Facilities,restaurant,1.5,17.960285563103785,11.0,22.0,37.783926,-122.4012645,4.2,"food,restaurant",base_pois,False
biz_1265334-12-201,S&S Cafe/Deli,restaurant,1.4300265696455212,37.4406277879319,8.0,22.0,37.771490838,-122.437015878,4.415439623550842,"restaurant,food services,haight ashbury",registered_businesses,False
muni_6292,Sacramento St&Buchanan St SW-NS/BZ,transport,0.1,0.0,0.0,24.0,37.790194,-122.430855,3.5,"muni,transit,stop",base_pois,False
muni_6293,Sacramento St&Cherry St SE-FS/BZ,transport,0.1,0.0,0.0,24.0,37.786908,-122.45656,3.5,"muni,transit,stop",base_pois,False
muni_6294,Sacramento St&Davis St NE-NS/BZ,transport,0.1,0.0,0.0,24.0,37.79455,-122.3976,3.5,"muni,transit,stop",base_pois,False
muni_6295,Sacramento St&Fillmore St NW-FS/BZ,transport,0.1,0.0,0.0,24.0,37.78988,-122.43429,3.5,"muni,transit,stop",base_pois,False
muni_6298,Sacramento St&Gough St NW-FS/BZ,transport,0.1,0.0,0.0,24.0,37.79092,-122.42613,3.5,"muni,transit,stop",base_pois,False
muni_6299,Sacramento St&Grant Ave NW-FS/BZ,transport,0.1,0.0,0.0,24.0,37.793411,-122.406306,3.5,"muni,transit,stop",base_pois,False
muni_6306,Sacramento St&Laguna St Sw-Ns/Ps,transport,0.20640949640758977,0.0,5.0,24.0,37.7904,-122.4293,3.597137920319804,"transport,muni,transit",muni_stops,True
muni_6320,Sacramento St&Webster St Sw-Ns/Bz,transport,0.3095849909524157,0.0,5.0,24.0,37.789987,-122.4325,3.7115313114764015,"transport,muni,transit",muni_stops,True
rest_1302077-04-221,Sacred Taco,restaurant,1.5,13.224923471686653,11.0,22.0,37.797507,-122.430015,4.2,"food,restaurant",base_pois,False
rest_1335140-06-231,Sai's Vietnamese Restaurant,restaurant,1.5,27.72585693847572,11.0,22.0,37.796229,-122.404023,4.2,"food,restaurant",base_pois,False
rest_1059698-03-161,Saint Clare Coffee,restaurant,1.5,46.20485287502842,11.0,22.0,37.787184,-122.4012465,4.2,"food,restaurant",base_pois,False
rest_1336952-07-231,Saint Francis Fountain,restaurant,1.5,46.88572340177841,11.0,22.0,37.752651,-122.4083565,4.2,"food,restaurant",base_pois,False
muni_6508,Saint Francis&San Fernando Sw-Ns/Sb,transport,0.3489271555312512,0.0,5.0,24.0,37.734709,-122.469797,3.4586830074943906,"transport,muni,transit",muni_stops,True
rest_1148891-06-171,Saint Frank Coffee,restaurant,1.5,38.72261573191548,11.0,22.0,37.779444,-122.410242,4.2,"food,restaurant",base_pois,False
biz_1144403-04-171,Salesforce Mission,restaurant,1.5503235056976394,18.49789197805036,8.0,22.0,37.790892,-122.396697,4.497576425877529,"restaurant,food services,financial district/south beach",registered_businesses,False
rest_1203404-10-181,Salt & Pepper Barbeque,restaurant,1.5,16.845620733936773,11.0,22.0,37.721682,-122.4620055,4.2,"food,restaurant",base_pois,False
rest_1128674-11-161,Salt & Straw - Hayes,restaurant,1.5,24.71659970306394,11.0,22.0,37.776542089,-122.425888409,4.2,"food,restaurant",base_pois,False
biz_1152769-06-171,Salt & Straw,restaurant,1.758036211257836,48.304340979623994,8.0,22.0,37.776530081,-122.425981831,4.475092670174306,"restaurant,food services,hayes valley",registered_businesses,False
biz_1256198-07-201,Salt Fitness Llc,restaurant,1.242674042955027,25.270245249338963,8.0,22.0,37.73682,-122.40531,4.115642561473456,"restaurant,food services,bayview hunters point",registered_businesses,False
rest_1133422-01-171,Salt Pt Butchery & Provisions,restaurant,1.5,11.09282291114558,11.0,22.0,37.752057,-122.4166725,4.2,"food,restaurant",base_pois,False
rest_1210111-01-191,Saltry Snacks,restaurant,1.5,12.017821107190553,11.0,22.0,37.760126688,-122.409946234,4.2,"food,restaurant",base_pois,False
biz_1243540-01-201,Saltwater Bakeshop,restaurant,1.0543819741668177,23.48120691004682,8.0,22.0,37.783308481,-122.432837246,3.7929894465121974,"restaurant,food services,western addition",registered_businesses,False
biz_1233089-09-191,Sam Choy'S Poke To The Max,restaurant,1.2925945898491236,38.28071142560941,8.0,22.0,37.627042341,-122.411348057,4.327676987303379,"restaurant,food services,nan",registered_businesses,False
biz_0463874-02-001,Sam'S Chowder Mobile,restaurant,1.0005681292589443,31.538638719473322,8.0,22.0,37.713217976,-122.387965874,3.7369595361497,"restaurant,food services,bayview hunters point",registered_businesses,False
biz_1209806-01-191,Samovar,restaurant,1.0129933486717961,24.95900831211467,8.0,22.0,37.766286,-122.421717,4.293081390015076,"restaurant,food services,mission",registered_businesses,False
muni_6355,San Bruno Ave&Bacon St Ne-Fs/Bz,transport,0.23080182237319571,0.0,5.0,24.0,37.72797,-122.40367,3.5683303141342186,"transport,muni,transit",muni_stops,True
muni_6357,San Bruno Ave&Bacon St W-FS/BZ,transport,0.1,0.0,0.0,24.0,37.72754,-122.40368,3.5,"muni,transit,stop",base_pois,False
muni_6358,San Bruno Ave&Dwight St W-NS/BZ,transport,0.1,0.0,0.0,24.0,37.7241,-122.40226,3.5,"muni,transit,stop",base_pois,False
muni_7899,San Bruno Ave&Harkness Ave Ne-Fs/Bz,transport,0.3987008561479929,0.0,5.0,24.0,37.718043,-122.400114,3.6726393295685633,"transport,muni,transit",muni_stops,True
muni_6365,San Bruno Ave&Silver Ave S-Fs/Bz,transport,0.22741300750679608,0.0,5.0,24.0,37.73223,-122.40563,3.570860358936159,"transport,muni,transit",muni_stops,True
muni_7191,San Bruno Ave&Somerset St  E-Mb/Bz,transport,0.20916897537175458,0.0,5.0,24.0,37.713395,-122.401995,3.2493154969628533,"transport,muni,transit",muni_stops,True
muni_6367,San Bruno Ave&Thornton Ave E-NS/BZ,transport,0.1,0.0,0.0,24.0,37.73026,-122.40462,3.5,"muni,transit,stop",base_pois,False
biz_0489463-01-001,San Francisco Athletic Club,restaurant,1.7583722765985428,48.77180534365825,8.0,22.0,37.785978,-122.439708,3.968480489912377,"restaurant,food services,pacific heights",registered_businesses,False
biz_1333476-05-231,San Francisco Breakfast Club,restaurant,1.361298898852683,40.719506256412025,8.0,22.0,37.776956358,-122.402647176,4.324480733567345,"restaurant,food services,south of market",registered_businesses,False
biz_1084595-07-161,San Francisco Hall Of Justice-7Th Floor Kitchen,restaurant,1.9667639636420327,26.706883253657555,8.0,22.0,37.775286,-122.403798,4.345946636323237,"restaurant,food services,south of market",registered_businesses,False
SFO,San Francisco International Airport (SFO),airport,3.0,0.0,0.0,24.0,37.623181080495776,-122.3904224599145,4.5,"airport,sfo,transport",base_pois,False
park_11474,San Francisco Main Library,park,1.5,0.0,6.0,22.0,37.77928802,-122.41620254,4.0,"park,Library",base_pois,False
biz_1158545-08-171,San Francisco Mart 3,restaurant,1.8465982162878167,29.40149096490741,8.0,22.0,37.748556,-122.416182,4.099304264723441,"restaurant,food services,mission",registered_businesses,False
landmark_001,San Francisco Museum of Modern Art (SFMOMA),museum,1.593094659810233,25.0,9.0,17.0,37.7857,-122.4011,4.731089439296858,"museum,art,modern,sfmoma",sf_landmarks_curated,False
rest_1276019-04-211,San Francisco Pizza,restaurant,1.5,24.421609243618143,11.0,22.0,37.78299,-122.405958,4.2,"food,restaurant",base_pois,False
biz_0358709-02-001,San Francisco Soup Company,restaurant,1.5705091529455912,16.448731146778623,8.0,22.0,37.793223,-122.397057,4.466078046561796,"restaurant,food services,financial district/south beach",registered_businesses,False
park_12,San Francisco Zoo,park,1.5,0.0,6.0,22.0,37.73159432,-122.50382176,4.0,"park,Zoological Garden",base_pois,False
rest_1279612-06-211,San Ho Won,restaurant,1.5,45.046298909105616,11.0,22.0,37.759446,-122.4101925,4.2,"food,restaurant",base_pois,False
muni_6257,San Jose Ave&Farallones St N-Ns/Ps,transport,0.35001951729788194,0.0,5.0,24.0,37.714153,-122.452148,3.2513067202428387,"transport,muni,transit",muni_stops,True
muni_6263,San Jose Ave&Geneva Ave Sw-Fs/Bz,transport,0.3569351674650051,0.0,5.0,24.0,37.720649,-122.446738,3.4197550399040693,"transport,muni,transit",muni_stops,True
muni_6265,San Jose Ave&Lakeview Ave N-NS/PS,transport,0.1,0.0,0.0,24.0,37.71633,-122.450368,3.5,"muni,transit,stop",base_pois,False
muni_6266,San Jose Ave&Lakeview Ave S-NS/SI,transport,0.1,0.0,0.0,24.0,37.716083,-122.450435,3.5,"muni,transit,stop",base_pois,False
muni_6284,San Jose Ave&Santa Rosa Ave E-Fs/Si,transport,0.22662009432964497,0.0,5.0,24.0,37.728991,-122.439922,3.5796195166991454,"transport,muni,transit",muni_stops,True
muni_6288,San Jose Ave&Santa Ynez Ave S-NS/SI,transport,0.1,0.0,0.0,24.0,37.725681,-122.442442,3.5,"muni,transit,stop",base_pois,False
muni_7154,San Jose&Geneva,transport,0.1,0.0,0.0,24.0,37.720467,-122.446695,3.5,"muni,transit,stop",base_pois,False
biz_1262654-10-201,Sancha Sushi,restaurant,1.2117721634663103,11.201106301013844,8.0,22.0,37.767513765,-122.440256442,4.034324647911184,"restaurant,food services,castro/upper market",registered_businesses,False
biz_1316420-10-221,Sandy Kuma,restaurant,1.306774083577205,36.40450158389022,8.0,22.0,37.789461,-122.423292,3.896907926735069,"restaurant,food services,western addition",registered_businesses,False
biz_1317579-11-221,Sandy'S,restaurant,1.327923883530704,10.252049471261621,8.0,22.0,37.769805,-122.446305,3.91158127090006,"restaurant,food services,haight ashbury",registered_businesses,False
biz_1228129-07-191,Sanguchon,restaurant,1.2244158926746862,13.522124935651242,8.0,22.0,37.754073,-122.421024,4.085797504815334,"restaurant,food services,mission",registered_businesses,False
muni_7863,Sansome St&Jackson St SW-FS/BZ,transport,0.1,0.0,0.0,24.0,37.796527,-122.401909,3.5,"muni,transit,stop",base_pois,False
biz_1378862-01-251,Saru Hospitality Group,restaurant,1.124410388726524,33.6997744524842,8.0,22.0,37.751823,-122.428809,3.794518718292448,"restaurant,food services,noe valley",registered_businesses,False
rest_1363280-06-241,Satay By The Bay Sf LLC,restaurant,1.5,18.743143652908074,11.0,22.0,37.726596,-122.3656245,4.2,"food,restaurant",base_pois,False
park_79,Saturn Street Steps,park,1.5,0.0,6.0,22.0,37.76272603,-122.44054696,4.0,"park,Mini Park",base_pois,False
rest_1000953-07-141,Savory Pear,restaurant,1.5,47.404552141500396,11.0,22.0,37.787049,-122.431005,4.2,"food,restaurant",base_pois,False
rest_1142589-04-171,Scalas Bistro,restaurant,1.5,18.457969578021427,11.0,22.0,37.788822,-122.408379,4.2,"food,restaurant",base_pois,False
muni_6382,Schwerin St&Garrison Ave N-Ns/Sb,transport,0.27964514808783836,0.0,5.0,24.0,37.70934,-122.41204,3.8771799058306446,"transport,muni,transit",muni_stops,True
muni_6383,Schwerin St&Garrison Ave Se-Mb/Sb,transport,0.3354225912612797,0.0,5.0,24.0,37.70916,-122.41193,3.8777841415897836,"transport,muni,transit",muni_stops,True
muni_6384,Schwerin St&Geneva Ave N-NS/PS,transport,0.1,0.0,0.0,24.0,37.70657,-122.41326,3.5,"muni,transit,stop",base_pois,False
biz_0324777-01-001,Scott Alley Associates Llc,restaurant,1.1412892670871004,32.895204518629804,8.0,22.0,37.789812,-122.3897715,3.882727596285047,"restaurant,food services,financial district/south beach",registered_businesses,False
biz_1354394-02-241,Sco’S,restaurant,1.8063987287958785,33.93863366009225,8.0,22.0,37.728468,-122.3939925,3.7479639882823137,"restaurant,food services,bayview hunters point",registered_businesses,False
rest_1184126-04-181,Scramble SF,restaurant,1.5,12.328522849437062,11.0,22.0,37.717686,-122.455962,4.2,"food,restaurant",base_pois,False
rest_1195106-07-181,Scullery Inc,restaurant,1.5,41.712314133085926,11.0,22.0,37.78641,-122.414535,4.2,"food,restaurant",base_pois,False
biz_1371471-09-241,Seal Rock,restaurant,1.610024508444912,18.16357072575827,8.0,22.0,37.779525,-122.509143,3.9235412044619706,"restaurant,food services,outer richmond",registered_businesses,False
rest_1227815-07-191,Secret Garden,restaurant,1.5,43.412037062149565,11.0,22.0,37.783395,-122.4190305,4.2,"food,restaurant",base_pois,False
biz_1120242-09-161,Seismic Coffee,restaurant,1.9028926876302834,46.66081523851726,8.0,22.0,37.792517985,-122.39738997,4.351572789027177,"restaurant,food services,financial district/south beach",registered_businesses,False
park_157,Selby & Palou Mini Park,park,1.5,0.0,6.0,22.0,37.73887303,-122.40039427,4.0,"park,Mini Park",base_pois,False
rest_1190933-06-181,Seniores Pizza,restaurant,1.5,49.112915453087155,11.0,22.0,37.77129,-122.413698,4.2,"food,restaurant",base_pois,False
biz_1376112-12-241,Senor Sisig,restaurant,1.2198900427350616,39.37536356771505,8.0,22.0,37.75716,-122.421492,4.387605888600894,"restaurant,food services,mission",registered_businesses,False
rest_0469110-02-001,Seoul Garden Restaurant,restaurant,1.5,12.80611436133656,11.0,22.0,37.785172005,-122.42870601,4.2,"food,restaurant",base_pois,False
rest_1268334-01-211,Seoulgood,restaurant,1.5,42.80729031021968,11.0,22.0,37.713897,-122.408658,4.2,"food,restaurant",base_pois,False
rest_1198799-08-181,"Set The Table, LLC",restaurant,1.5,43.014818108594156,11.0,22.0,37.727443008,-122.364784349,4.2,"food,restaurant",base_pois,False
rest_1231143-08-191,Seven Hills,restaurant,1.5,31.421488447760115,11.0,22.0,37.798128,-122.418585,4.2,"food,restaurant",base_pois,False
muni_8149,Seven Seas Ave & Johnson St W-Fs/Bb,transport,0.24631176522261158,0.0,5.0,24.0,37.821962,-122.372982,3.1939241474894344,"transport,muni,transit",muni_stops,True
muni_8121,Seven Seas St&Bruton St N-FS/SI,transport,0.1,0.0,0.0,24.0,37.81977,-122.371338,3.5,"muni,transit,stop",base_pois,False
park_73,Seward Mini Park,park,1.5,0.0,6.0,22.0,37.7576254,-122.44006548,4.0,"park,Mini Park",base_pois,False
biz_1217204-03-191,Sf Carts And Concessions,restaurant,1.7508363334364625,33.3395277615082,8.0,22.0,37.78747184,-122.407169952,4.256790699596866,"restaurant,food services,financial district/south beach",registered_businesses,False
biz_1233264-09-191,Sf Chapel,restaurant,1.5671093654887924,32.14904710567563,8.0,22.0,37.760571,-122.4211995,4.295207313209419,"restaurant,food services,mission",registered_businesses,False
biz_1196788-08-181,"Sf Food Park, Llc",restaurant,1.2200483204766077,45.0200158122139,8.0,22.0,37.777192532,-122.404138287,4.121932951348337,"restaurant,food services,south of market",registered_businesses,False
muni_6119,Sf General Hospital E-Mb/Bb,transport,0.2054242870942058,0.0,5.0,24.0,37.755413,-122.406472,3.311114820314868,"transport,muni,transit",muni_stops,True
biz_1179656-02-181,Sf Hole In The Wall Catering,restaurant,1.6186606119363176,46.28947004573897,8.0,22.0,37.763298,-122.477652,3.8930211123270393,"restaurant,food services,sunset/parkside",registered_businesses,False
biz_1302189-04-221,Sf Kitchen 307,restaurant,1.7445797595180337,33.90423499598768,8.0,22.0,37.756953,-122.3879895,4.271722779573151,"restaurant,food services,potrero hill",registered_businesses,False
rest_1335981-06-231,Sf Perritos Calientes,restaurant,1.5,12.436674540557135,11.0,22.0,37.760913,-122.4108585,4.2,"food,restaurant",base_pois,False
landmark_031,SFJAZZ Center,nightlife,2.510213862054761,35.0,20.0,2.0,37.7749,-122.4194,4.498841756943913,"jazz,music,nightlife,performing arts,venue",sf_landmarks_curated,False
sfo_3447,Sfo Bart Station - 497,airport,3.240899182395896,0.0,0.0,24.0,37.61632137500004,-122.39109162399996,4.62559185428383,"airport,airport (sfo)",sfo_facilities,False
sfo_3371,Sfo Offices / Cargo Building - 710,airport,3.563009463685497,0.0,0.0,24.0,37.62519083900003,-122.39982431799996,4.5895199967350235,"airport,airport (sfo)",sfo_facilities,False
park_123,Sgt. John Macaulay Park,park,1.5,0.0,6.0,22.0,37.78540076,-122.41819118,4.0,"park,Mini Park",base_pois,False
rest_0477454-01-001,Shanghai Dumpling King 2,restaurant,1.5,28.68829353412844,11.0,22.0,37.731816,-122.4509985,4.2,"food,restaurant",base_pois,False
park_10380,Sharp Park,park,1.5,0.0,6.0,22.0,37.62439947,-122.48190638,4.0,"park,Regional Park",base_pois,False
biz_1333810-05-231,Shaska Gourmet,restaurant,1.6425258878885334,46.243373310180864,8.0,22.0,37.748835,-122.4177345,4.177567307522096,"restaurant,food services,mission",registered_businesses,False
sfo_3370,Sheet Metal Shop  - 692,airport,3.349963404442562,0.0,0.0,24.0,37.62430012200008,-122.39976199799996,4.4617756412076055,"airport,airport (sfo)",sfo_facilities,False
biz_0434512-02-001,Shell Station,restaurant,1.2848075886498895,41.323550507663015,8.0,22.0,37.766124,-122.446467,4.067294542967589,"restaurant,food services,haight ashbury",registered_businesses,False
park_957480,Shipyard Parks,park,1.5,0.0,6.0,22.0,37.72763731,-122.36708736,4.0,"park,Neighborhood Park or Playground",base_pois,False
park_957232,Shoreview Park,park,1.5,0.0,6.0,22.0,37.73186263,-122.38106567,4.0,"park,Neighborhood Park or Playground",base_pois,False
rest_1308066-06-221,Shoshin Sushi,restaurant,1.5,11.65487757581775,11.0,22.0,37.782234,-122.485761,4.2,"food,restaurant",base_pois,False
biz_1246093-02-201,Shovels Bar,restaurant,1.278074039720023,48.5363359709767,8.0,22.0,37.782207,-122.4171,3.7987360052490193,"restaurant,food services,tenderloin",registered_businesses,False
sfo_3390,Shuttle Bus Vehicle Maintenance Building  - 790,airport,3.9627426142666233,0.0,0.0,24.0,37.632723562000024,-122.39839775099996,4.302916524216839,"airport,airport (sfo)",sfo_facilities,False
biz_1225021-06-191,Siam Kitchen,restaurant,1.4823760046291143,45.43879691385775,8.0,22.0,37.784115,-122.4034335,4.903162312059681,"restaurant,food services,financial district/south beach",registered_businesses,False
biz_1343680-09-231,Sidewalk Juice,restaurant,1.6104073194334734,43.218807207718626,8.0,22.0,37.7568,-122.4208215,4.424638820035654,"restaurant,food services,mission",registered_businesses,False
park_83,Sigmund Stern Recreation Grove,park,1.5,0.0,6.0,22.0,37.73609813,-122.47829483,4.0,"park,Regional Park",base_pois,False
sfo_3384,Signature Flight Support Maintenance Shop  - 1054A,airport,2.9758197733286615,0.0,0.0,24.0,37.62881197100006,-122.382926565,4.128124470059638,"airport,airport (sfo)",sfo_facilities,False
biz_1280564-06-211,Signy'S Pizza,restaurant,1.763019296776748,49.52951109408889,8.0,22.0,37.757214,-122.4194265,4.004891636338887,"restaurant,food services,mission",registered_businesses,False
muni_6399,Silver Ave&Cambridge St SE-FS/BZ,transport,0.1,0.0,0.0,24.0,37.729015,-122.419167,3.5,"muni,transit,stop",base_pois,False
muni_6407,Silver Ave&Gambier St Sw-Ns/Ps,transport,0.32024165003128974,0.0,5.0,24.0,37.728748,-122.422786,3.4697428960550063,"transport,muni,transit",muni_stops,True
muni_6408,Silver Ave&Holyoke St E-FS/PS,transport,0.1,0.0,0.0,24.0,37.730967,-122.410197,3.5,"muni,transit,stop",base_pois,False
muni_6418,Silver Ave&Princeton St S-NS/PS,transport,0.1,0.0,0.0,24.0,37.728827,-122.416269,3.5,"muni,transit,stop",base_pois,False
muni_6419,Silver Ave&Revere Ave S-NS/SB,transport,0.1,0.0,0.0,24.0,37.736316,-122.398624,3.5,"muni,transit,stop",base_pois,False
muni_6421,Silver Ave&San Bruno Ave S-NS/BZ,transport,0.1,0.0,0.0,24.0,37.73241,-122.405672,3.5,"muni,transit,stop",base_pois,False
muni_6422,Silver Ave&San Bruno Ave W-Fs/Bz,transport,0.22376502257849298,0.0,5.0,24.0,37.732446,-122.405683,3.4010891114684996,"transport,muni,transit",muni_stops,True
rest_1096069-08-161,Silver Cloud,restaurant,1.5,37.9535902534409,11.0,22.0,37.800378,-122.4343125,4.2,"food,restaurant",base_pois,False
rest_1356801-03-241,Silver Spoon Indian And Himalayan Cuisine,restaurant,1.5,18.246641904563415,11.0,22.0,37.78254,-122.4679905,4.2,"food,restaurant",base_pois,False
park_39,Silver Terrace Playground,park,1.5,0.0,6.0,22.0,37.73287274,-122.4031744,4.0,"park,Neighborhood Park or Playground",base_pois,False
rest_1144371-04-171,Sip Tea Room,restaurant,1.5,41.97368029059364,11.0,22.0,37.765692,-122.465817,4.2,"food,restaurant",base_pois,False
biz_1315523-10-221,Sisterita,restaurant,1.0935829453383727,42.642103495801166,8.0,22.0,37.793952,-122.4041445,3.9743733733891773,"restaurant,food services,chinatown",registered_businesses,False
biz_1316459-10-221,Sisterita,restaurant,1.2530347499296837,42.71849343229155,8.0,22.0,37.794063122,-122.404166588,4.196765307974103,"restaurant,food services,chinatown",registered_businesses,False
muni_6433,Skyline Blvd&Sloat Blvd SE-NS/PS,transport,0.1,0.0,0.0,24.0,37.733693,-122.49667,3.5,"muni,transit,stop",base_pois,False
muni_6428,Skyview Way&Gladeview Dr NW-NS/SB,transport,0.1,0.0,0.0,24.0,37.749942,-122.450335,3.5,"muni,transit,stop",base_pois,False
biz_1337445-07-231,Slice With Spice,restaurant,1.4979982907931566,25.6510291731282,8.0,22.0,37.73682,-122.40531,4.476235122239432,"restaurant,food services,bayview hunters point",registered_businesses,False
muni_6435,Sloat Blvd&19th Ave NE-NS/BZ,transport,0.1,0.0,0.0,24.0,37.73478,-122.474493,3.5,"muni,transit,stop",base_pois,False
muni_6437,Sloat Blvd&21St Ave Nw-Fs/Bz,transport,0.3042821444211615,0.0,5.0,24.0,37.734752,-122.47738,3.1087179013748996,"transport,muni,transit",muni_stops,True
muni_6446,Sloat Blvd&41st Ave N-FS/BZ,transport,0.1,0.0,0.0,24.0,37.734567,-122.499294,3.5,"muni,transit,stop",base_pois,False
muni_6451,Sloat Blvd&45th Ave SE-FS/BZ,transport,0.1,0.0,0.0,24.0,37.735368,-122.502777,3.5,"muni,transit,stop",base_pois,False
muni_7208,Sloat Blvd&47th Ave SE-FS/BZ,transport,0.1,0.0,0.0,24.0,37.735394,-122.50493,3.5,"muni,transit,stop",base_pois,False
muni_6460,Sloat Blvd&Paraiso Pl NE-NS/BZ,transport,0.1,0.0,0.0,24.0,37.734555,-122.482237,3.5,"muni,transit,stop",base_pois,False
muni_6461,Sloat Blvd&Skyline Blvd SW-FS/BZ,transport,0.1,0.0,0.0,24.0,37.733681,-122.496492,3.5,"muni,transit,stop",base_pois,False
muni_6463,Sloat Blvd&Vale Ave Ne-Ns/Bz,transport,0.3692938415947291,0.0,5.0,24.0,37.734483,-122.483955,3.5538359483221873,"transport,muni,transit",muni_stops,True
rest_1398459-09-251,Smashin' Sandos,restaurant,1.5,40.42364402302205,11.0,22.0,37.724440171,-122.394464092,4.2,"food,restaurant",base_pois,False
rest_1151113-06-171,Snow,restaurant,1.5,36.72943936442078,11.0,22.0,37.766511,-122.42988,4.2,"food,restaurant",base_pois,False
biz_1196206-07-181,"Soaring Food Group, Llc",restaurant,1.1881042281213512,30.556665418103368,8.0,22.0,37.892616018,-122.270562966,3.969130055016674,"restaurant,food services,nan",registered_businesses,False
biz_1251580-05-201,Soma Krispy Krunchy Chicken,restaurant,1.6558728609828406,20.974201688149154,8.0,22.0,37.776582,-122.4026145,4.318782016837003,"restaurant,food services,south of market",registered_businesses,False
rest_1209191-01-191,Soma Sushi,restaurant,1.5,34.042099802576935,11.0,22.0,37.781523,-122.3989605,4.2,"food,restaurant",base_pois,False
park_957228,SOMA West Dog Park,park,1.5,0.0,6.0,22.0,37.7704551,-122.42200356,4.0,"park,Neighborhood Park or Playground",base_pois,False
park_957229,SOMA West Skate Park,park,1.5,0.0,6.0,22.0,37.77018778,-122.42104261,4.0,"park,Neighborhood Park or Playground",base_pois,False
biz_1170741-12-171,Somos Coffee Llc,restaurant,1.6428037643335816,46.23628286653385,8.0,22.0,37.726596,-122.3656245,3.725546375025056,"restaurant,food services,bayview hunters point",registered_businesses,False
rest_1322536-01-231,Sonoma County Meat Company,restaurant,1.5,19.75622351636756,11.0,22.0,37.783308481,-122.432837246,4.2,"food,restaurant",base_pois,False
rest_1338955-07-231,Soo Fong Restaurant,restaurant,1.5,38.16214151824043,11.0,22.0,37.741941,-122.387445,4.2,"food,restaurant",base_pois,False
rest_0938813-02-001,Sotano Grill,restaurant,1.5,24.78698732899499,11.0,22.0,37.789956,-122.408613,4.2,"food,restaurant",base_pois,False
muni_6471,South Hill Blvd&Rolph St E-NS/PS,transport,0.1,0.0,0.0,24.0,37.711234,-122.431771,3.5,"muni,transit,stop",base_pois,False
park_56,South Park,park,1.5,0.0,6.0,22.0,37.78158458,-122.39396542,4.0,"park,Neighborhood Park or Playground",base_pois,False
park_85,South Sunset Playground,park,1.5,0.0,6.0,22.0,37.73738883,-122.49843918,4.0,"park,Neighborhood Park or Playground",base_pois,False
biz_1260507-09-201,Southernsmoke,restaurant,1.8666088321536725,43.857051708583626,8.0,22.0,37.798110918,-122.404976674,3.887735007330487,"restaurant,food services,north beach",registered_businesses,False
biz_1215713-03-191,Sowl Bowls Thai Street Food,restaurant,1.6838446843340766,41.498274225632784,8.0,22.0,37.780218,-122.4082485,4.093108908851969,"restaurant,food services,south of market",registered_businesses,False
biz_1368778-08-241,Soy Lunch,restaurant,1.0350907659228081,48.911419617517794,8.0,22.0,37.746414,-122.4938835,3.9587468188051225,"restaurant,food services,sunset/parkside",registered_businesses,False
muni_7994,Spear St&Mission St SW-FS/BZ,transport,0.1,0.0,0.0,24.0,37.792437,-122.394047,3.5,"muni,transit,stop",base_pois,False
rest_1268211-01-211,"Specialty's 100 California, LLC",restaurant,1.5,11.237538036503446,11.0,22.0,37.793952,-122.398074,4.2,"food,restaurant",base_pois,False
rest_1358853-04-241,Spice24,restaurant,1.5,37.989436511189055,11.0,22.0,37.752705,-122.414715,4.2,"food,restaurant",base_pois,False
rest_1275891-04-211,"Spro Mission Dolores, LLC",restaurant,1.5,16.698139946825105,11.0,22.0,37.762704,-122.4287415,4.2,"food,restaurant",base_pois,False
rest_1274101-04-211,Spro,restaurant,1.5,31.006302461568744,11.0,22.0,37.771594,-122.388589,4.2,"food,restaurant",base_pois,False
biz_1297266-02-221,Square Pie Guys,restaurant,1.7868913814500278,46.23362526739736,8.0,22.0,37.779444,-122.410242,4.334074242295223,"restaurant,food services,south of market",registered_businesses,False
rest_0355595-01-001,St Francis Fountain,restaurant,1.5,27.360604915317815,11.0,22.0,37.752651,-122.4083565,4.2,"food,restaurant",base_pois,False
park_31,St. Mary's Rec Center,park,1.5,0.0,6.0,22.0,37.73367487,-122.42067123,4.0,"park,Neighborhood Park or Playground",base_pois,False
park_136,St. Mary's Square,park,1.5,0.0,6.0,22.0,37.79197897,-122.40512268,4.0,"park,Civic Plaza or Square",base_pois,False
rest_1128793-11-161,St. Regis Lobby Lounge,restaurant,1.5,44.02653143927617,11.0,22.0,37.786041,-122.401467,4.2,"food,restaurant",base_pois,False
rest_1243882-01-201,Stanley's Steamers Hot Dogs,restaurant,1.5,18.41993211039463,11.0,22.0,37.78785,-122.4052785,4.2,"food,restaurant",base_pois,False
muni_6478,Stanyan St&Frederick St NE-FS/BZ,transport,0.1,0.0,0.0,24.0,37.766449,-122.452914,3.5,"muni,transit,stop",base_pois,False
muni_6480,Stanyan St&Hayes St Se-Ns/Bz,transport,0.252507428427578,0.0,5.0,24.0,37.772819,-122.454186,3.333496046509901,"transport,muni,transit",muni_stops,True
biz_1012328-11-141,Stanza,restaurant,1.1526901338414208,35.4737250672949,8.0,22.0,37.769382,-122.4500625,4.259597093709356,"restaurant,food services,haight ashbury",registered_businesses,False
biz_1137393-02-171,Starbucks Coffee#28986,restaurant,1.014124733476824,46.32287138910631,8.0,22.0,37.782081,-122.4465885,4.114461777316988,"restaurant,food services,lone mountain/usf",registered_businesses,False
rest_1360482-05-241,Start & Save Market,restaurant,1.5,14.140260937892364,11.0,22.0,37.783557,-122.41449,4.2,"food,restaurant",base_pois,False
rest_0458910-01-001,State Bird Provisions,restaurant,1.5,47.29280321229245,11.0,22.0,37.783665,-122.4330885,4.2,"food,restaurant",base_pois,False
park_200,States Street Playground,park,1.5,0.0,6.0,22.0,37.76379644,-122.43786447,4.0,"park,Neighborhood Park or Playground",base_pois,False
rest_1159871-09-171,Steap Tea Bar,restaurant,1.5,47.18994801460186,11.0,22.0,37.793169,-122.406534,4.2,"food,restaurant",base_pois,False
muni_6489,Steiner St&Sacramento St SE-NS/SB,transport,0.1,0.0,0.0,24.0,37.789329,-122.435556,3.5,"muni,transit,stop",base_pois,False
muni_6490,Steiner St&Union St SE-NS/SB,transport,0.1,0.0,0.0,24.0,37.796785,-122.437054,3.5,"muni,transit,stop",base_pois,False
biz_0398393-01-001,Stellas Cuisine,restaurant,1.8409444672987796,41.277520957908806,8.0,22.0,37.722231,-122.3923995,4.088448683913184,"restaurant,food services,bayview hunters point",registered_businesses,False
rest_1377758-01-251,Steps Of Rome Trattoria,restaurant,1.5,23.03132152468217,11.0,22.0,37.798884,-122.408568,4.2,"food,restaurant",base_pois,False
muni_6509,Still St&Lyell St Ne-Ns/Ps,transport,0.33739906149632737,0.0,5.0,24.0,37.731823,-122.431509,3.4744169756416685,"transport,muni,transit",muni_stops,True
muni_6513,Stockton St&Columbus Ave Sw-Fs/Bz,transport,0.35612564192296847,0.0,5.0,24.0,37.799277,-122.40905,3.710984767722889,"transport,muni,transit",muni_stops,True
muni_6515,Stockton St&Filbert St NW-NS/PS,transport,0.1,0.0,0.0,24.0,37.801419,-122.409461,3.5,"muni,transit,stop",base_pois,False
muni_6521,Stockton St&Pacific Ave W-Mb/Bb,transport,0.3138728421397421,0.0,5.0,24.0,37.79716,-122.40862,3.326335161655285,"transport,muni,transit",muni_stops,True
muni_6522,Stockton St&Sacramento St W-MB/BB,transport,0.1,0.0,0.0,24.0,37.79348,-122.40788,3.5,"muni,transit,stop",base_pois,False
muni_6524,Stockton St&Sutter St Nw-Ns/Bb,transport,0.363631717010549,0.0,5.0,24.0,37.78997,-122.40716,3.4117259171455485,"transport,muni,transit",muni_stops,True
biz_1346903-11-231,Stonemill Matcha,restaurant,1.96977157883101,44.67593025997472,8.0,22.0,37.764018,-122.421519,4.000298563776755,"restaurant,food services,mission",registered_businesses,False
biz_1314452-09-221,Stonestown Farmers Market,restaurant,1.2720451891776694,22.722846621645406,8.0,22.0,37.729764,-122.4788445,4.291371836259627,"restaurant,food services,lakeshore",registered_businesses,False
biz_1274107-04-211,Stonestown Farmers' Market,restaurant,1.6724395722167902,36.897681372107684,8.0,22.0,37.729764,-122.4788445,4.601370845698491,"restaurant,food services,lakeshore",registered_businesses,False
rest_1151722-06-171,Subnation Subs,restaurant,1.5,47.32486728096826,11.0,22.0,37.769841,-122.44644,4.2,"food,restaurant",base_pois,False
rest_1161308-09-171,Subway #51109,restaurant,1.5,40.81116609220902,11.0,22.0,37.779362138,-122.392074615,4.2,"food,restaurant",base_pois,False
biz_1150662-06-171,Subway Sandwiches 67223,restaurant,1.5654659162762377,12.257751940662661,8.0,22.0,37.805859,-122.4128205,4.552829246469178,"restaurant,food services,north beach",registered_businesses,False
park_143,Sue Bierman Park,park,1.5,0.0,6.0,22.0,37.79592351,-122.39657354,4.0,"park,Neighborhood Park or Playground",base_pois,False
rest_0413223-01-001,Suede,restaurant,1.5,40.53540840089612,11.0,22.0,37.8054,-122.4133425,4.2,"food,restaurant",base_pois,False
rest_1310275-07-221,Suga Bros,restaurant,1.5,13.653784631991336,11.0,22.0,37.776956358,-122.402647176,4.2,"food,restaurant",base_pois,False
biz_1254533-06-201,Summer Sky Pastry,restaurant,1.1375563474932113,20.92392591371271,8.0,22.0,37.74654,-122.488056,4.358094048141449,"restaurant,food services,sunset/parkside",registered_businesses,False
rest_1193459-06-181,Sumo,restaurant,1.5,41.33769773069263,11.0,22.0,37.76238,-122.4665865,4.2,"food,restaurant",base_pois,False
biz_1315390-10-221,Sunday Bakeshop,restaurant,1.909796622733234,28.532507080764784,8.0,22.0,37.75968,-122.388246,4.474797888886953,"restaurant,food services,potrero hill",registered_businesses,False
biz_1134650-01-171,Sunflower Garden Restaurant,restaurant,1.5221414472090018,23.176116541641875,8.0,22.0,37.762821,-122.465907,4.404835774264937,"restaurant,food services,inner sunset",registered_businesses,False
muni_6569,Sunnydale Ave&Bayshore Blvd NW-FS,transport,0.1,0.0,0.0,24.0,37.70901,-122.40545,3.5,"muni,transit,stop",base_pois,False
muni_7297,Sunnydale Ave&Bayshore Blvd Sw-Ns,transport,0.3117796970183916,0.0,5.0,24.0,37.708801,-122.40525,3.686083397187419,"transport,muni,transit",muni_stops,True
muni_6582,Sunnydale Ave&Schwerin St SW-NS,transport,0.1,0.0,0.0,24.0,37.71059,-122.4115,3.5,"muni,transit,stop",base_pois,False
muni_6584,Sunnydale Ave&Talbert St W-NS/PS,transport,0.1,0.0,0.0,24.0,37.70935,-122.407,3.5,"muni,transit,stop",base_pois,False
park_180,Sunnyside Conservatory,park,1.5,0.0,6.0,22.0,37.73192942,-122.44078012,4.0,"park,Mini Park",base_pois,False
park_67,Sunnyside Playground,park,1.5,0.0,6.0,22.0,37.7336695,-122.44747289,4.0,"park,Neighborhood Park or Playground",base_pois,False
biz_1260495-09-201,"Sunset Artisan, Llc Dba: Hot Johnnie'S",restaurant,1.4320904235794891,19.53849889950146,8.0,22.0,37.760706,-122.434461,4.2740957550291885,"restaurant,food services,castro/upper market",registered_businesses,False
muni_6529,Sunset Blvd&Judah St SW-FS/SB,transport,0.1,0.0,0.0,24.0,37.760658,-122.4959,3.5,"muni,transit,stop",base_pois,False
muni_6535,Sunset Blvd&Lawton St SW-FS/SB,transport,0.1,0.0,0.0,24.0,37.756877,-122.49565,3.5,"muni,transit,stop",base_pois,False
muni_6542,Sunset Blvd&Ocean Ave Se-Ns/Sb,transport,0.26488678781543756,0.0,5.0,24.0,37.73183,-122.493622,3.196050425372781,"transport,muni,transit",muni_stops,True
muni_6548,Sunset Blvd&Quintara St SW-FS/SB,transport,0.1,0.0,0.0,24.0,37.747711,-122.494949,3.5,"muni,transit,stop",base_pois,False
park_163,Sunset Dunes,park,1.5,0.0,6.0,22.0,37.75103138,-122.50862838,4.0,"park,Parkway",base_pois,False
park_93,Sunset Rec Center,park,1.5,0.0,6.0,22.0,37.75659386,-122.48685659,4.0,"park,Neighborhood Park or Playground",base_pois,False
biz_0485634-01-001,Sunset Reservoir Brewing Co,restaurant,1.9829871715359069,26.050316048736924,8.0,22.0,37.753731,-122.482395,4.259650197732111,"restaurant,food services,sunset/parkside",registered_businesses,False
biz_1204117-10-181,Superstar Delivery,restaurant,1.9451482876707726,17.497057510446368,8.0,22.0,37.922523989,-122.32047896,4.161187509548803,"restaurant,food services,nan",registered_businesses,False
biz_1262698-10-201,Sushi Hakko,restaurant,1.5286624185631104,18.78472155395988,8.0,22.0,37.797354,-122.435172,4.3050807074440325,"restaurant,food services,marina",registered_businesses,False
biz_1190540-05-181,Sushi Shoh,restaurant,1.4200835653027917,33.96864992719194,8.0,22.0,37.747395,-122.459535,4.257668075595157,"restaurant,food services,west of twin peaks",registered_businesses,False
biz_1159603-08-171,Sushi Zone,restaurant,1.051749745603885,33.295022358995354,8.0,22.0,37.771326,-122.423832,4.3240301770221965,"restaurant,food services,mission",registered_businesses,False
biz_1016071-01-151,Sushirrito,restaurant,1.4672733678923344,39.472756869082694,8.0,22.0,37.792197,-122.3980875,4.1019434967699295,"restaurant,food services,financial district/south beach",registered_businesses,False
landmark_020,Sutro Baths,landmark,0.8646545988237584,0.0,6.0,22.0,37.78,-122.5092,4.667519810550547,"landmark,ruins,ocean,scenic,history",sf_landmarks_curated,False
muni_6590,Sutter St&Divisadero St SE-FS/BZ,transport,0.1,0.0,0.0,24.0,37.785259,-122.43943,3.5,"muni,transit,stop",base_pois,False
muni_6596,Sutter St&Kearny St NW-FS/BZ,transport,0.1,0.0,0.0,24.0,37.789818,-122.404378,3.5,"muni,transit,stop",base_pois,False
muni_6604,Sutter St&Powell St NW-FS/BZ,transport,0.1,0.0,0.0,24.0,37.789266,-122.408677,3.5,"muni,transit,stop",base_pois,False
muni_6605,Sutter St&Presidio Ave Se-Fs/Bz,transport,0.39735997667493617,0.0,5.0,24.0,37.784383,-122.446175,3.3466143601777123,"transport,muni,transit",muni_stops,True
muni_6606,Sutter St&Sansome St NW-FS/BZ,transport,0.1,0.0,0.0,24.0,37.790298,-122.400674,3.5,"muni,transit,stop",base_pois,False
muni_6609,Sutter St&Steiner St NE-NS/BZ,transport,0.1,0.0,0.0,24.0,37.785942,-122.434793,3.5,"muni,transit,stop",base_pois,False
muni_6610,Sutter St&Steiner St Sw-Ns/Bz,transport,0.3849300620057,0.0,5.0,24.0,37.785794,-122.435028,3.25975091451892,"transport,muni,transit",muni_stops,True
muni_6612,Sutter St&Taylor St Nw-Fs/Bz,transport,0.28770791625756664,0.0,5.0,24.0,37.788857,-122.411956,4.317756530553647,"transport,muni,transit",muni_stops,True
rest_0349559-01-001,Sweet Art By Jennifer,restaurant,1.5,27.328760680273,11.0,22.0,37.718577,-122.44185,4.2,"food,restaurant",base_pois,False
biz_1368002-08-241,Sweet Time,restaurant,1.915396937089632,34.31402415140923,8.0,22.0,37.775601,-122.4945045,4.44399748745396,"restaurant,food services,outer richmond",registered_businesses,False
rest_1217509-04-191,Sweetgreen Soma Cloud Kitchen,restaurant,1.5,24.738935777461894,11.0,22.0,37.776582,-122.4026145,4.2,"food,restaurant",base_pois,False
rest_1092105-08-161,Sweetgreen Soma,restaurant,1.5,21.42573796346602,11.0,22.0,37.787292,-122.398515,4.2,"food,restaurant",base_pois,False
biz_0336094-01-001,Sweeties Llc,restaurant,1.1673649996441793,38.262383621640566,8.0,22.0,37.804518,-122.41287,4.123893309285833,"restaurant,food services,north beach",registered_businesses,False
sfo_3351,Swissport - 602,airport,3.6903619463782045,0.0,0.0,24.0,37.61824067300006,-122.39778967599996,4.286845265086514,"airport,airport (sfo)",sfo_facilities,False
biz_0947951-01-001,T C Pastry,restaurant,1.1819429552767526,39.48458262268858,8.0,22.0,37.763604,-122.481918,4.116469816654923,"restaurant,food services,sunset/parkside",registered_businesses,False
rest_1281768-07-211,T Phoenix,restaurant,1.5,19.16011845137608,11.0,22.0,37.783017,-122.468373,4.2,"food,restaurant",base_pois,False
rest_1030859-06-151,Taboon,restaurant,1.5,26.469905302196743,11.0,22.0,37.780326,-122.408289,4.2,"food,restaurant",base_pois,False
rest_1357025-03-241,Taco Fuel El Rapidito,restaurant,1.5,12.090576586022415,11.0,22.0,37.732095,-122.4039555,4.2,"food,restaurant",base_pois,False
rest_1241054-12-191,Tacorea,restaurant,1.5,11.145300735359735,11.0,22.0,37.797809022,-122.407427764,4.2,"food,restaurant",base_pois,False
biz_1360121-05-241,Tacos Aguilar,restaurant,1.0613040657734423,21.78536224973253,8.0,22.0,37.73682,-122.40531,3.755908090288445,"restaurant,food services,bayview hunters point",registered_businesses,False
biz_1379348-01-251,Tacos El Shaddai,restaurant,1.0310841800080304,40.449829395784974,8.0,22.0,37.73889,-122.404689,4.08147988165841,"restaurant,food services,bayview hunters point",registered_businesses,False
rest_1195245-07-181,Tacos Lol-Tun,restaurant,1.5,10.51657917014399,11.0,22.0,37.725246,-122.388309,4.2,"food,restaurant",base_pois,False
biz_1247528-02-201,Tacos Nopalito,restaurant,1.2851224004151889,32.685491009704585,8.0,22.0,37.761714,-122.4254205,4.253825657485378,"restaurant,food services,mission",registered_businesses,False
biz_1343578-09-231,Tajines,restaurant,1.6200809066532622,26.00099834626814,8.0,22.0,37.799856,-122.4080235,4.175284221009429,"restaurant,food services,north beach",registered_businesses,False
biz_0471731-01-001,Takara Sushi S.F. Inc,restaurant,1.9940777724523784,12.079980737084606,8.0,22.0,37.760589,-122.4368595,4.1617435309484465,"restaurant,food services,castro/upper market",registered_businesses,False
biz_1285937-09-211,Taksim,restaurant,1.8125077690501659,23.775659626241485,8.0,22.0,37.778598,-122.3974035,4.191330187495352,"restaurant,food services,south of market",registered_businesses,False
rest_1140653-03-171,Tamalitos Catering,restaurant,1.5,36.003956456498095,11.0,22.0,37.750176,-122.414211,4.2,"food,restaurant",base_pois,False
rest_1075552-06-161,Tancca LLC,restaurant,1.5,16.16308969927533,11.0,22.0,37.780416,-122.4731475,4.2,"food,restaurant",base_pois,False
rest_1366554-07-241,Tandoori Life Catering,restaurant,1.5,49.97732236291819,11.0,22.0,37.745613,-122.398875,4.2,"food,restaurant",base_pois,False
biz_0440269-01-001,Tanguito,restaurant,1.1158988653192494,39.892651908307975,8.0,22.0,37.807281,-122.4171855,4.132276593232266,"restaurant,food services,north beach",registered_businesses,False
park_76,Tank Hill,park,1.5,0.0,6.0,22.0,37.7599425,-122.44768322,4.0,"park,Neighborhood Park or Playground",base_pois,False
biz_0941413-04-001,Taqueria El Buen Sabor #2,restaurant,1.5940959869511877,17.456750006603,8.0,22.0,37.711920535,-122.405530232,4.555406744520552,"restaurant,food services,visitacion valley",registered_businesses,False
biz_0941413-01-001,Taqueria El Buen Sabor,restaurant,1.2508528916551223,22.24912216901091,8.0,22.0,37.761858,-122.42133,3.6451314353442372,"restaurant,food services,mission",registered_businesses,False
biz_1164184-10-171,Taqueria Gonzalez,restaurant,1.4313596028715074,42.993545750571386,8.0,22.0,37.729845,-122.4042435,3.8634846680387533,"restaurant,food services,portola",registered_businesses,False
biz_1153831-07-171,Taqueria Gonzalez,restaurant,1.4806091484927877,41.66962163563406,8.0,22.0,37.730337712,-122.386219396,4.5261284242788875,"restaurant,food services,bayview hunters point",registered_businesses,False
biz_1338949-07-231,Taqueria La Laguna,restaurant,1.4382383570875734,12.094272814594289,8.0,22.0,37.805508,-122.4319545,4.325271358155617,"restaurant,food services,marina",registered_businesses,False
biz_1396839-08-251,Taqueria San Jose,restaurant,1.3552178341211998,30.75127625245414,8.0,22.0,37.751598,-122.4180495,4.009140170672335,"restaurant,food services,mission",registered_businesses,False
rest_1278308-05-211,Taqueria San Marcos,restaurant,1.5,27.342530097608122,11.0,22.0,37.736523,-122.3917515,4.2,"food,restaurant",base_pois,False
biz_0363055-01-001,Taraval Okazu Ya,restaurant,1.8820777094381045,43.696842957069656,8.0,22.0,37.7424,-122.4848835,4.4385870822729245,"restaurant,food services,sunset/parkside",registered_businesses,False
muni_6623,Taraval St&26th Ave SW-NS/SI,transport,0.1,0.0,0.0,24.0,37.742683,-122.483385,3.5,"muni,transit,stop",base_pois,False
muni_6629,Taraval St&32Nd Ave Sw-Ns/Si,transport,0.3309195841436735,0.0,5.0,24.0,37.742402,-122.489801,3.637586275351222,"transport,muni,transit",muni_stops,True
muni_6632,Taraval St&40th Ave NE-NS/SI,transport,0.1,0.0,0.0,24.0,37.742124,-122.498055,3.5,"muni,transit,stop",base_pois,False
muni_6638,Taraval St&46Th Ave Ne-Ns/Si,transport,0.3353617016469283,0.0,5.0,24.0,37.741823,-122.50449,3.3329063291751164,"transport,muni,transit",muni_stops,True
rest_1252666-05-201,Tarragon Cafe LLC,restaurant,1.5,28.293473810966923,11.0,22.0,37.771416,-122.4301365,4.2,"food,restaurant",base_pois,False
biz_1229011-07-191,Tart Investment,restaurant,1.412258596464075,37.306791253278575,8.0,22.0,37.763064,-122.4828405,4.319258781806615,"restaurant,food services,sunset/parkside",registered_businesses,False
biz_1370843-09-241,"Taste Catering, A California General Partnership",restaurant,1.3278420388534418,48.121811225586136,8.0,22.0,37.593998018,-122.371037007,4.357951174802983,"restaurant,food services,nan",registered_businesses,False
rest_1345949-11-231,Taste Of Old Street,restaurant,1.5,47.24103664128436,11.0,22.0,37.780767,-122.476806,4.2,"food,restaurant",base_pois,False
rest_1185941-04-181,Tastebuds,restaurant,1.5,11.83533228880319,11.0,22.0,37.777158,-122.4627075,4.2,"food,restaurant",base_pois,False
rest_0925008-03-001,Taste,restaurant,1.5,20.764407238623292,11.0,22.0,37.74519,-122.387373,4.2,"food,restaurant",base_pois,False
biz_1116497-09-161,Tasty Pot,restaurant,1.780838354519048,48.64187482873204,8.0,22.0,37.78254,-122.4679905,4.443454767929327,"restaurant,food services,inner richmond",registered_businesses,False
biz_1202069-10-181,Tasty Restraunt,restaurant,1.2458755870050586,42.545731382181344,8.0,22.0,37.671736985,-122.485693983,4.483172455129897,"restaurant,food services,nan",registered_businesses,False
muni_6645,Taylor St&Columbus Ave Nw-Ns,transport,0.16238373551671895,0.0,5.0,24.0,37.803758,-122.414998,3.489520504456307,"transport,muni,transit",muni_stops,True
biz_0479226-01-001,Taylor Street Coffee Shop,restaurant,1.7640760534212905,33.78868373325839,8.0,22.0,37.785663,-122.411412,4.304092037034739,"restaurant,food services,tenderloin",registered_businesses,False
rest_1150355-06-171,Taylor's Tea Service,restaurant,1.5,15.944336637564518,11.0,22.0,37.726596,-122.3656245,4.2,"food,restaurant",base_pois,False
biz_1362116-05-241,Tea Rex,restaurant,1.237535672052259,10.08617257133752,8.0,22.0,37.741671,-122.4227385,4.077114793460709,"restaurant,food services,bernal heights",registered_businesses,False
biz_1178384-02-181,Teapenter,restaurant,1.5629659113348886,46.499624529139474,8.0,22.0,37.763937,-122.474313,3.902902786350433,"restaurant,food services,inner sunset",registered_businesses,False
park_149,Telegraph Hill - Pioneer Park,park,1.5,0.0,6.0,22.0,37.80279531,-122.40585296,4.0,"park,Civic Plaza or Square",base_pois,False
landmark_042,Temple Nightclub,nightlife,3.9564088615291224,35.0,20.0,2.0,37.7749,-122.4094,4.189561117780402,"club,electronic,nightlife,dancing,venue",sf_landmarks_curated,False
park_168,Tenderloin Rec Center,park,1.5,0.0,6.0,22.0,37.78480948,-122.41541208,4.0,"park,Neighborhood Park or Playground",base_pois,False
biz_1240867-12-191,Teranga Foods,restaurant,1.336986618866801,41.3064652595032,8.0,22.0,37.750176,-122.414211,4.087927556588942,"restaurant,food services,mission",registered_businesses,False
muni_6662,Teresita Blvd&Bella Vista Way NW-NS,transport,0.1,0.0,0.0,24.0,37.7377,-122.446634,3.5,"muni,transit,stop",base_pois,False
muni_6665,Teresita Blvd&Evelyn Way W-NS/SB,transport,0.1,0.0,0.0,24.0,37.743063,-122.451182,3.5,"muni,transit,stop",base_pois,False
muni_6666,Teresita Blvd&Foerster St N-NS/SB,transport,0.1,0.0,0.0,24.0,37.735693,-122.446462,3.5,"muni,transit,stop",base_pois,False
muni_6667,Teresita Blvd&Foerster St Ne-Ns/Ps,transport,0.22148123720923565,0.0,5.0,24.0,37.734345,-122.448776,3.696771110524551,"transport,muni,transit",muni_stops,True
muni_6668,Teresita Blvd&Foerster St Se-Ns/Sb,transport,0.383028362092793,0.0,5.0,24.0,37.735523,-122.446325,3.4952543500797844,"transport,muni,transit",muni_stops,True
muni_6670,Teresita Blvd&Gaviota Way Ne-Ns/Sb,transport,0.22591128363453333,0.0,5.0,24.0,37.739895,-122.447734,3.247988032281493,"transport,muni,transit",muni_stops,True
muni_6675,Teresita Blvd&Marietta Dr Ne-Fs/Sb,transport,0.17680271146503515,0.0,5.0,24.0,37.737477,-122.446336,3.545597303680969,"transport,muni,transit",muni_stops,True
muni_6677,Teresita Blvd&Portola Dr E-NS/PS,transport,0.1,0.0,0.0,24.0,37.745079,-122.452099,3.5,"muni,transit,stop",base_pois,False
sfo_3412,Terminal 1 - 200,airport,3.134083125818906,0.0,0.0,24.0,37.61500175500004,-122.38452994099998,4.909281974239954,"airport,airport (sfo)",sfo_facilities,False
sfo_3433,Terminal 1 Elevated Walkway - 200A,airport,2.73054153561149,0.0,0.0,24.0,37.61492558300006,-122.38556742099996,4.137334025191713,"airport,airport (sfo)",sfo_facilities,False
sfo_3416,Terminal 3 - 400,airport,2.7506520195489017,0.0,0.0,24.0,37.61778995800006,-122.387639176,4.204714376929306,"airport,airport (sfo)",sfo_facilities,False
rest_0381164-01-001,Thai Chef 2,restaurant,1.5,38.39322145736561,11.0,22.0,37.760652,-122.435793,4.2,"food,restaurant",base_pois,False
rest_1159092-08-171,Thai Idea Vegetarian,restaurant,1.5,29.454238896783327,11.0,22.0,37.783395,-122.4190305,4.2,"food,restaurant",base_pois,False
rest_1274675-04-211,Thai Spice Restaurant,restaurant,1.5,21.314748789741515,11.0,22.0,37.792827,-122.421015,4.2,"food,restaurant",base_pois,False
biz_1259155-09-201,That'S Amore Sf,restaurant,1.0533346417074276,36.7100348323615,8.0,22.0,37.725039,-122.4625095,4.057216021410066,"restaurant,food services,west of twin peaks",registered_businesses,False
rest_1207370-12-181,The Bagel Bakery Cafe,restaurant,1.5,45.60327668721843,11.0,22.0,37.780245,-122.4769725,4.2,"food,restaurant",base_pois,False
biz_1025264-04-151,The Barrel Room,restaurant,1.28486469044389,24.831209094440542,8.0,22.0,37.794267,-122.4016605,4.285110110875387,"restaurant,food services,chinatown",registered_businesses,False
rest_1278937-05-211,The Bite,restaurant,1.5,32.697178041019356,11.0,22.0,37.78128,-122.4087165,4.2,"food,restaurant",base_pois,False
rest_0397955-02-001,The Boardroom,restaurant,1.5,18.566142840923757,11.0,22.0,37.799478,-122.410944,4.2,"food,restaurant",base_pois,False
landmark_040,The Chapel,nightlife,2.4884100015317765,25.0,20.0,2.0,37.7575,-122.4214,4.365584355774244,"venue,music,concert,nightlife,mission",sf_landmarks_curated,False
rest_1259165-09-201,The Codmother Fish & Chips,restaurant,1.5,12.780221066008139,11.0,22.0,37.807272,-122.417028,4.2,"food,restaurant",base_pois,False
biz_1386173-04-251,The Coffeesmith,restaurant,1.5861093839143665,20.540373602543998,8.0,22.0,37.781712,-122.4179775,4.662615808460939,"restaurant,food services,tenderloin",registered_businesses,False
rest_0161146-03-001,The Daily Habit,restaurant,1.5,31.77145173878281,11.0,22.0,37.795687,-122.398844,4.2,"food,restaurant",base_pois,False
biz_1254036-06-201,The Damel Sfo,restaurant,1.8831268820359235,27.811559119387532,8.0,22.0,37.73682,-122.40531,4.6029776193668726,"restaurant,food services,bayview hunters point",registered_businesses,False
biz_1381460-02-251,The Deccan House,restaurant,1.3323771350361646,26.81268517553404,8.0,22.0,37.754685,-122.421213,4.4489646810930905,"restaurant,food services,mission",registered_businesses,False
biz_1260662-09-201,The Deli Lama,restaurant,1.8424550014526675,35.36430195682883,8.0,22.0,37.746468,-122.3971425,4.237730381701624,"restaurant,food services,bayview hunters point",registered_businesses,False
rest_1134612-01-171,The Dosa Brothers,restaurant,1.5,47.410153797931756,11.0,22.0,37.789398,-122.401836,4.2,"food,restaurant",base_pois,False
rest_1328344-03-231,The East Cut Farmers' Market,restaurant,1.5,43.783657338108014,11.0,22.0,37.789812,-122.392962,4.2,"food,restaurant",base_pois,False
biz_1348867-12-231,The Edge,restaurant,1.4185861255545338,44.14599244371762,8.0,22.0,37.760643,-122.435919,4.380550427241615,"restaurant,food services,castro/upper market",registered_businesses,False
muni_4504,The Embarcadero&Broadway SW-FS/SI,transport,0.1,0.0,0.0,24.0,37.798901,-122.397434,3.5,"muni,transit,stop",base_pois,False
muni_4509,The Embarcadero&Folsom St S-FS/SI,transport,0.1,0.0,0.0,24.0,37.790481,-122.389692,3.5,"muni,transit,stop",base_pois,False
muni_4520,The Embarcadero&Howard St SW-FS/SB,transport,0.1,0.0,0.0,24.0,37.792159,-122.391066,3.5,"muni,transit,stop",base_pois,False
landmark_032,The Fillmore,nightlife,2.6409823233560323,40.0,20.0,2.0,37.7841,-122.4331,4.796908598180281,"venue,music,concert,nightlife,historic",sf_landmarks_curated,False
rest_1337420-07-231,The Foundry SF,restaurant,1.5,42.05406365484013,11.0,22.0,37.772271,-122.412924,4.2,"food,restaurant",base_pois,False
biz_1143173-04-171,The Game Day Truck,restaurant,1.3397359477490305,14.753056178836042,8.0,22.0,37.532426988,-122.289828017,4.214102891792393,"restaurant,food services,nan",registered_businesses,False
biz_1305673-05-221,The Geez Freeze,restaurant,1.499280256974148,44.50001770574208,8.0,22.0,37.726596,-122.3656245,4.062981766688795,"restaurant,food services,bayview hunters point",registered_businesses,False
rest_1388705-05-251,The Green Heron,restaurant,1.5,25.203047068022556,11.0,22.0,37.769553,-122.44896,4.2,"food,restaurant",base_pois,False
rest_1201560-09-181,The Grubbies,restaurant,1.5,22.594916677873908,11.0,22.0,37.794132,-122.3992305,4.2,"food,restaurant",base_pois,False
biz_1206370-11-181,The Himalayan Momo,restaurant,1.500209649313352,43.49730191401227,8.0,22.0,37.801934009,-122.274838994,3.711796117487938,"restaurant,food services,nan",registered_businesses,False
biz_1041362-10-151,The Hunted,restaurant,1.5482733178581887,31.93288289342903,8.0,22.0,37.773936,-122.4006795,4.683845295882278,"restaurant,food services,south of market",registered_businesses,False
landmark_036,The Independent,nightlife,2.887885772791953,30.0,20.0,2.0,37.7756,-122.4372,4.701419659810625,"venue,music,concert,nightlife,indie",sf_landmarks_curated,False
biz_1192436-06-181,The Italian Homemade Company,restaurant,1.248690380787865,17.90029769163916,8.0,22.0,37.774404,-122.42097,4.219918184816891,"restaurant,food services,hayes valley",registered_businesses,False
rest_1341777-08-231,The K9 Table,restaurant,1.5,37.024045931257184,11.0,22.0,37.760148,-122.487318,4.2,"food,restaurant",base_pois,False
rest_1185806-04-181,The Korean Kitchen,restaurant,1.5,23.26442790045443,11.0,22.0,37.765503,-122.466096,4.2,"food,restaurant",base_pois,False
rest_1326664-03-231,The Light Box Cafe And Catering,restaurant,1.5,47.484582980651744,11.0,22.0,37.790352,-122.3922285,4.2,"food,restaurant",base_pois,False
rest_1216840-03-191,The Little Chihuahua Mexican Restaurant,restaurant,1.5,41.31664399122065,11.0,22.0,37.776582,-122.4026145,4.2,"food,restaurant",base_pois,False
rest_1189375-05-181,The Lucky Pig,restaurant,1.5,49.02180457806485,11.0,22.0,37.784988,-122.41764,4.2,"food,restaurant",base_pois,False
biz_1384667-03-251,The Lunch Box,restaurant,1.9869445812038946,36.65866029723343,8.0,22.0,37.72575,-122.4498825,4.5018562570778,"restaurant,food services,west of twin peaks",registered_businesses,False
rest_1152300-06-171,The Maker's Pantry,restaurant,1.5,14.607696052395662,11.0,22.0,37.796364,-122.427171,4.2,"food,restaurant",base_pois,False
biz_1240335-12-191,The Mango Tree Pub,restaurant,1.2923115434299917,48.540922433795586,8.0,22.0,37.742121,-122.4912285,3.8515818789084575,"restaurant,food services,sunset/parkside",registered_businesses,False
rest_1139803-03-171,The Meatball Bar,restaurant,1.5,16.722400930398116,11.0,22.0,37.790154,-122.4027855,4.2,"food,restaurant",base_pois,False
rest_0396103-01-001,The Napper Tandy,restaurant,1.5,40.69933818641526,11.0,22.0,37.75248,-122.4166005,4.2,"food,restaurant",base_pois,False
biz_1345363-10-231,The Parthenon,restaurant,1.0540543116185992,49.90378733954176,8.0,22.0,37.789182,-122.409846,4.06662011857928,"restaurant,food services,nob hill",registered_businesses,False
rest_1233265-09-191,The Ramp,restaurant,1.5,19.026023965438416,11.0,22.0,37.764830073,-122.38726256,4.2,"food,restaurant",base_pois,False
rest_1359748-05-241,The Red Tail-Theater District,restaurant,1.5,48.37298738489512,11.0,22.0,37.782495,-122.410314,4.2,"food,restaurant",base_pois,False
landmark_045,The Regency Ballroom,nightlife,2.480452552298006,40.0,20.0,2.0,37.7749,-122.4094,4.53746060349682,"venue,music,concert,nightlife,ballroom",sf_landmarks_curated,False
landmark_034,The Saloon,nightlife,2.046455164693517,10.0,20.0,2.0,37.7975,-122.4067,4.368020590668921,"bar,blues,music,nightlife,historic",sf_landmarks_curated,False
rest_1395591-07-251,The San Francisco School,restaurant,1.5,10.44910619392329,11.0,22.0,37.732788,-122.411709,4.2,"food,restaurant",base_pois,False
biz_1047358-12-151,The Sandwich Shop,restaurant,1.705240058791838,40.62982242066377,8.0,22.0,37.763514,-122.388498,4.377415466409469,"restaurant,food services,potrero hill",registered_businesses,False
biz_1153712-07-171,The Sandwich Spot,restaurant,1.5562184527241745,32.028602502361224,8.0,22.0,37.799685,-122.439564,4.209828266506074,"restaurant,food services,marina",registered_businesses,False
biz_0434512-03-001,The Shell Station,restaurant,1.3802355838993043,32.22567235112141,8.0,22.0,37.766124,-122.446467,4.569897593412734,"restaurant,food services,haight ashbury",registered_businesses,False
rest_1268192-01-211,The Sherwood,restaurant,1.5,15.010447751033634,11.0,22.0,37.738836,-122.4675945,4.2,"food,restaurant",base_pois,False
biz_1160565-09-171,The Sini,restaurant,1.3991953026577906,11.619415702496312,8.0,22.0,37.791171,-122.4039015,4.211639368331966,"restaurant,food services,financial district/south beach",registered_businesses,False
biz_1309099-07-221,The Sweet Tong Llc,restaurant,1.0121409009220437,27.684335640574186,8.0,22.0,37.777617,-122.4875385,4.312453831639134,"restaurant,food services,outer richmond",registered_businesses,False
biz_1219395-04-191,The Tea Box,restaurant,1.2782171517213896,16.062506194501413,8.0,22.0,37.776213,-122.417316,4.657738572189142,"restaurant,food services,south of market",registered_businesses,False
biz_1395981-07-251,The Uncreamery,restaurant,1.8007129735545269,27.263202714200965,8.0,22.0,37.781838,-122.4157095,4.154692241363325,"restaurant,food services,tenderloin",registered_businesses,False
biz_1286692-09-211,The Vitamin Shoppe,restaurant,1.6199159801841052,43.58966249693431,8.0,22.0,37.766475,-122.410422,4.146550784537511,"restaurant,food services,mission",registered_businesses,False
biz_1378928-01-251,The Waffle Roost #3,restaurant,1.7397700265661502,17.29780767043792,8.0,22.0,37.805508,-122.4319545,3.7196238673628406,"restaurant,food services,marina",registered_businesses,False
landmark_044,The Warfield,nightlife,2.961215261884613,45.0,20.0,2.0,37.7843,-122.4094,4.155671086119908,"venue,music,concert,nightlife,historic",sf_landmarks_curated,False
rest_1228019-07-191,The Wild Bunny's Vegan Jerky,restaurant,1.5,44.55349428187811,11.0,22.0,37.786158,-122.4119295,4.2,"food,restaurant",base_pois,False
rest_1296833-02-221,The Wingpro,restaurant,1.5,17.767679406922184,11.0,22.0,37.727568,-122.365044,4.2,"food,restaurant",base_pois,False
rest_1365071-06-241,Thira LLC,restaurant,1.5,39.68759297013953,11.0,22.0,37.75095,-122.388138,4.2,"food,restaurant",base_pois,False
rest_1298646-02-221,Third Culture Bakery,restaurant,1.5,35.18160543914364,11.0,22.0,37.754019,-122.4210195,4.2,"food,restaurant",base_pois,False
muni_7382,Third Street&Mariposa St. SW-FS/SB,transport,0.1,0.0,0.0,24.0,37.764177,-122.388945,3.5,"muni,transit,stop",base_pois,False
muni_7760,Thornton Dr&Scotia Ave SE-NS/SB,transport,0.1,0.0,0.0,24.0,37.731668,-122.399464,3.5,"muni,transit,stop",base_pois,False
rest_1356659-03-241,Thryve,restaurant,1.5,47.33820128313298,11.0,22.0,37.772919,-122.4194085,4.2,"food,restaurant",base_pois,False
rest_1342918-09-231,Thymely Sf LLC,restaurant,1.5,41.52587340560102,11.0,22.0,37.72494,-122.392467,4.2,"food,restaurant",base_pois,False
rest_1346005-11-231,Tierra Caliente,restaurant,1.5,27.718745778282962,11.0,22.0,37.746558,-122.4013725,4.2,"food,restaurant",base_pois,False
rest_1163877-10-171,Tiger Tong LLC,restaurant,1.5,20.324181198204958,11.0,22.0,37.793961,-122.4072135,4.2,"food,restaurant",base_pois,False
rest_1236073-10-191,Tin Cactus,restaurant,1.5,21.200739254692774,11.0,22.0,37.791325843,-122.403760843,4.2,"food,restaurant",base_pois,False
rest_1271026-03-211,Tin On Kearny,restaurant,1.5,14.367173892323624,11.0,22.0,37.791522,-122.4039735,4.2,"food,restaurant",base_pois,False
rest_1353872-02-241,Toast N Egg,restaurant,1.5,16.00840407945081,11.0,22.0,37.763784,-122.477796,4.2,"food,restaurant",base_pois,False
rest_1331636-05-231,Today Food,restaurant,1.5,22.15807899456714,11.0,22.0,37.793643008,-122.404819011,4.2,"food,restaurant",base_pois,False
park_197,Topaz Open Space,park,1.5,0.0,6.0,22.0,37.74171232,-122.43616701,4.0,"park,Neighborhood Park or Playground",base_pois,False
muni_6702,Topeka Ave&Bridge View Dr E-Ns,transport,0.32593415491094213,0.0,5.0,24.0,37.7333,-122.39762,4.1172990091732045,"transport,muni,transit",muni_stops,True
rest_1345853-11-231,Totopo Mexican Food,restaurant,1.5,33.45495198159493,11.0,22.0,37.764459,-122.432373,4.2,"food,restaurant",base_pois,False
muni_8110,Townsend & Lusk E-FS/BZ,transport,0.1,0.0,0.0,24.0,37.778,-122.393748,3.5,"muni,transit,stop",base_pois,False
muni_8109,Townsend & Lusk E-NS/BZ,transport,0.1,0.0,0.0,24.0,37.777875,-122.393908,3.5,"muni,transit,stop",base_pois,False
biz_0380106-01-001,Toyo Japanese Restaurant,restaurant,1.0975447067729827,42.82838155055784,8.0,22.0,37.733013,-122.4895995,3.8696589820886826,"restaurant,food services,sunset/parkside",registered_businesses,False
muni_7948,Transit Center Bay 29 S-MB/SI,transport,0.1,0.0,0.0,24.0,37.78999,-122.39605,3.5,"muni,transit,stop",base_pois,False
muni_7916,Transit Center Bay D,transport,0.1,0.0,0.0,24.0,37.789975,-122.395206,3.5,"muni,transit,stop",base_pois,False
rest_1268130-01-211,Treats By The Bay,restaurant,1.5,20.95725884156263,11.0,22.0,37.768338,-122.427576,4.2,"food,restaurant",base_pois,False
sfo_3424,Trillium Cng Station - 2,airport,3.221805586982566,0.0,0.0,24.0,37.60455839400004,-122.37944790199998,4.70010509997755,"airport,airport (sfo)",sfo_facilities,False
biz_0424426-01-001,Tropisueno,restaurant,1.8568603919165705,12.759238420408131,8.0,22.0,37.785537,-122.404113,4.2976137330134705,"restaurant,food services,financial district/south beach",registered_businesses,False
rest_1131055-12-161,Truck Stop,restaurant,1.5,29.051366814999824,11.0,22.0,37.790172,-122.3975565,4.2,"food,restaurant",base_pois,False
biz_1272394-03-211,Truly Food & More,restaurant,1.7895582040006557,12.881993012005642,8.0,22.0,37.721781,-122.432355,4.1941442601997965,"restaurant,food services,excelsior",registered_businesses,False
rest_0434710-02-001,Tsunami Panhandle,restaurant,1.5,39.33779027322593,11.0,22.0,37.776978,-122.4385245,4.2,"food,restaurant",base_pois,False
rest_1259127-09-201,Tsunami Panhandle,restaurant,1.5,38.46492861313049,11.0,22.0,37.776987,-122.438556,4.2,"food,restaurant",base_pois,False
rest_1213829-02-191,Tsuta Ramen,restaurant,1.5,35.29607289128613,11.0,22.0,37.783998,-122.403366,4.2,"food,restaurant",base_pois,False
biz_0440965-01-001,Tuk Tuk Thai Sf,restaurant,1.6166389313959508,20.9595881361241,8.0,22.0,37.720920052,-122.478192754,3.912101616648011,"restaurant,food services,lakeshore",registered_businesses,False
rest_1164480-10-171,Tun Myanmar,restaurant,1.5,15.911438161109713,11.0,22.0,37.738341,-122.4237195,4.2,"food,restaurant",base_pois,False
park_192,Turk & Hyde Mini Park,park,1.5,0.0,6.0,22.0,37.78273207,-122.4159536,4.0,"park,Mini Park",base_pois,False
muni_6709,Turk St&Arguello Blvd SE-FS/BZ,transport,0.1,0.0,0.0,24.0,37.77715,-122.45818,3.5,"muni,transit,stop",base_pois,False
muni_6716,Turk St&Central Ave NE-NS/SB,transport,0.1,0.0,0.0,24.0,37.778914,-122.445246,3.5,"muni,transit,stop",base_pois,False
muni_6717,Turk St&Central Ave SW-NS/SB,transport,0.1,0.0,0.0,24.0,37.778762,-122.445441,3.5,"muni,transit,stop",base_pois,False
muni_6715,Turk St&Chabot Ter SE-FS/BZ,transport,0.1,0.0,0.0,24.0,37.778012,-122.451367,3.5,"muni,transit,stop",base_pois,False
muni_6728,Turk St&Parker Ave Sw-Ns/Bz,transport,0.22005022632749938,0.0,5.0,24.0,37.777754,-122.453476,3.618704080715773,"transport,muni,transit",muni_stops,True
biz_0442835-01-001,Turtle Tower Restaurant,restaurant,1.2325530152036759,17.675074159808982,8.0,22.0,37.783836,-122.417955,4.202700521214004,"restaurant,food services,tenderloin",registered_businesses,False
landmark_033,Twin Peaks Tavern,nightlife,2.7993522703272737,15.0,20.0,2.0,37.7749,-122.4294,4.374909730650775,"bar,lgbtq,nightlife,historic",sf_landmarks_curated,False
park_77,Twin Peaks,park,1.5,0.0,6.0,22.0,37.75271359,-122.44749601,4.0,"park,Regional Park",base_pois,False
landmark_019,Twin Peaks,landmark,1.3000626352919404,0.0,6.0,22.0,37.7544,-122.4477,4.500748322799989,"landmark,viewpoint,panoramic,scenic",sf_landmarks_curated,False
rest_1198093-08-181,Twisted Dough,restaurant,1.5,47.0578800109703,11.0,22.0,37.781244,-122.408163,4.2,"food,restaurant",base_pois,False
biz_1273419-04-211,Tyger'S Coffee Shop,restaurant,1.8519650356015909,40.53198631537787,8.0,22.0,37.734633,-122.4340875,3.813675013617811,"restaurant,food services,glen park",registered_businesses,False
biz_1280234-06-211,Ube Mami Llc,restaurant,1.1549851781060567,18.543927909934986,8.0,22.0,37.726596,-122.3656245,4.260849729100135,"restaurant,food services,bayview hunters point",registered_businesses,False
biz_1167876-11-171,Ubereats,restaurant,1.4095023368643886,26.48503134151337,8.0,22.0,37.775862,-122.418054,3.735439334471866,"restaurant,food services,south of market",registered_businesses,False
muni_7356,UCSF Medical Center (Mariposa) OB NE-FS/SI,transport,0.1,0.0,0.0,24.0,37.764391,-122.388853,3.5,"muni,transit,stop",base_pois,False
muni_8039,Ulloa & Claremont Nw-Fs/Ps,transport,0.32288853677685464,0.0,5.0,24.0,37.740759,-122.465411,3.30236638756927,"transport,muni,transit",muni_stops,True
muni_7976,Ulloa St&West Portal Ave Se-Fs/Bz,transport,0.3260080682798032,0.0,5.0,24.0,37.740733,-122.46564,3.60554666535936,"transport,muni,transit",muni_stops,True
biz_1053495-02-161,Ulloas Cleaning,restaurant,1.0424579528280984,23.978201841688488,8.0,22.0,37.69976301,-122.485192997,4.322345984734603,"restaurant,food services,nan",registered_businesses,False
rest_1352833-02-241,Umami Sushi Inc,restaurant,1.5,10.073622697510055,11.0,22.0,37.782234,-122.4862785,4.2,"food,restaurant",base_pois,False
park_957477,UN Plaza,park,1.5,0.0,6.0,22.0,37.78008694,-122.4139491,4.0,"park,Civic Plaza or Square",base_pois,False
rest_0471778-01-001,Uncle Benny's Donut & Bagel,restaurant,1.5,47.647710276425364,11.0,22.0,37.76319,-122.4800055,4.2,"food,restaurant",base_pois,False
biz_1152215-06-171,Uncle Joe,restaurant,1.445732663359733,25.805256734362754,8.0,22.0,37.748403,-122.4785115,4.560203149501066,"restaurant,food services,sunset/parkside",registered_businesses,False
biz_1215944-03-191,Uncle Lee Cafe,restaurant,1.835862971269293,17.398310940385045,8.0,22.0,37.775916,-122.4976365,3.874516357459124,"restaurant,food services,outer richmond",registered_businesses,False
rest_1294242-12-211,Underdogs Cantina,restaurant,1.5,10.655304339183825,11.0,22.0,37.779507,-122.3907255,4.2,"food,restaurant",base_pois,False
rest_1346856-11-231,Union Square Pizza & Kitchen,restaurant,1.5,13.464786554071809,11.0,22.0,37.786356,-122.4095355,4.2,"food,restaurant",base_pois,False
muni_7874,Union Square/Market St Station,transport,0.1,0.0,0.0,24.0,37.787133,-122.406523,3.5,"muni,transit,stop",base_pois,False
park_135,Union Square,park,1.5,0.0,6.0,22.0,37.78793628,-122.40751369,4.0,"park,Civic Plaza or Square",base_pois,False
landmark_028,Union Square,shopping,2.3654903652778785,0.0,6.0,22.0,37.7879,-122.4075,4.602457114332173,"shopping,plaza,retail,central",sf_landmarks_curated,False
muni_6748,Union St&Buchanan St Sw-Ns/Bz,transport,0.17559056283760124,0.0,5.0,24.0,37.797427,-122.432302,3.412080155097371,"transport,muni,transit",muni_stops,True
muni_6755,Union St&Fillmore St SE-FS/BZ,transport,0.1,0.0,0.0,24.0,37.797043,-122.435328,3.5,"muni,transit,stop",base_pois,False
muni_6756,Union St&Gough St Ne-Ns/Bz,transport,0.1780248081066055,0.0,5.0,24.0,37.798211,-122.427177,3.6805685367945005,"transport,muni,transit",muni_stops,True
muni_6760,Union St&Hyde St Ne-Ns,transport,0.17251375944553993,0.0,5.0,24.0,37.799271,-122.418956,3.632206873346153,"transport,muni,transit",muni_stops,True
muni_6763,Union St&Jones St SW-NS/BZ,transport,0.1,0.0,0.0,24.0,37.799538,-122.41586,3.5,"muni,transit,stop",base_pois,False
muni_6770,Union St&Laguna St Ne-Ns/Bz,transport,0.2139451633562483,0.0,5.0,24.0,37.797792,-122.430456,3.236804234222084,"transport,muni,transit",muni_stops,True
muni_6771,Union St&Laguna St SW-NS/BZ,transport,0.1,0.0,0.0,24.0,37.797641,-122.430651,3.5,"muni,transit,stop",base_pois,False
muni_6766,Union St&Larkin St Ne-Ns/Bz,transport,0.2888896168866535,0.0,5.0,24.0,37.799066,-122.420607,3.7769193348709402,"transport,muni,transit",muni_stops,True
muni_6768,Union St&Leavenworth St Nw-Fs/Ps,transport,0.19844815319310316,0.0,5.0,24.0,37.799449,-122.417545,3.972614748318613,"transport,muni,transit",muni_stops,True
muni_6773,Union St&Mason St Ne-Ns/Bz,transport,0.17837123327542795,0.0,5.0,24.0,37.800108,-122.412374,3.323406124471052,"transport,muni,transit",muni_stops,True
muni_6775,Union St&Montgomery St NW-FS/PS,transport,0.1,0.0,0.0,24.0,37.801087,-122.404474,3.5,"muni,transit,stop",base_pois,False
muni_6776,Union St&Montgomery St SW-NS/SB,transport,0.1,0.0,0.0,24.0,37.800962,-122.404508,3.5,"muni,transit,stop",base_pois,False
muni_6778,Union St&Pierce St Sw-Ns/Bz,transport,0.15623692967666267,0.0,5.0,24.0,37.796589,-122.438883,3.4803160519401555,"transport,muni,transit",muni_stops,True
muni_6780,Union St&Polk St Sw-Ns/Bz,transport,0.22871961956937575,0.0,5.0,24.0,37.798683,-122.42243,3.688812943994025,"transport,muni,transit",muni_stops,True
muni_6785,Union St&Taylor St SW-NS/PS,transport,0.1,0.0,0.0,24.0,37.799743,-122.41422,3.5,"muni,transit,stop",base_pois,False
muni_6786,Union St&Van Ness Ave Nw-Fs/Bz,transport,0.377154443128753,0.0,5.0,24.0,37.798585,-122.424241,4.049711963370583,"transport,muni,transit",muni_stops,True
sfo_3417,United Airlines Structures - 585,airport,4.256765754373791,0.0,0.0,24.0,37.61672581700003,-122.39671556099997,4.010821011965979,"airport,airport (sfo)",sfo_facilities,False
muni_6788,University St&Bacon St NW-NS,transport,0.1,0.0,0.0,24.0,37.72514,-122.41354,3.5,"muni,transit,stop",base_pois,False
muni_6792,University St&Felton St SE-NS,transport,0.1,0.0,0.0,24.0,37.72739,-122.41439,3.5,"muni,transit,stop",base_pois,False
rest_0390417-01-001,Univrsl Accntng/Bookkeeping Sl,restaurant,1.5,10.877090119107685,11.0,22.0,37.718433,-122.4617445,4.2,"food,restaurant",base_pois,False
biz_1034231-07-151,Upper Cut,restaurant,1.1969595426200264,29.404285106484032,8.0,22.0,37.742616,-122.4913635,4.146212708557218,"restaurant,food services,sunset/parkside",registered_businesses,False
park_22,Upper Noe Rec Center,park,1.5,0.0,6.0,22.0,37.74243925,-122.42784323,4.0,"park,Neighborhood Park or Playground",base_pois,False
biz_1207467-12-181,Urban Bowls,restaurant,1.5304411796030788,20.327470874687172,8.0,22.0,37.778049,-122.4222705,4.24959529015661,"restaurant,food services,hayes valley",registered_businesses,False
rest_0382350-03-001,Utopia Cafe,restaurant,1.5,36.93041490868904,11.0,22.0,37.794699,-122.4071055,4.2,"food,restaurant",base_pois,False
rest_1159129-08-171,Vagabond,restaurant,1.5,26.11912926696923,11.0,22.0,37.77966,-122.3952435,4.2,"food,restaurant",base_pois,False
muni_6841,Van Dyke Ave&Keith St E-Ns,transport,0.22100145408395575,0.0,5.0,24.0,37.72808,-122.39042,3.7894922631413874,"transport,muni,transit",muni_stops,True
muni_6819,Van Ness &North Point W-Mb/Bz,transport,0.3146897473016939,0.0,5.0,24.0,37.80485,-122.42546,3.2904952048935785,"transport,muni,transit",muni_stops,True
muni_6806,Van Ness Ave&Bay St Ne-Fs/Bz,transport,0.18820331601305185,0.0,5.0,24.0,37.804287,-122.424996,3.4465360997515213,"transport,muni,transit",muni_stops,True
muni_8103,Van Ness Ave&Eddy St NS-N/SI,transport,0.1,0.0,0.0,24.0,37.782917,-122.420865,3.5,"muni,transit,stop",base_pois,False
muni_8090,Van Ness Ave&Eddy St Ns-S/Si,transport,0.25103863390331904,0.0,5.0,24.0,37.782854,-122.420785,3.459926764294245,"transport,muni,transit",muni_stops,True
muni_8099,Van Ness Ave&Jackson St NS-N/SI,transport,0.1,0.0,0.0,24.0,37.793963,-122.423096,3.5,"muni,transit,stop",base_pois,False
muni_8105,Van Ness Ave&Market St NS-N/SI,transport,0.1,0.0,0.0,24.0,37.775172,-122.419309,3.5,"muni,transit,stop",base_pois,False
muni_8104,Van Ness Ave&Mcallister St Ns-N/Si,transport,0.1954538632309429,0.0,5.0,24.0,37.780097,-122.420304,3.2575454841845435,"transport,muni,transit",muni_stops,True
muni_6820,Van Ness Ave&No. Point St NW-NS/BZ,transport,0.1,0.0,0.0,24.0,37.805072,-122.42542,3.5,"muni,transit,stop",base_pois,False
muni_8100,Van Ness Ave&Sacramento St Ns-N/Si,transport,0.3711525006625701,0.0,5.0,24.0,37.791313,-122.42257,3.3054690395348523,"transport,muni,transit",muni_stops,True
muni_8098,Van Ness Ave&Vallejo St Ns-N/Si,transport,0.20025403716938997,0.0,5.0,24.0,37.79672,-122.423657,3.4674014402701174,"transport,muni,transit",muni_stops,True
biz_1226763-07-191,Vega Pizzeria,restaurant,1.5111437634299432,46.90653769228217,8.0,22.0,37.739358,-122.4174375,4.201330715112925,"restaurant,food services,bernal heights",registered_businesses,False
biz_0441551-01-001,Venga Empanadas,restaurant,1.7565030477273105,27.290678743413096,8.0,22.0,37.765854,-122.421672,4.458446541984725,"restaurant,food services,mission",registered_businesses,False
biz_1337524-07-231,Vette Plant Based Food,restaurant,1.7728950870948577,27.41389665217794,8.0,22.0,37.788309,-122.413725,4.409892022693564,"restaurant,food services,nob hill",registered_businesses,False
rest_0358895-01-001,Via Veneto,restaurant,1.5,19.991047304742388,11.0,22.0,37.790478,-122.4338895,4.2,"food,restaurant",base_pois,False
muni_6835,Vicente St&30th Ave SE-FS/BZ,transport,0.1,0.0,0.0,24.0,37.738765,-122.487131,3.5,"muni,transit,stop",base_pois,False
muni_6837,Vicente St&West Portal Dr E-NS,transport,0.1,0.0,0.0,24.0,37.73968,-122.46677,3.5,"muni,transit,stop",base_pois,False
park_169,Victoria Manalo Draves Park,park,1.5,0.0,6.0,22.0,37.77700902,-122.40597932,4.0,"park,Neighborhood Park or Playground",base_pois,False
biz_1285973-09-211,Victory Hall & Parlor,restaurant,1.2062729034053459,14.970258462174822,8.0,22.0,37.778832,-122.394078,4.140057246776602,"restaurant,food services,south of market",registered_businesses,False
biz_1304373-05-221,Vietnam House,restaurant,1.792023242829773,30.837167347512057,8.0,22.0,37.783485,-122.4183015,4.358960834566483,"restaurant,food services,tenderloin",registered_businesses,False
rest_0314435-01-001,Vikings Giant Submarine,restaurant,1.5,11.43718661455534,11.0,22.0,37.80144,-122.424966,4.2,"food,restaurant",base_pois,False
muni_6845,Visitacion Ave&Britton St E-NS/SB,transport,0.1,0.0,0.0,24.0,37.712765,-122.412371,3.5,"muni,transit,stop",base_pois,False
muni_6853,Visitacion Ave&Sawyer St Sw-Ns/Ps,transport,0.16164028793219656,0.0,5.0,24.0,37.71324,-122.41453,3.474353513447855,"transport,muni,transit",muni_stops,True
park_177,Visitacion Valley Greenway,park,1.5,0.0,6.0,22.0,37.71477443,-122.40614491,4.0,"park,Neighborhood Park or Playground",base_pois,False
rest_1389119-05-251,Vital House,restaurant,1.5,38.48031423409515,11.0,22.0,37.776582,-122.4026145,4.2,"food,restaurant",base_pois,False
biz_1145471-05-171,Vitality Bowls,restaurant,1.9319443692299965,44.74590413251106,8.0,22.0,37.780515,-122.4039825,4.111933741262558,"restaurant,food services,south of market",registered_businesses,False
rest_1026855-04-151,Vive La Tarte,restaurant,1.5,27.11253094223927,11.0,22.0,37.77705,-122.410998,4.2,"food,restaurant",base_pois,False
sfo_3357,W Field Rd Airtrain (Inbound) - 677A,airport,2.9890731515036117,0.0,0.0,24.0,37.62159865500007,-122.39953742899996,4.846237030720035,"airport,airport (sfo)",sfo_facilities,False
rest_1204367-10-181,Walking Fish,restaurant,1.5,45.49556570789938,11.0,22.0,37.771938,-122.4301455,4.2,"food,restaurant",base_pois,False
landmark_006,Walt Disney Family Museum,museum,2.489926951693918,25.0,9.0,17.0,37.8011,-122.4586,4.145789476850782,"museum,disney,history",sf_landmarks_curated,False
park_4,Walter Haas Playground,park,1.5,0.0,6.0,22.0,37.74058745,-122.43438377,4.0,"park,Neighborhood Park or Playground",base_pois,False
park_11557,War Memorial & Opera House,park,1.5,0.0,6.0,22.0,37.77911127,-122.42088424,4.0,"park,Other Non-Park Property",base_pois,False
landmark_030,War Memorial Opera House,landmark,1.9411530856069572,50.0,6.0,22.0,37.7791,-122.4209,3.9549474838776315,"theater,opera,performing arts,civic center",sf_landmarks_curated,False
muni_6913,Warren Dr&Locksley Ave NE-NS/PS,transport,0.1,0.0,0.0,24.0,37.758694,-122.463135,3.5,"muni,transit,stop",base_pois,False
muni_6914,Warren Dr&Oakpark Dr SW-FS/SB,transport,0.1,0.0,0.0,24.0,37.75534,-122.45635,3.5,"muni,transit,stop",base_pois,False
park_144,Wash. & Hyde MP,park,1.5,0.0,6.0,22.0,37.79400105,-122.41741052,4.0,"park,Mini Park",base_pois,False
park_147,Washington Square,park,1.5,0.0,6.0,22.0,37.80083622,-122.41005302,4.0,"park,Civic Plaza or Square",base_pois,False
muni_6921,Washington St&Larkin St SW-NS/PS,transport,0.1,0.0,0.0,24.0,37.79341,-122.4198,3.5,"muni,transit,stop",base_pois,False
muni_6929,Washington St&Taylor St S-MI,transport,0.1,0.0,0.0,24.0,37.794255,-122.413008,3.5,"muni,transit,stop",base_pois,False
sfo_3374,Water Tanks Pump Building  - 1077,airport,3.8900767756198364,0.0,0.0,24.0,37.62572605900005,-122.37969277399998,4.450001327054564,"airport,airport (sfo)",sfo_facilities,False
biz_1382512-03-251,Wayfare Tavern,restaurant,1.10081137780178,36.33977219229008,8.0,22.0,37.792071,-122.400027,4.129657502023575,"restaurant,food services,financial district/south beach",registered_businesses,False
rest_1353481-02-241,West Bay Kitchen,restaurant,1.5,44.511946600038414,11.0,22.0,37.781268008,-122.431914016,4.2,"food,restaurant",base_pois,False
sfo_3367,West Field Cargo Building - 648,airport,4.272436626778807,0.0,0.0,24.0,37.62418478400008,-122.39464477099996,4.353000224620801,"airport,airport (sfo)",sfo_facilities,False
sfo_3406,West Field Employee Parking Garage - 638,airport,3.664334136489157,0.0,0.0,24.0,37.622967241000026,-122.39459315099998,4.341330796019435,"airport,airport (sfo)",sfo_facilities,False
muni_6896,West Portal Ave&14Th Ave S-Ns/Sb,transport,0.2797326088105353,0.0,5.0,24.0,37.73785,-122.469145,3.3895360544267827,"transport,muni,transit",muni_stops,True
muni_7205,West Portal Ave&Sloat Blvd NE-FS/PS,transport,0.1,0.0,0.0,24.0,37.735039,-122.471343,3.5,"muni,transit,stop",base_pois,False
park_68,West Portal Playground,park,1.5,0.0,6.0,22.0,37.74183821,-122.46507956,4.0,"park,Neighborhood Park or Playground",base_pois,False
muni_6740,West Portal Station E-FS,transport,0.1,0.0,0.0,24.0,37.741518,-122.465216,3.5,"muni,transit,stop",base_pois,False
park_91,West Sunset Playground,park,1.5,0.0,6.0,22.0,37.74902491,-122.49809427,4.0,"park,Neighborhood Park or Playground",base_pois,False
park_11490,Western Addition Branch Library,park,1.5,0.0,6.0,22.0,37.78422288,-122.43757876,4.0,"park,Library",base_pois,False
rest_0455103-01-001,Western Donut #2,restaurant,1.5,45.82765861367639,11.0,22.0,37.716921,-122.440338,4.2,"food,restaurant",base_pois,False
rest_1219970-04-191,Westwood,restaurant,1.5,10.989245051048224,11.0,22.0,37.800252,-122.435487,4.2,"food,restaurant",base_pois,False
park_123631,White Crane Springs,park,1.5,0.0,6.0,22.0,37.75662603,-122.46316869,4.0,"park,Community Garden",base_pois,False
rest_1204728-11-181,Wicked Star,restaurant,1.5,43.875710884880434,11.0,22.0,37.771594,-122.388589,4.2,"food,restaurant",base_pois,False
muni_6945,Wilde Ave&Delta St E-Ns/Ps,transport,0.21221993203696973,0.0,5.0,24.0,37.71782,-122.40718,3.44510150268531,"transport,muni,transit",muni_stops,True
muni_6968,Williams Ave&3rd St N-FS,transport,0.1,0.0,0.0,24.0,37.72938,-122.39295,3.5,"muni,transit,stop",base_pois,False
park_139,Willie Woo Woo Wong Playground,park,1.5,0.0,6.0,22.0,37.79358112,-122.40718879,4.0,"park,Neighborhood Park or Playground",base_pois,False
rest_1332022-05-231,Win's Restaurant,restaurant,1.5,27.971165615068667,11.0,22.0,37.742274,-122.4990315,4.2,"food,restaurant",base_pois,False
rest_1149231-06-171,Wine Bar,restaurant,1.5,15.045309901929866,11.0,22.0,37.786797,-122.4073755,4.2,"food,restaurant",base_pois,False
rest_1256206-07-201,Wing Stop,restaurant,1.5,23.035450471928456,11.0,22.0,37.73682,-122.40531,4.2,"food,restaurant",base_pois,False
muni_6954,Winston Dr&Lake Merced Blvd Ne-Ns,transport,0.1597396973540308,0.0,5.0,24.0,37.727122,-122.483299,3.575178635454432,"transport,muni,transit",muni_stops,True
muni_6955,Winston Dr&Lake Merced Blvd SE-FS/BZ,transport,0.1,0.0,0.0,24.0,37.726979,-122.48331,3.5,"muni,transit,stop",base_pois,False
rest_1315891-10-221,Wise Goat Organics,restaurant,1.5,11.79268308157739,11.0,22.0,37.728477,-122.4768375,4.2,"food,restaurant",base_pois,False
rest_1160415-09-171,Wise Sons Delicatessen,restaurant,1.5,44.71826426060967,11.0,22.0,37.777176,-122.4250065,4.2,"food,restaurant",base_pois,False
park_170,Woh Hei Yuen Playground,park,1.5,0.0,6.0,22.0,37.79585942,-122.41033816,4.0,"park,Neighborhood Park or Playground",base_pois,False
biz_1390804-06-251,Wok Up,restaurant,1.0111867530868768,46.1124112606437,8.0,22.0,37.731897,-122.47344,4.0657015514966455,"restaurant,food services,west of twin peaks",registered_businesses,False
biz_1160914-09-171,Wonder Tea Llc,restaurant,1.7604216851846175,27.48791338133335,8.0,22.0,37.763559,-122.4822915,4.479875170200729,"restaurant,food services,sunset/parkside",registered_businesses,False
muni_6979,Woolsey St&Hamilton St Sw-Ns,transport,0.2857666737275621,0.0,5.0,24.0,37.72362,-122.40864,3.547410124755597,"transport,muni,transit",muni_stops,True
rest_1155828-07-171,Word On The Street,restaurant,1.5,12.813838920219965,11.0,22.0,37.726596,-122.3656245,4.2,"food,restaurant",base_pois,False
rest_1143910-04-171,World Books Journal Co,restaurant,1.5,11.377935359278052,11.0,22.0,37.793511,-122.407668,4.2,"food,restaurant",base_pois,False
biz_1220273-04-191,World O F Noodle,restaurant,1.2738483643602367,21.35538315052127,8.0,22.0,37.755424725,-122.419429632,4.300437229829937,"restaurant,food services,mission",registered_businesses,False
biz_1195280-07-181,Xd Llc / Boba Pink,restaurant,1.317722334809294,14.148520055261653,8.0,22.0,37.750524989,-122.395030038,4.442451121847936,"restaurant,food services,bayview hunters point",registered_businesses,False
park_112,Yacht Harbor and Marina Green,park,1.5,0.0,6.0,22.0,37.80796275,-122.44119806,4.0,"park,Regional Park",base_pois,False
biz_1376328-12-241,Yemeni Kabab Medteranean,restaurant,1.441215504611381,11.889603842196868,8.0,22.0,37.782783,-122.4108675,4.286983619295678,"restaurant,food services,tenderloin",registered_businesses,False
muni_6990,Yerba Buena Ave&Saint Elmo Wy NW-NS,transport,0.1,0.0,0.0,24.0,37.732623,-122.458719,3.5,"muni,transit,stop",base_pois,False
muni_7878,Yerba Buena/Moscone Station,transport,0.1,0.0,0.0,24.0,37.782358,-122.401551,3.5,"muni,transit,stop",base_pois,False
park_27,Yik Oi Huang Peace & Friendship Park Picnic Area,park,1.5,0.0,6.0,22.0,37.71240228,-122.40907319,4.0,"park,Neighborhood Park or Playground",base_pois,False
rest_1264860-12-201,Yilan Bento,restaurant,1.5,38.171531711299785,11.0,22.0,37.79433,-122.403978,4.2,"food,restaurant",base_pois,False
biz_0379047-01-001,Yogi Food Market,restaurant,1.0237565064571865,18.53630173146734,8.0,22.0,37.788471,-122.415453,3.5093311235815645,"restaurant,food services,nob hill",registered_businesses,False
rest_1323743-02-231,Yokai Sf LLC,restaurant,1.5,37.73187191500876,11.0,22.0,37.788687,-122.3983395,4.2,"food,restaurant",base_pois,False
rest_1054486-02-161,Yonkers Cafe Inc,restaurant,1.5,33.78190521354021,11.0,22.0,37.752786,-122.504598,4.2,"food,restaurant",base_pois,False
rest_0455044-01-001,Yoppi Yogurt,restaurant,1.5,15.146293421163499,11.0,22.0,37.784106,-122.406156,4.2,"food,restaurant",base_pois,False
biz_1256487-07-201,Yosoyceviche Llc,restaurant,1.3695716063567578,21.037099175108924,8.0,22.0,37.73682,-122.40531,4.311665378819726,"restaurant,food services,bayview hunters point",registered_businesses,False
park_45,Youngblood-Coleman Playground,park,1.5,0.0,6.0,22.0,37.73877408,-122.38450283,4.0,"park,Neighborhood Park or Playground",base_pois,False
biz_1241962-01-201,Yu San Fong,restaurant,1.479417074805891,41.42252418567993,8.0,22.0,37.754514,-122.4091395,4.017605701466088,"restaurant,food services,mission",registered_businesses,False
rest_1314474-09-221,Yuanbao Jiaozi,restaurant,1.5,19.168484076291957,11.0,22.0,37.763577,-122.4806895,4.2,"food,restaurant",base_pois,False
biz_1254722-07-201,Yucamix,restaurant,1.1749778374874882,38.605651107758504,8.0,22.0,37.786208205,-122.417059871,4.0274711147120135,"restaurant,food services,tenderloin",registered_businesses,False
biz_0324371-01-001,Yummy Yummy Vietnamese Restaur,restaurant,1.4452567055360408,22.48989367230541,8.0,22.0,37.763685,-122.4688095,4.487064106128997,"restaurant,food services,inner sunset",registered_businesses,False
biz_1343429-09-231,Yy Coffee & Tea,restaurant,1.8217730593732004,11.035102683100584,8.0,22.0,37.732068,-122.473503,4.19026769987879,"restaurant,food services,west of twin peaks",registered_businesses,False
biz_1270902-03-211,Zach'S Snax,restaurant,1.4983745470217975,20.037168962855347,8.0,22.0,37.744335,-122.50719,3.6512040633694482,"restaurant,food services,sunset/parkside",registered_businesses,False
rest_1366569-07-241,Zerocater,restaurant,1.5,42.98097435818333,11.0,22.0,37.745613,-122.398875,4.2,"food,restaurant",base_pois,False
rest_1148728-05-171,Zola,restaurant,1.5,49.465605606610985,11.0,22.0,37.75032,-122.4024615,4.2,"food,restaurant",base_pois,False
biz_1362568-05-241,Zona Rosa Mexican Grill,restaurant,1.8118701531875856,41.955520304126416,8.0,22.0,37.763217,-122.433822,4.259787321158365,"restaurant,food services,castro/upper market",registered_businesses,False
